air_temperature_K,process_temperature_K,rotational_speed_rpm,torque_Nm,tool_wear_min,machine_failure,failure_type
298.7316112007285,308.96575902576063,1287.55259894333,51.09933554258646,184,0,None
301.7800011520484,310.32775883796546,1622.3639515866507,46.768801137764584,152,0,None
301.93496172319624,311.67064079462125,1583.1581397891775,29.970315789198416,116,0,None
299.2035045681434,308.04530556070165,1584.5323851327792,38.05622761756874,77,0,None
299.34290437182375,308.79423967627133,1851.185797868134,60.918871212721555,251,0,None
299.7033075113708,307.945767284655,1347.7253397878726,64.36806126269073,73,0,None
301.06232284778764,311.6528016630171,1278.8488862012223,54.70873821801592,102,0,None
304.1234256806668,315.3915763543815,1481.989732759793,50.95010455464177,31,0,None
300.3121125778392,311.32791412471823,1648.0876190923816,27.479360679994922,82,0,None
303.17305531967,311.8078582444109,1590.7774319205646,44.061343276527346,229,0,None
299.6537043823217,308.0617103323239,1380.53378612723,40.48127951091961,114,0,None
299.1773617705057,307.8370965496189,1631.0695279043293,39.15780907972515,30,0,None
299.29738248938304,309.0340033513341,1342.3052244296364,25.798691472336845,152,0,None
301.4869901276225,310.6303954433028,1614.1781189147466,38.672755687462214,11,0,None
298.1293054229744,307.49419962179894,1339.1305708816574,31.986268293442507,167,0,None
300.51119252164995,311.92711783856004,1541.399385759229,47.2079329741097,31,0,None
303.8328042973275,313.7310057570675,1650.0238276828525,42.39097844557141,159,0,None
301.46506088901265,311.2702655410218,1468.9982771549364,45.47156683869579,196,0,None
299.6314741481639,311.11379174424997,1670.2165805382388,54.6973501524229,204,0,None
302.889465290092,313.67340446361743,1219.9558117922043,48.913375786147036,168,0,None
301.1356108402693,309.51518841013706,1565.165455301415,46.79616495663228,88,0,None
295.14235492193905,304.08084132693534,1396.1199944819966,34.72344812075002,176,0,None
297.5459588722029,307.32585344179967,1452.8218814259744,36.28020874318773,167,0,None
302.2852075211937,313.2744450797386,1761.1782046160085,49.99872454462169,150,0,None
298.7929479785411,308.7567556418516,1281.6381844102984,41.73631141122716,79,0,None
300.6040924446381,309.92674061939334,1688.8440787431682,35.04311018975694,32,0,None
297.67073812157065,309.9446893333494,1541.8436990942087,31.037228471693993,78,0,None
302.90454184172074,313.2816756266664,1651.2272855069323,46.50976129560165,92,0,None
298.6082765874704,309.1481863028165,1283.3600974555266,40.03773788422501,227,0,None
298.49075611706917,307.8133234729158,1363.3907812367918,46.557837963062205,167,0,None
299.7622076399404,311.6630516891184,1362.8375296158945,31.716183611549724,14,0,None
297.9618739747744,307.65598843094364,1325.9350256101397,29.938152926235837,127,0,None
302.36507377957656,314.12173910881916,1601.1800564005653,38.8054972930495,196,0,None
299.1787761744714,310.0565699931967,1401.386013803654,48.49410957664952,21,0,None
305.0649641534918,314.69201518208513,1657.9632467826682,44.71174827624062,176,0,None
302.31411705801685,312.73426832822156,1797.2268819613694,49.587746122190225,41,0,None
302.2222975520935,310.5744890458224,1355.645072913561,54.47746814316191,0,0,None
299.07807702543073,308.5776266435351,1096.5559860215244,50.96091748152513,52,0,None
299.3459353533047,308.58613452516676,1260.842650332221,28.73641826916999,236,0,None
299.0660913967875,307.18744446187407,1544.5835557970495,19.429238675318356,68,0,None
300.9106848110833,311.06312241716,1583.0659572745938,37.965897578084466,174,1,Random Failure
298.32786788714793,307.3621466909212,1684.2391945860818,26.350019056862372,19,0,None
297.8301982101749,308.1449117967668,1583.5762883655711,57.132741310851515,242,0,None
304.390871251134,313.9082079139309,1467.6160835084513,34.93324378024769,201,0,None
302.3947177777811,312.69467050451203,1395.2264368828862,16.887606606033728,35,0,None
299.11638820225215,308.61627855264214,1483.8187172306846,35.759265610158835,255,0,None
298.6692669070461,308.206110501229,1361.643737681773,39.720099257686066,32,0,None
295.7765027596756,306.3902602720096,1595.643797363468,47.68847003076036,195,0,None
298.89790543301643,309.9008063145445,1534.2648961247166,37.109320821578976,143,0,None
299.2867402388149,309.36448353226234,1784.4913847758367,45.53029905118895,73,0,None
299.3318779228413,310.4659115901311,1532.8069528223502,29.728985018699667,56,0,None
302.4482151568467,313.42279398255135,1480.9040550209043,39.087787829246174,228,0,None
302.79452470539644,312.2291051075564,1815.312750726361,41.904100212965254,74,0,None
298.7391226843523,307.1583973850603,1600.2995507290607,47.02426614125247,134,0,None
300.37887850396555,308.68374485253446,1585.4526641660486,44.1664567187533,137,0,None
295.0066141341389,305.2126272658512,1262.079794495464,51.67114156812581,169,0,None
302.66631767121436,312.86889248286593,1427.9358121956413,38.922506158869865,22,0,None
301.8059196120449,312.2532589880391,1850.5862579525606,52.77556567620444,174,0,None
302.3812947888528,310.6759431309803,1523.7968532754655,30.802129182379836,15,0,None
303.18767530651195,312.2462706060435,1575.0741628121004,39.7840134406566,46,0,None
297.0722269740498,305.9848979350539,1291.3691153913487,47.14780013462649,128,0,None
299.42180994462296,309.52294759725083,1520.6966121262699,28.258602075637572,230,0,None
301.7155008790748,313.3431609908995,1692.1066198366145,33.69794970757672,174,0,None
301.03902951087304,311.692780357265,1319.974623986496,41.416859329255104,107,0,None
297.71734756875094,306.84245421983445,1421.8685902185748,48.67542106025157,32,0,None
300.22469493940935,309.7896305678961,1135.4807592836082,54.11039251221479,122,0,None
299.82263667986416,309.07727211382013,1317.4122524427498,32.45433113344891,57,0,None
298.3452428070976,307.0370012398838,1723.8481251672806,29.99077391322568,118,0,None
299.1390442581496,309.0096236842684,1588.0109230245114,24.550817386550563,26,0,None
303.04487178417605,313.0034515673567,1614.5302627240533,39.88166153977434,22,0,None
304.3727503351583,314.9728339884028,1408.9418886623578,30.247873869986638,71,0,None
298.5042104517486,307.5199819277585,1497.1885396423993,48.30274198769861,205,0,None
300.71541242957846,311.108336391558,1748.5027732204562,41.382022175501575,58,0,None
300.6255613177414,310.0781556554891,1484.7657510786273,46.60337803889847,241,0,None
299.7050047757136,308.89315887598235,1598.6744955743484,48.6904118221443,155,0,None
302.72045479457245,314.2517116485632,1470.6990582832443,23.238299278008004,35,0,None
299.10897353809725,309.3109676278658,1330.6527726541344,26.892687547258138,249,0,None
298.3080679398494,308.9737044309886,1488.541849011394,34.77931309639778,92,0,None
298.09166384488253,308.9423383830251,1150.4051959996184,44.757980275458415,6,0,None
301.3597580313633,313.22160279932905,1854.7187179159168,46.17931888493637,36,0,None
301.33011216613176,310.3820557430924,1343.6702653160005,33.75768909192863,69,0,None
298.74152044595036,307.9931521016036,1375.115358295871,41.524613449428465,209,0,None
300.0566175660556,307.9385918732707,1575.5581123749273,39.818083780724066,211,0,None
305.01030849005195,314.2767917419687,1453.5913061650426,36.15544501501955,116,0,None
298.3217089867776,307.5846760344102,1277.662000352362,49.55949101991378,85,0,None
296.229864570329,307.30036018951773,1467.313541594904,28.72593903115211,238,0,None
295.47761613838526,304.0200855336998,1512.9387946664265,54.72127308397059,32,0,None
299.98383919772226,308.7160610616068,1969.2898186166735,41.311253990974905,115,0,None
303.1152373473948,314.1810524411416,1146.6997545251222,54.14535567150178,96,0,None
300.0736634483817,310.52701313260064,1288.3520821137595,41.953629700476846,217,0,None
299.20049332029083,309.498464321467,1573.0000483905346,47.768151530033414,173,0,None
298.81637755675035,308.50247196805105,1470.7182505534902,39.816010655006124,222,0,None
298.06629325920255,307.5818601610414,1366.6726196902077,36.5952643278089,188,0,None
297.7086198474499,308.95464827340646,1365.9037105770876,18.701786280741786,95,0,None
296.86661992033345,308.12515196018416,1611.061619258611,47.33612569587157,60,0,None
297.76239459570616,309.0134295429446,1449.3596562819014,51.464747494778706,175,0,None
298.4285219016873,308.0635684816187,1180.8266198618094,43.982358969168516,174,0,None
297.68612072881996,309.00135836894344,1245.9486891038578,41.83837237933199,226,0,None
295.26391761116315,305.7842575359939,1719.9083044793051,43.27804802844698,220,0,None
301.753079259608,311.5526567791859,1591.5752053414399,33.71561657040269,128,0,None
301.71156336749567,311.4085278593907,1558.526288077469,37.051114104432344,144,0,None
300.62174847635066,309.7562952187817,1782.271264320606,48.133116492394166,251,0,None
296.67197307796187,307.01427398881765,1378.2272916107352,28.04643450372655,23,0,None
301.5133501118325,311.3667230481778,1553.1198583479443,44.71575317099035,26,0,None
298.7923612772819,308.1757414893651,1567.336520425406,33.10890040796133,138,1,Heat Dissipation Failure
301.5937788090976,311.041985007082,1395.2448044055081,37.083888750607755,13,0,None
298.0876754178658,309.55625174656967,1642.4829469639333,18.34949676198478,251,0,None
300.1667898484824,310.48220079095995,1603.2165028442075,26.30312390586255,186,0,None
302.0707902226763,313.2837206498964,1589.4310555179864,42.0639020297838,27,0,None
299.39667652481455,311.47250300508153,1448.9703806343969,50.269038160774215,48,0,None
299.1207712723571,309.07582674840904,1882.9693403323008,18.719998254348916,62,0,None
299.51700994806697,307.8419502667438,1671.8074918124341,56.78354083289797,190,0,None
300.4536121964766,311.8579154732229,1528.761310099644,25.804993501127946,208,1,Overstrain Failure
302.510944219108,311.6839406086966,1853.6206381892978,46.343943082608746,185,0,None
303.2835754873262,312.85161186670956,1710.260408112017,41.32833399646282,177,0,None
298.5229842319612,309.1180703461529,1677.4092117987614,37.8874610296872,141,0,None
301.6141854842606,311.3665755155991,1219.513239930759,50.65375866589438,170,0,None
299.60169366421,308.9087140042996,1424.9304933865274,36.89328054490338,158,0,None
299.94247768853063,309.9318714153568,1539.1597151143646,29.22055508247435,213,0,None
298.56537483142506,308.6303906513684,1525.2476951720853,56.28492526079987,248,0,None
301.6866797505796,310.34074425825787,1242.0124367455292,65.18244305175755,46,0,None
297.32705737438073,307.8944240191226,1248.0376252870694,44.30317102950947,242,0,None
303.70897532966495,312.0776145009268,1701.4468114005056,33.608209878757094,218,0,None
298.39061602950386,308.27363022521104,1603.1311250385102,32.81274289598219,37,0,None
296.83271607566184,308.51558912884536,1647.4158710845456,30.160430910684223,102,0,None
300.53531442461804,312.08046394178274,1542.426928805333,24.822422482262215,101,0,None
296.8663779713889,307.1924856056393,1430.1583171214065,50.6810831161976,234,0,None
298.4116395278908,308.7316119642356,1754.2284648961197,54.472286895611724,57,0,None
299.6243103978928,309.3902373155728,1188.4336798827849,26.425033814093815,2,0,None
297.7209778112839,307.5411958831055,1398.0109881496155,39.105882537295074,29,0,None
299.640682311736,311.69192759096893,1769.8936477957923,40.74346046530374,201,0,None
296.17022219728227,306.6497152078454,1123.493181089707,37.43852969995349,165,0,None
299.0347242868789,306.7127464018289,1667.0276935619065,64.29782009977146,220,0,None
297.7901522178481,308.5310284190036,1724.7689187289661,38.24404866043279,207,0,None
302.1436223467501,311.37403777557165,1645.772553351526,21.851584991011798,82,0,None
298.6289328982562,308.1915917377957,1483.0490258362972,32.31496071025927,0,0,None
300.02577199509244,309.6032371221209,1416.7433016741822,59.975233659993876,204,0,None
297.1491534960689,306.7058822268881,1500.5181651484756,39.87211306350417,170,1,Overstrain Failure
299.9470733071461,311.2480102778889,1744.102065705229,35.667861050040244,65,0,None
297.49772341584276,306.8850298477831,1562.9126217446258,46.98975036303772,157,0,None
299.92218128891193,309.46973719255936,999.7201095739368,15.31848743641142,39,0,None
300.8317029487539,310.7880419365313,1433.3637716299127,46.05528130406117,239,0,None
299.33157762097284,307.5299623441926,1679.1504481007873,37.75617936821906,154,0,None
298.6272854267069,309.6938312656738,1475.0056912514985,38.029403940074765,183,0,None
296.0259191869344,304.63782349160715,1495.4900129295945,44.93254689889078,168,0,None
301.702262624007,310.8519681716378,1529.8494605232343,40.89425132849386,129,0,None
301.18588244321,313.55401152639047,1564.4031354604576,28.077829713018012,163,0,None
301.9356092220211,310.73075244791954,1380.7064704816553,39.028980154192055,181,0,None
297.9419750088179,309.6742837047061,1406.481154425759,38.24805716015184,139,0,None
299.3900577765131,307.2893303539104,1694.145315322583,46.02861579884782,133,0,None
299.15391665299035,308.5111306421092,1324.1273597147547,46.573562342243626,33,0,None
299.3070418488868,309.4277360733333,1430.8161301118405,39.36143913917603,123,0,None
305.50681025105456,316.45082005555867,1386.002016416661,40.48291513774897,39,0,None
298.0176257325587,307.0147396880133,1652.0343022843035,39.58271681189002,111,0,None
300.4707723895838,308.49801149590905,1523.1899223142434,25.170398815575048,171,0,None
299.48854250658115,309.3324283391159,1446.9747830517865,39.53742554058986,178,0,None
297.97648282747053,304.9114664167757,1432.2610490141014,50.051953806272174,18,0,None
301.9714410000975,312.1112490864964,1675.040639642086,36.8367955053825,148,0,None
301.7333405015865,312.1670608229303,1369.251333770993,39.07303211871559,112,0,None
299.88923862637023,311.08183032582957,1468.3410306944966,53.70702293802033,177,0,None
299.06742370377737,308.9574740571843,1474.8496700573944,52.11559941497947,97,0,None
294.06918764351406,304.36415297760334,1447.1241851508037,38.927098286364554,150,0,None
299.33807937405714,308.8494507005504,1593.7923795758425,52.58561033549731,1,0,None
299.9296388537183,309.3643956678113,1554.809561346823,44.022228643547926,220,0,None
298.7780145950945,309.58847686112273,1485.9829517471987,36.80434600522874,200,0,None
298.21567337696797,308.0838374213256,1272.0704950515087,57.09883609498635,134,0,None
297.1121737443381,307.2485660570792,1320.0553306350025,53.295459080430604,202,0,None
299.0488421529193,309.8945726097845,1529.6449353009855,43.51792787091358,140,0,None
295.70860989216703,305.830844421074,1239.5947397176292,49.06950993738721,104,0,None
300.84258492706596,310.84850366795047,1489.5961598053868,43.78124744879922,143,0,None
300.66416009616245,310.9356832069081,1525.7967184241572,47.85580948796011,45,0,None
300.86139569012556,312.0588470330395,1331.5817201465472,25.076917211451764,240,0,None
296.9631415248916,308.06994200592493,1492.5558710155562,43.259991075644685,203,0,None
298.95066110672667,306.426055653651,1546.9626622672774,43.43717824978756,100,0,None
299.8803918370309,310.5522156967658,1390.8001940190163,51.082408811363145,211,0,None
301.4815121465089,310.4043788346099,1615.588518201521,41.87687059000593,194,0,None
299.36073338165266,309.0415704868309,1208.763874911606,39.39408744583584,202,0,None
297.3821140584361,308.39739176151454,1336.6472689381549,49.91097980718652,3,0,None
302.20280679702915,311.9581729650392,1514.2597937352493,34.97906072769709,47,0,None
299.3415083186325,310.65017001572073,1649.2859942981715,39.96007398654264,228,0,None
301.15405487664395,310.75743565378326,1224.395150746702,32.16774324445282,20,0,None
298.8010739761511,309.22815928337536,1483.5379426954432,45.356105055353595,154,0,None
302.433225695812,314.4043208153328,1350.6752137913106,44.31840487030173,111,0,None
299.36462101349815,311.2940204933482,1608.2243691768924,50.94418422922601,41,0,None
300.22361322214,310.4219946256064,1540.6386970308456,40.335323868497404,211,0,None
298.1127822671553,309.7312106596994,1168.96586156483,32.90441271795735,157,0,None
299.3079667788909,309.77295824987425,1469.3191980243112,44.40874726029571,201,0,None
304.19904482839996,313.1889432943386,1405.656235553813,49.312301946996485,148,0,None
298.8297519749615,309.2375811913858,1645.7671298985313,61.38066716528115,42,0,None
302.50851430182496,312.874860263678,2003.5906007690535,39.34137268199952,245,0,None
299.38909837593275,309.5897988600503,1355.696136493166,39.7685353517856,28,0,None
303.66625689312065,313.49671474988065,1783.1513625843236,50.1993726201905,77,0,None
302.8298131132484,311.7485398820669,1636.9698676049957,45.384599536980694,27,0,None
299.0185271882419,309.5750097988428,1195.0758932726358,34.21938203542808,177,0,None
299.89131922712147,309.67447628293337,1503.0603654212805,36.06959403618288,227,0,None
300.0758569019073,311.4257914411789,1665.4995508824397,35.6914317235998,29,0,None
296.86278593417285,307.0685073781575,1557.983214756418,34.85562887662945,170,0,None
299.12021448650285,308.7946700057247,1468.7688354831978,53.33267918885219,152,1,Tool Wear Failure
301.0986763508122,311.50587764954406,1632.546867408554,40.86081016002757,234,0,None
303.14546110141004,313.85361747927186,1949.7656487219756,38.61008362891303,52,0,None
303.31781708733746,312.4045584141228,1655.926315486199,19.043843965130055,135,0,None
297.1140905595252,308.5584175187538,1632.6701485264357,32.42333664192665,229,0,None
299.2118038680285,310.2487825255485,1316.3587941832402,53.71764451968748,153,0,None
300.519570589969,310.2304692195526,1440.6569563139633,39.13470932570075,156,0,None
301.14449141129336,310.0808094643479,1444.6152101482305,24.515706219241768,152,1,Heat Dissipation Failure
298.7923743673581,309.11100186383106,1421.883045288664,43.13937417958136,222,0,None
300.2345584709045,310.8782176857877,1637.8212283897003,50.381036037247824,209,0,None
297.9913629530951,306.83993381721984,1610.4718105113595,25.61710536198805,235,0,None
299.66557426133727,308.0752361532635,1359.3877288873286,48.771793249324254,71,0,None
297.96788239544577,307.8288972052845,1314.334877589674,39.40753082795755,16,0,None
299.51138742233417,308.765851584383,1156.4858398282133,52.8924359056448,79,0,None
301.4510937341601,311.55035914487655,1726.067185426399,51.298079714948486,52,0,None
296.57134314680303,306.02460347299655,1737.298548184932,30.419233117178482,97,0,None
298.50883148234425,309.7505393104993,1553.4890032286921,35.893486310522675,87,0,None
300.5600831557705,310.3301076208891,1327.0303424823314,41.00138156582335,36,0,None
299.6973269043276,309.55158520037156,1822.3914850781794,43.23119181113075,15,0,None
299.132675501964,309.0545817444079,1536.4513623233593,43.61735841115358,160,0,None
300.5813199854895,310.2072052551986,1567.1771281303259,33.99663116471845,81,0,None
301.2595322194507,310.26955407143606,1619.2183946608834,42.17014656540185,31,0,None
302.85044608269715,312.60638683553105,1741.7686801519371,44.591895958776796,60,0,None
298.5099985108193,308.27030614834763,1318.0307203583604,23.724681100212738,146,0,None
298.9605505290159,308.0485077449391,1299.2458174583264,32.56066759035375,141,1,Overstrain Failure
303.2222674231413,312.4661867653883,1878.3787708187538,59.47672027582756,125,0,None
295.02495517383943,306.17598609297477,1333.8729430096043,42.38504420483906,211,0,None
304.2170371509532,314.1807683275629,1748.3371024745452,56.517805167681395,243,0,None
299.2408356342991,307.43362699118353,1580.9331244077744,46.389950026302685,50,0,None
301.1390853937716,310.4472711904601,1465.3063664828558,40.15211843238777,28,0,None
303.4281999673786,313.5359229590407,1337.5124047383856,48.52880090113739,221,0,None
296.61745961871424,305.4288488480624,1464.7992714448387,49.539813273317506,67,0,None
298.99388015259547,309.6676491405151,1484.8386913298514,39.76474040788927,131,0,None
298.3808643339611,307.8998663382785,1172.3680183157946,34.17429103210776,198,0,None
299.76831981744544,309.8434159351476,1629.9300808310113,38.222050789026376,258,0,None
300.5697396174005,310.4755650514065,1533.552007325035,24.851492625279484,0,0,None
301.4118345639133,311.8478618894275,1397.9133200245835,39.64994470580001,30,0,None
299.60493064060785,308.74453962033687,1206.575263035088,28.646156064158166,28,0,None
300.1314399266108,310.4969082345334,1800.6996746235777,27.931210329158603,212,0,None
302.6260706372228,311.2261572060407,1473.268744809305,41.65646361592228,190,0,None
302.69059071250473,313.63372088256403,1528.6764153679194,25.751945422538764,234,0,None
301.19592774751277,310.11347754560677,1294.1955518077002,29.65973000829107,212,0,None
299.3011511901773,308.59014697407486,1733.875391168823,25.620794108227194,29,0,None
297.58861984778434,307.32284064363955,1207.3633153876372,49.61152687985037,142,0,None
299.4770855981852,309.00315239438186,1469.0795175904977,33.36473797758011,22,0,None
299.18486393566343,308.61853617389903,1568.8197584652405,50.32109949630784,206,0,None
296.7503342646947,306.7463832558152,1346.5863163136305,27.546558924710514,33,0,None
300.1299875861579,309.98065554891866,1673.1725691884249,40.976712416006364,143,0,None
303.1271448128215,314.64133976216897,1592.357383878162,46.852919443971565,187,1,Random Failure
300.12569966804955,309.8548080184605,1466.6768331984597,37.537953435934355,143,0,None
302.909519348004,313.5528209665581,1619.8117970857709,36.4071015833876,90,0,None
300.67773344047157,310.87919690509085,1687.9710300898726,44.49840261427244,258,0,None
300.6801871886622,309.9777332527142,1527.0483336375412,56.544523163921056,231,0,None
301.09737541245505,311.62446998935394,1799.0579854568437,27.871974376632174,140,0,None
299.61529325375056,309.4304103255523,1329.2212976995652,47.28892376593997,244,0,None
299.1080008871647,309.1604910112361,1433.9732280749865,30.593526917717227,219,0,None
298.3806693162783,307.020355926094,1605.033177808939,43.0161460918655,102,0,None
304.5434769507324,314.2469245312349,1600.4407575799735,27.82873831873198,137,0,None
302.12313750875387,314.6484414926954,1239.9830591495659,37.56424958551037,190,0,None
298.6631083346359,308.1140386546892,1551.0079949530464,48.06143848024129,30,0,None
297.56733438135075,306.7734152994894,1253.7898354759022,41.75371432620349,27,0,None
299.55826671027523,309.3416470963364,1444.497536791436,31.797658006126706,203,0,None
297.8734689999702,308.2058728727735,1533.2706212733729,35.394465518263914,162,0,None
297.853493974424,308.7433445725816,1589.8985433575065,22.72698385085773,88,0,None
300.95312921202196,309.9895814512492,1473.4610062677848,39.66517724999698,58,0,None
302.8113700273893,311.8791926079836,1662.6424473014486,28.945629499518947,141,0,None
301.5506769446615,313.05956994242615,1541.2524560211107,53.78824130922483,172,0,None
296.18201320242093,307.0035555953484,1677.5177020806645,41.11018663948638,126,0,None
300.0602851676434,311.2141823629641,1418.350405758176,42.59123424863748,119,0,None
301.2668688546468,311.54538618845373,1754.1592825521345,47.94497154595605,199,0,None
299.27878183407086,309.4612753822684,1606.0025000198968,51.199965760373225,180,0,None
304.70379051554664,313.22482135131173,1632.48110447017,44.76178668332429,57,0,None
300.3246593449114,309.9639672918247,1438.4586993952335,41.184641615887934,15,0,None
299.72204604939543,309.16484094305787,1573.934416445423,30.87511674162299,243,0,None
297.33518361745683,308.5025900564417,1663.912668132702,33.393381323089,87,0,None
299.2860148099665,310.1449982607512,1435.0295459215843,41.45119283955939,28,0,None
298.7287845572061,308.8641464764587,1476.737189407108,35.03314124954477,258,0,None
299.36600799247174,312.2937113548224,1514.7987634229783,27.70695131234991,90,0,None
304.94182998977044,314.80343522936477,1409.5376856366247,36.409160673783916,201,0,None
298.5806641798204,308.9192034909505,1571.5578117950354,53.05391360886257,181,0,None
297.78232055828823,307.66984539011906,1229.050825457278,33.51606020100367,239,0,None
301.600590398396,311.6870471373385,1572.1300380080772,44.12192167697278,224,0,None
296.82275765652764,307.64127030445474,1751.3567367675942,23.511783106192887,146,0,None
304.11333305767823,314.3263858071263,1508.268897739936,49.82611843943907,38,0,None
300.775930214936,311.36764124628615,1348.3715695670608,41.98425858213983,247,0,None
298.82260645128775,307.8471532771961,1707.931585014101,51.74455760324303,124,1,Overstrain Failure
299.55421542780164,308.4187974829965,1175.849230197154,47.1559982268474,0,0,None
296.76534373377814,306.5032870201789,1514.4889985048362,44.25860416167279,246,1,Overstrain Failure
299.2419401691278,307.6210192772016,1626.7927712795295,30.44388174190683,218,0,None
297.8697957266624,308.5456297631333,1633.1684119942345,24.495489514489293,128,0,None
300.6045074566879,312.12767917306286,1222.1012334980946,39.75429919053291,187,0,None
298.9576455534224,308.17229617597843,1540.9887189226297,36.690482384824705,253,0,None
302.2024268311473,313.1523004357353,1289.3548861527734,37.970961015109616,253,0,None
297.99919059403453,307.77366498395514,1654.0564284938682,29.420001014255057,248,0,None
299.18304058858894,309.4293070842342,1513.6637957483142,34.21440873062337,211,0,None
304.2523503397167,313.5462952614253,1514.6760505689438,41.495467822764326,122,0,None
299.133608311712,307.6833874849717,1206.6175882911969,56.37910550610515,154,0,None
299.43979444768377,309.0655566287381,1356.163771172114,36.37387908707447,105,0,None
299.8347070512446,310.11672740691705,1568.6720839925492,38.439613833272944,191,0,None
303.9976129850881,315.19325321859236,1630.0459645530568,58.17010170937806,53,0,None
298.76827057300125,308.9716671286507,1540.5145889863038,38.88148092533275,117,0,None
300.8860402479328,311.37007013586646,1733.120666920922,37.14536734802118,115,0,None
300.16767973954165,311.9697650629239,1717.7887716497062,43.06762727857878,15,0,None
298.23334062727395,308.6208246282577,1326.2638007744786,50.27872574751715,92,0,None
299.22540660172086,307.9813978139553,1491.796249687484,16.109314626064478,96,0,None
299.05920598722395,310.24665988878314,1376.990588828608,50.94440446558914,252,0,None
301.6749305015194,312.69417704670957,1411.3747377310947,41.37656304313488,231,0,None
302.17960543212615,311.23085203505843,1564.8085946990734,36.931418397911465,194,0,None
302.13991933143535,311.455499525486,1378.02871214799,50.1328314303817,115,0,None
302.78394130783676,312.10264687765977,1409.1133474198436,40.155784954464906,231,0,None
299.2261469017448,310.2491345749955,1151.8988160827187,41.79453084436987,151,0,None
300.4062192282467,309.7848311739789,1636.792405731387,26.43377444929954,221,0,None
302.10588364834007,312.11362367295925,1110.1515274664032,28.877499378597946,225,0,None
297.9908200229127,306.57294235638915,1811.0662942113865,41.41250491583149,116,0,None
300.6075511643289,310.44060945219934,1174.3233288190004,52.273264341874786,123,0,None
302.5006384487832,313.97180973449366,1602.9218009950616,47.03416925370452,219,0,None
299.01401449783197,308.9534520580978,1348.320547306325,36.102373217366505,58,0,None
301.9274701659533,312.0455678263519,1529.700090470656,24.977094625229423,194,0,None
299.3476017178784,307.4410857206222,1531.4215033712517,47.66831027907693,180,0,None
302.1378251816071,311.9316961924264,1393.8414765775785,34.620028152050274,253,0,None
299.8360659615556,310.2374450624522,1455.7409548027279,33.40882199424386,130,0,None
301.0609473160418,309.9362302252358,1304.0428373894806,19.722703577724367,29,0,None
301.443632097068,312.37933041131765,1570.189474645229,28.340151443326263,218,0,None
299.12674166754636,309.21270907129644,1398.5344267606356,22.93522098890975,19,0,None
298.9710407336472,308.2616678891753,1433.6848476164018,23.136049695346138,154,0,None
302.62029719703423,309.7858140142906,1521.871368034708,50.40869473800788,215,0,None
301.93771430725855,313.2075799460603,1455.4699250010062,24.371318718656333,235,0,None
302.00380911250636,312.30293151720974,1499.8300559082384,31.80993298888059,59,0,None
301.07532691036744,312.9714483109708,1652.2701991589572,17.522381276421314,60,0,None
300.8132676214282,311.1737044293772,1739.555885483832,23.74682724927006,226,0,None
300.4580700373178,311.9847287504859,1395.477065529278,50.55881689053983,229,0,None
300.0939131228826,308.8351921039632,1547.4433778035084,25.004545710538153,215,0,None
301.8363179144361,312.79924473973216,1209.5165476255888,47.20949050931533,155,0,None
296.5435862730418,307.33048648731403,1350.999050989476,38.073558925289795,252,1,Tool Wear Failure
298.68480998971785,308.20972826449747,1539.6800778857562,34.04092430710468,203,0,None
298.3959639536325,309.1365191827356,1357.654393959165,44.06420381865363,193,0,None
299.82001285355926,309.9955523845671,1607.9747174279455,30.446660185541226,218,0,None
298.7886931158823,305.45812909892175,1529.0061799523166,45.983246611941915,57,0,None
301.52310247659346,312.7268843398479,1333.0753954463953,33.504513598055496,60,0,None
298.92955657155557,307.3187416270235,1857.7064469384368,33.35824334771305,208,0,None
299.24769813390037,308.5554938161824,1377.4174589424085,53.60135664384025,185,0,None
299.43083751569435,309.95530465217684,1570.3805539313441,29.291173836132618,232,0,None
301.3562159284683,310.5573885494711,1557.6215621031301,33.998006071359264,229,0,None
302.09002147734947,313.3280495565042,1636.326341728603,49.89636453280502,125,0,None
300.4841677214575,312.582611225313,1651.3879592880185,44.69130423997123,97,0,None
302.5815659205011,311.7717306232457,1302.0016395389011,42.11954476851442,103,0,None
297.87459410144123,308.66831627388,1526.9378147717089,33.14855713516876,39,0,None
299.10208790768877,309.42507595001535,1480.0503909373433,45.0986764402438,122,0,None
299.4432262614948,311.30639780373076,1256.1022851009675,37.78454989758348,35,0,None
297.6382791764967,308.1999696683203,1345.213567391056,37.76295784015271,139,0,None
298.8780260620597,307.71763682727817,1716.9178273664525,21.623354301066982,189,0,None
299.2953474456527,307.72596919876406,1514.9824200084022,36.85512779916336,62,0,None
298.1631883278064,307.85774335035217,1271.980572069081,32.580864367660844,32,0,None
301.54974761844295,310.16505626966386,1343.695388315495,38.59486547948416,243,0,None
300.09815120228717,310.14547843199273,1221.797580892483,41.85945439461914,92,0,None
300.2397335137595,309.6923691153557,1623.137086143608,37.229895141834135,57,0,None
300.1947717444964,311.5760170405554,1501.9392798844144,27.43145559295982,148,0,None
295.5549152675225,306.56689349337597,1706.096907239448,47.64500854707391,210,0,None
298.70085101623255,307.60852454834173,1382.337922422666,56.71006064049768,155,0,None
300.3018829042195,310.5476194086857,1447.4262727145322,54.116190625815165,132,0,None
300.35276039940334,310.73289562775653,1506.2607167980593,41.23941867417631,55,0,None
296.5337329909965,306.7150810251676,1625.7488096033696,52.28246151201194,137,0,None
299.13038037701153,308.2902972646385,1614.7449617382724,26.955127179541698,95,0,None
297.7824006099409,307.6048217844674,1377.376114715051,34.78412285310193,31,0,None
301.77818788869087,313.13652482134717,1679.1488708117413,41.378269247004184,120,0,None
300.3361403089262,311.269462828106,1583.2833355062924,32.506143899510775,39,0,None
295.73740392870326,306.94521060934443,1357.460647682887,33.67618101513548,194,0,None
302.96901620332477,313.6243597136262,1375.5501896049982,35.46808203664721,228,0,None
302.8408743057675,313.02254969539956,1351.6804087268572,37.25069065731573,213,0,None
299.6501737155632,308.3737359753621,1510.895288380237,48.855983764015576,172,0,None
301.0644102249355,311.04039728950534,1733.4682679591253,28.236441538204872,152,0,None
300.10917137373445,310.2336249935083,1548.6303655658674,32.249799108606986,47,0,None
300.8337692587351,311.7736852060117,1244.0086974496833,44.56502074200645,74,0,None
298.55239071353253,308.55101485701147,1534.767501367074,49.07495160171987,222,0,None
300.475416179574,310.1833234934241,1212.921059087083,45.34082689887212,83,0,None
299.51701825872306,310.48336007122396,1518.858799680176,27.719920402184115,176,0,None
299.4182069865181,309.01336709047706,1560.1738389968752,45.27456690524402,137,0,None
301.01505410058286,309.6543161195287,1589.7699483093622,38.30646961368569,237,0,None
300.8399880348353,311.36891533609906,1667.6637532052607,37.997463844939034,252,0,None
303.07906250391477,313.0630610551719,1396.5132406046596,47.660537297637525,55,0,None
300.3228841476436,309.6144392116896,1276.5664288914877,43.7915623489273,184,0,None
301.95617488128835,312.30283950896745,1470.8889665669537,29.921706424116085,57,0,None
295.60508240287817,305.64389342367315,1179.7774918446098,40.07560358713285,50,0,None
296.3131436978757,306.297888234457,1742.6895499323707,31.908554550136095,140,0,None
297.2379478321531,306.44809295472476,1395.6931708569664,32.89907292521561,204,0,None
299.1612507011972,310.344877203817,1593.1606606815665,35.04460324103055,57,1,Overstrain Failure
299.39808374510324,309.5147325776855,1623.8443246772636,47.37770931148255,229,0,None
302.41094166850075,312.3406803215492,1655.9326056297527,36.125830968020836,64,0,None
300.4373473315809,311.0301981730908,1155.7668313521426,31.070133651647843,30,0,None
302.2206835745922,312.81839507958114,1303.6497912056182,26.356030171051792,28,0,None
299.7800422709722,309.5987957544544,1615.3991088361186,43.65240146719721,104,0,None
297.66638792410555,308.5360781318038,1627.3978268738329,45.92359235966467,241,0,None
300.47391670580726,311.69623689580794,1530.0412896700311,42.65171961735518,120,0,None
300.9324093757055,310.78421014043414,1590.6187254206964,44.37419060911125,195,0,None
297.03545941236246,308.13205308190453,1273.8274877718952,36.34954708716391,122,1,Overstrain Failure
299.83893668215774,310.48564695089595,1680.1895527128916,26.569159681497055,153,0,None
301.1514093270318,312.6416941788847,1743.3182297363085,29.846812297486455,14,0,None
297.8532983909587,306.60382616532223,1609.0909334345404,43.4313773136481,56,0,None
301.7220025543665,311.96256658458236,1336.6560296774276,40.49618917473697,97,0,None
303.6835635490787,313.5374071477434,1458.7408435992513,32.03673343668119,123,0,None
299.5688216420327,309.5360296377859,1612.3574177499745,39.37790403169932,85,0,None
300.00262761274263,311.08904187328744,1163.3183045634692,44.81822968200465,72,0,None
298.5334300579067,308.8291112303656,1241.3100040962254,42.49082442784461,186,0,None
299.0741853574608,310.88196382932136,1644.7516584630418,47.89098632699972,97,0,None
299.8411276921593,310.90981018083846,1663.8516114083088,49.148796953426455,204,0,None
299.35207069000944,308.50785567812966,1118.964926611733,37.463663696764044,201,0,None
303.56389788694617,314.0285721670603,1486.1695968380568,35.59527875603199,123,0,None
297.7910689378038,308.3254444445306,1616.1061723092919,43.80460262206877,137,0,None
297.79837986005475,309.1672395200097,1462.0519450522827,42.15214065277728,181,0,None
303.2080517821148,313.46667239658893,1560.23586885469,20.819142305344492,20,0,None
300.8056226289838,308.36969004070585,1393.23338427783,44.2148956777532,135,0,None
296.4511610464476,305.9110413354673,1400.7898726353726,45.25025115407564,151,0,None
298.0418769709687,307.11882084556356,1293.890936468076,41.48230210902973,41,0,None
294.76473171119125,304.46048165878364,1357.5091287741081,61.326408391439,142,0,None
298.81265776489255,311.9822254051429,1663.8227428207933,51.813033496490064,170,0,None
298.9734646684487,307.84018198529714,1815.1047351315926,41.58338382968578,209,1,Heat Dissipation Failure
298.5085259891324,308.76222763257203,1792.9390855283416,44.69833873040268,58,0,None
299.8224972945943,310.0637189300311,1324.221305523964,55.09852177370839,217,1,Tool Wear Failure
302.8496264735808,314.18590385605046,1549.4064981481793,38.60139731507902,116,0,None
301.8090203560074,312.0920374439936,1319.073842126719,23.74479183938412,153,0,None
299.55634039518674,308.7739695840981,1399.3031922528494,40.6771712460437,204,0,None
295.7736313745763,305.3471219823497,1442.607584626064,51.5078307069644,57,1,Power Failure
301.25097550475243,310.30964852979724,1295.1250267249122,35.003825628449775,207,0,None
300.56666750981395,312.7263548808354,1457.8607180496604,28.348845477965387,96,0,None
302.7858125444223,312.1140735480938,1705.1973962217528,43.71443010010118,190,0,None
297.33262458468516,307.96823893550084,1343.6732446999367,43.128914216861645,137,0,None
300.7317836795693,310.07221127648427,1390.5929643343306,43.09607508469561,240,0,None
302.44189570454233,312.95927832878897,1442.07799301257,47.26000459484729,71,0,None
302.38712411408966,312.7030286702645,1380.019333171415,43.29016847843055,99,0,None
300.8419315051331,311.7483234886673,1547.0994279213066,55.04641319358862,148,0,None
298.5685389062365,310.1840162263568,1545.9894860889517,27.508970330371334,180,0,None
301.37084072655534,310.139687549945,1617.8913151490162,25.50605952024872,28,0,None
296.29780105083086,304.9055101723464,1513.4978744201592,23.837941198051706,179,0,None
297.71765233046216,307.67849075048343,1250.734009375131,39.16645477742959,51,0,None
299.1264376092656,309.0727035315915,1614.4384202273513,55.77156235345922,92,0,None
303.2055413019615,314.0822292608339,1186.158961988178,35.36483173394697,24,0,None
298.4266104129589,307.69196113223256,1359.0915973708568,50.04292952938189,227,0,None
301.5348032704782,311.734121191579,1507.6311648211288,36.454152631759726,31,0,None
303.5544489146824,315.360663251219,1990.379475925833,38.58035972024246,114,0,None
298.4187048544372,307.5512827851798,1403.0509159728404,37.70513470837918,10,0,None
297.8651290767005,307.711582954656,1718.5155596458665,57.68493191168736,102,0,None
301.6551297281623,310.7430041553188,1676.9957159154094,37.79172564334617,248,0,None
301.9745297520804,310.24707903640217,1701.1302473552996,52.202472834811864,80,1,Heat Dissipation Failure
297.84505952501377,308.7237239950548,1665.3038297074963,29.9507351364355,41,0,None
300.9651764982895,310.3729316194327,1417.1378829221994,39.40795984218686,35,0,None
303.9023939793174,313.2325992687957,1707.2182190068988,35.89893106145024,18,0,None
297.6267653923908,307.00556923663356,1812.1678525398895,43.56154133292495,207,0,None
299.32987228528276,309.4680770828103,1440.7388158073923,46.20113589680104,94,0,None
301.4492282454927,311.0585937675707,1559.0556310737427,52.86202151614676,117,0,None
301.33666795184627,311.8886145446649,1502.0038699081897,31.584471797824083,95,0,None
299.0326084534075,309.43992536493516,1415.048270546967,45.9267751226019,72,0,None
299.11481677626745,308.27906680853545,1256.1986048670403,34.24621863141142,221,0,None
303.48763076979,313.36399089768634,1375.8910419525596,27.438897020643154,128,0,None
297.9611870092276,308.2303038856817,1331.6932813587819,36.014785854634084,62,0,None
297.72874006251595,309.20986864925305,1367.3419318293159,41.19477878322537,1,0,None
300.3181222281269,312.3803389281831,1439.6364309343548,35.50600933149761,90,0,None
301.03559423890357,309.52328897998404,1423.8117623949024,32.28768557396887,143,0,None
301.921418797528,311.1568793137305,1768.6380284994204,38.83117744448479,124,0,None
300.40613487254836,310.5370771914711,1455.599296576583,48.64444411616235,184,0,None
301.4697860464502,311.02068364345433,1572.4552328504055,42.45602326662468,49,0,None
297.28356465172294,305.872424160983,1330.7534150572399,56.20487994641634,227,0,None
299.4493963421124,309.03360398030276,1743.5427760266018,48.39015276862564,115,0,None
298.18322419924215,309.1093547915535,1677.136792590477,40.70090079923869,24,0,None
299.27821142107666,310.1063090142821,1192.4869787252203,11.320403076677344,209,0,None
300.66259233517314,311.49397056138247,1616.1423255001803,46.10040074509125,159,0,None
304.2955015006135,312.9615385293545,1330.8759528340804,39.96522966003901,145,0,None
302.34825949612053,312.84964952256945,1432.8186028965379,37.089573740276215,72,0,None
296.6694989550091,307.9304343875201,1349.1128379829745,55.34706117920278,100,0,None
299.1642874106332,309.21024802753385,1373.9569561562907,43.5901291090477,147,0,None
297.0860919803436,307.42196939602456,1611.3348052490169,51.88333774320201,179,0,None
300.4422672342824,310.5382705739015,1448.4781955358148,42.51809335292661,223,0,None
300.1714489194266,308.61171854218816,1633.632766430464,46.728686321051704,251,0,None
301.9427017363809,311.8947907600941,1483.9446058977571,28.052856381451235,224,1,Power Failure
298.9460090448063,310.4204138224959,1353.3443658504254,42.71273221981835,135,0,None
299.9570736237853,311.9920537855948,1371.4282232959758,27.42274409489278,121,0,None
298.24110556238026,308.8677259969837,1586.1386027560957,38.35126421656922,94,0,None
300.9382729865768,311.6724561860094,1325.97089844831,22.02354505863334,56,0,None
299.7273201590461,309.64144491726705,1569.3178755375643,29.208556886126946,38,0,None
302.9653520864856,310.7775407139663,1471.1137482465415,41.94628455797729,108,0,None
299.07720185944936,308.5813813214915,1059.5780328513333,39.99543945771051,86,0,None
302.3440381666604,314.46237104224275,1703.4352619859617,56.102861460546336,92,0,None
301.1337793352337,311.7276174745841,1519.094060664543,44.27194332612292,247,0,None
301.570217575308,311.8630245323142,1799.1244844737525,48.67476604956244,171,0,None
299.537308659065,310.4163269046146,1623.122146718416,36.96003250284086,153,0,None
295.6424897303081,307.1090527477734,1592.7999759855554,37.228274835849696,234,0,None
298.5639499491368,308.6505682272203,1557.7254146707007,35.44912337981477,231,0,None
297.74178952876355,307.1554592830223,1726.3597986974694,47.582451598348825,90,0,None
299.18942895604715,309.30073027601986,1602.0886274431778,17.687987582334692,59,0,None
298.4150639555075,306.43602633771246,1657.9041913639758,38.09673428688929,104,0,None
300.9107217674222,310.7691354296589,1186.4272669125512,36.02225549657857,50,0,None
300.3906211841716,310.23421640429456,1435.588850499503,43.47231445099126,42,0,None
300.29788680740944,309.9262372091814,1698.5020332688687,41.84481702923595,191,1,Tool Wear Failure
301.3118944330634,310.9713852143538,1386.582968244746,50.017551282920074,66,0,None
299.73142063397216,312.146296041532,1458.4025444118229,29.38761725961095,9,0,None
300.89748101143715,310.26287590858533,1383.3577251350482,39.71103207653389,189,0,None
298.8631728362809,309.38823694200926,1509.893927298374,54.01559806617108,233,0,None
298.9276002360992,306.71618718351255,1628.1847970821307,61.21055453346735,128,0,None
300.1671276782968,309.9871196640914,1529.473099435274,26.732733846125356,74,0,None
300.7453510577487,309.4852895638186,1314.8486507049383,32.76544326884725,4,0,None
302.82227376021234,312.2913665348924,1250.4043121435047,57.023490290842275,91,0,None
296.7056102194528,306.2837461596048,1360.799509509217,27.123369553310642,256,1,Heat Dissipation Failure
301.7161779954494,311.3478061884763,1148.5107272295859,25.25317759996038,153,0,None
297.3920839500923,305.85914555511175,1751.936818736653,35.04427976699485,149,0,None
302.1521739486084,310.69203520067936,1540.0912274673667,44.70896926336228,71,0,None
303.3737630684433,312.71947548659716,1774.545079824069,60.78535749636053,137,0,None
301.15829627841305,311.6702537981634,1492.294450169628,31.55081557367023,170,0,None
304.0396440935464,314.24371550315,1537.2651047568284,55.06392288987627,43,0,None
302.23589639212804,312.58305289480137,1230.2667053721307,33.37001733015179,198,0,None
301.5712128748362,311.48178400790874,1705.0776864440882,30.775689248515814,193,0,None
301.3794588923298,310.48849095035683,1787.2122051378437,43.5928881300159,39,0,None
303.4180443194102,313.54058838135217,1328.081303172182,49.953022830681064,94,0,None
299.3747774714996,310.003536342664,1351.3200628492793,73.19146598913943,35,0,None
302.77990090007523,313.85132451182415,1638.029279823691,32.402420410563494,200,0,None
300.67256957584016,309.97128723570955,1596.6072794019028,23.859824571340923,110,0,None
299.09003279575614,309.2192476664983,1437.3714127691455,38.23372954474394,160,0,None
303.00806901316196,311.35841865379075,1431.4856584743786,43.12939376428561,141,0,None
298.73290442419784,307.5974081030249,1665.0025997176638,57.37183255866576,27,0,None
299.4180973213948,307.550625064938,1830.626424559082,41.465083868514284,93,0,None
301.5622261133379,310.84660022140605,1662.2549473505953,40.06367440595484,146,0,None
301.3919767209906,312.14726071864374,1713.6165274283837,33.660798253003534,143,0,None
300.24035350021285,309.82434903368244,1615.2591843750906,52.096852071074515,108,0,None
300.25340607340246,308.8178512826227,1180.123930916644,24.67255447308301,30,0,None
299.2915698437912,309.7328573844634,1808.7402539867726,32.10560494160775,205,0,None
301.04451299357163,310.92972097664597,1623.5511583793236,30.552248580978052,22,0,None
300.1162689054314,309.365394115593,1433.3605882905038,50.59101182481623,105,0,None
299.55410101335815,310.98944287167853,1335.4846939968147,48.2114709801957,184,0,None
298.94527465214213,308.90936744712025,1407.4156039285958,35.375200128059625,225,0,None
295.8539406761926,307.4849095274652,1595.679775572999,40.52937205108039,235,0,None
301.606202588352,310.3708148410003,1119.6208421275255,42.390397140323934,193,0,None
301.98167254642726,310.6260362013938,1562.7915151617383,45.39954862248716,159,0,None
298.0842382522993,306.57827366051276,1634.9602315959426,30.168457925070022,98,0,None
301.9108112834489,312.6218168428878,1231.3770064220407,58.65965459646438,202,0,None
301.7073404803023,311.4000436878891,1390.7661329156267,42.061994657302236,221,0,None
297.1584843461322,307.39513472617375,1298.1414524044737,23.971840897782393,122,0,None
300.7505987427461,310.55514961835263,1602.2830971129206,29.6669290897061,130,0,None
299.14908085266325,309.19795423101266,1860.8902644612208,50.555995125261745,52,0,None
297.45950383971115,309.35899661465425,1414.5786842171221,35.00117638501377,147,0,None
300.85353195597486,311.4600141400872,1481.5644077770207,35.337749345137006,257,0,None
301.15940962741286,310.63875780169127,1450.4871733653383,25.807066408637134,1,0,None
299.663469119999,309.7008121933972,1275.7532732866555,23.816720942946723,208,0,None
297.04609827472984,308.72040096248276,1338.7489845712166,30.214539763996285,16,0,None
300.9686794843129,310.6776229152274,1599.8838480276866,35.18522441264017,248,1,Random Failure
302.28377116765233,312.2240418521318,1474.7429972108016,32.42909132399935,43,0,None
297.25533211976017,307.3528867277512,1710.2344319620718,53.52883222620377,218,0,None
302.10918773645994,312.61069203088044,1527.9523419110635,34.38574630874706,101,0,None
298.12614039843055,307.51455099297715,1510.2392571868638,55.96309234152162,177,0,None
300.83559046252606,311.018115884748,1549.3744878823443,17.580933522688778,12,0,None
299.9263539343019,311.08627987386177,1844.3151575964253,33.897294230842505,51,0,None
302.1609737452478,312.0833332516893,1117.5461976438255,57.11015039613997,187,0,None
298.2487586243634,308.0171241612022,1321.6029534207744,36.20289967151127,213,0,None
301.9863168770755,310.34138847861004,1515.9942936783143,39.90241747717719,61,0,None
299.5920374247228,310.38032437296266,1488.1617889370705,45.82383145477467,169,0,None
300.07271473677963,310.0893426853716,1687.9189007336881,32.39325176015389,34,0,None
298.3436909324236,307.82582780854557,1510.2526293420124,40.22710507677333,50,0,None
300.7829137873477,309.7107188273049,1617.1912833405588,28.029202400749526,5,0,None
296.29346949368266,304.40183954386697,1448.621274238,34.95698997407906,50,0,None
301.76635186396584,311.60777866964827,1573.724371183164,36.60105686797053,155,0,None
301.67890985111455,312.1856196087396,1665.9759000079746,65.12109078631914,10,0,None
299.0013415692404,310.4267721138596,1301.1506420572734,39.02744792383571,97,0,None
299.9276872794283,312.07137848410235,1450.1216056450662,27.99482170634186,224,0,None
296.4774000899155,304.8718773266953,1389.2562807304898,24.64121779801034,240,0,None
301.85026487643825,311.0608100958101,1592.2608641113857,29.84458157136764,217,0,None
293.07997664159967,302.9982885589859,1605.4146391309368,38.81023046420641,240,0,None
301.93447576949114,311.5593042766037,1607.5943651518814,60.72272411875336,230,0,None
295.74438994443625,304.9391510388848,1541.6261443143815,24.212683924359283,203,1,Overstrain Failure
298.6884689767171,308.6106180990668,1484.175077373369,41.249108619435646,60,0,None
300.1388245181564,309.1578393436161,1389.4532735313092,32.4595635625266,72,0,None
298.04690647444704,307.9091825829974,1640.7041805405795,50.08470045593574,11,0,None
303.1884238629105,314.6247886845262,1518.8135027931323,39.399232375038615,7,0,None
298.5649963906917,307.1587384213462,1477.0917423824005,48.129211836981504,41,0,None
299.0357218827578,308.6161429848919,1795.8210540708646,20.213080782974533,6,0,None
298.4618381808168,306.64144995356526,1371.1975424597442,53.27078503731592,215,0,None
299.602467349565,307.86002151413413,1321.985045478561,44.32139950397303,176,0,None
301.60850952353024,310.9930644521015,1513.7811895045666,54.44894839363003,146,0,None
299.0248331092126,307.22361533520404,1174.2854053843307,16.926920486300805,73,0,None
299.9226800104681,311.06050939227123,1544.6255177861594,45.29394314556438,108,0,None
303.4906941719379,313.0551750693867,1435.4921949023944,45.030830831833896,141,0,None
298.2111249965506,306.9877613764614,1929.8544649875525,22.0990727661305,83,0,None
300.72607888237735,311.43181843809043,1661.012712430691,36.308774214026755,79,0,None
302.4427066054327,311.6966627549746,1440.8063031055738,45.42816219792737,165,0,None
298.02918375349486,307.8578719171186,1469.6615064526613,22.045645399065773,96,0,None
300.95209982683934,311.24524021659136,1834.84235776325,54.46485193803959,16,0,None
302.00376098723666,311.40384814715,1735.2153772250847,44.23235572192638,112,0,None
297.8292266257412,307.0224834608235,1649.692200539464,54.73654903299638,243,0,None
297.73820126601896,307.54969648144794,1801.1195127283888,49.02140030420639,142,1,Random Failure
304.8930439358902,314.6100128674074,1425.5704789706779,48.295836137238496,147,0,None
300.69078102558257,311.34888887854027,1740.2741271651578,19.60777377859386,208,0,None
301.5207910408139,310.1983192840322,1482.7572610911245,40.990126453111586,2,0,None
301.53337623399284,311.5413841223025,1457.5902572619918,53.39999192245046,50,0,None
296.4962290669686,306.1441170640665,1378.4190524919043,28.203856282868248,6,0,None
300.80473683051093,309.6278227122285,1543.3844312928084,39.20668674474205,11,0,None
298.9275101774572,309.38579352563016,1573.4394417886297,31.17916680362454,44,0,None
299.89567569311276,311.2139241184957,1465.7015161260974,36.83257896874849,9,0,None
302.80482771820675,311.08980642619474,1343.4159038783582,35.55166493149465,181,0,None
299.81644693257823,308.78031928633385,1567.3230482942054,50.73034860211545,171,0,None
298.0109223947457,307.30533870565887,1316.460144851207,30.779234437146926,146,0,None
299.35333759093885,308.76307123869435,1170.2174728749749,18.966432238221785,18,0,None
299.2389053482534,308.7326856491498,1353.1398505605312,38.56948867456756,194,0,None
298.4307989724859,306.9151088002275,1711.793725139683,28.327136012531113,40,1,Tool Wear Failure
301.0996312473858,311.2098517282474,1906.8054780548812,38.12792473517964,238,0,None
303.1894390857435,311.31775518853044,1477.927708027211,41.5450658268253,101,0,None
300.86257109490055,309.77522912150414,1349.0528673891163,39.88128062165754,34,0,None
298.26391280746856,307.52714761679573,1597.353915558568,39.971855253314956,17,0,None
299.0231294178697,308.79335943524296,1670.6795580780358,39.120417055135746,211,1,Overstrain Failure
295.7733874858458,307.57075068164346,1628.4337028162788,26.130267267162207,71,0,None
300.84375430072424,309.84044177359334,1545.3044916611434,20.921946002235913,111,0,None
299.90621437663935,310.65165948351915,1718.2663424562907,39.98436716956622,179,0,None
299.97256481408454,310.55341443560434,1608.2166524213605,43.00619175092639,133,0,None
299.0536412692231,309.2624476789753,1553.5066074644053,51.99496364658971,253,0,None
298.1043603574493,308.3200226100237,1222.346050490108,40.87566021001684,27,0,None
302.5041569710754,312.5031370348015,1670.139217731599,43.95129535055367,64,0,None
301.5647802980715,310.91035387741397,1691.9550308165126,30.276628096129073,52,0,None
301.85124118641977,312.69691873772234,1490.7021762883214,33.080844712801095,2,0,None
303.7394030724822,314.72315503111633,1338.7253051668918,38.644703933804585,21,0,None
297.2344057144816,307.30875775593546,1423.9410027870467,35.774026667081245,221,0,None
299.814495707544,309.2437105885225,1503.0111239312744,54.52927464348315,102,0,None
302.4494646709862,312.33607781697583,1421.9297908894575,40.83763918809567,95,0,None
303.2339508658922,312.8532832092341,1587.3802328475472,43.977466109834104,3,0,None
302.1745462991627,312.4310426167428,1666.5292648001985,36.470342837812424,168,0,None
301.18650864118126,311.7800690899139,1338.0754896992992,39.13196469777477,243,0,None
298.6572227311678,307.8876366047475,1289.612106706523,47.0763828349654,160,0,None
299.37320023859303,308.5691670620743,1326.473755111421,32.11734681073457,232,0,None
299.55742436700314,309.2543413139095,1272.9749520166886,30.991290584124442,254,0,None
294.75428014612214,304.2405797268664,1725.1308511726593,34.526352540094265,254,0,None
299.20997545245257,309.38395295338887,1539.8445389870535,24.99251049823252,123,0,None
300.2574317308407,309.6352013146846,1641.129223245785,41.78209852230273,81,0,None
299.26197076723014,308.05083112734394,1193.56706133116,51.72659478951811,228,0,None
302.67761517227433,312.3458485076935,1358.1290646553928,46.80933825484827,168,0,None
300.3200892465154,310.85542881045643,1635.4694503523986,46.68275742670718,215,0,None
296.53117750278733,307.8838511013345,1527.90347565556,37.54328902115913,29,0,None
302.8940707092789,312.9043227922312,1555.3296133281974,27.555222043411867,2,0,None
298.0311921328238,308.63450197142936,1277.431095826849,38.76704875198263,94,0,None
300.99892989175953,312.74691037288545,1085.281945211034,48.80068936671397,79,0,None
301.27361957945055,312.0332685960347,1433.0174410673167,55.32445678966967,240,0,None
300.65711835784646,310.5076397235064,1263.592664893258,52.00069343114257,39,0,None
301.4444387540564,309.6203589378422,1804.16951376681,53.67906409579683,47,1,Overstrain Failure
299.8902296370765,310.013662738351,1700.7895000277863,35.8152565632326,189,0,None
299.00652448133314,310.100405891389,1490.274971570439,47.2136462880771,225,0,None
299.2548553795261,309.8662282720737,1370.2500117718957,45.14438310466912,182,0,None
300.30326650104854,309.7411270454435,1351.1424565676036,35.13214982236608,100,0,None
300.9682809975069,311.6256821212244,1619.6353186263898,43.58912124511509,47,0,None
299.3506304861371,311.1941785918329,1201.8078289108687,54.717208684306584,58,0,None
299.10589969228744,307.89883898083093,1589.3948102656072,51.51260545771751,79,0,None
300.05675862120466,310.4647181652119,1503.2075620998812,45.486005657252626,91,0,None
297.8442133838084,307.8398218659943,1224.8104153245565,42.028873337681304,6,0,None
299.3343695910353,309.50567633581875,1536.0067330115323,38.4654292916767,72,0,None
300.50927906407827,308.54415130769763,1506.5261206549987,37.21025126650599,18,0,None
299.44050050566864,310.51974680236407,1395.3691096467937,51.27686544250852,131,0,None
300.7973523821672,310.5722281305537,1321.7127339882804,44.06151538914883,15,0,None
300.78585628146755,308.8931985587429,1606.4530672669025,32.81546940194322,187,0,None
303.8550578877757,314.91989408114745,1742.6664248524282,54.69346765168862,107,0,None
301.0541958255926,310.2635391667167,1436.2371658968357,46.28316385674327,187,0,None
299.20860387420674,310.4272333057418,1090.3398027006758,51.06843245263079,98,0,None
300.6097335392112,311.11853760689496,1448.6837610045382,18.184196022850113,158,0,None
300.2785267687521,310.8196540170516,1409.8404236017457,61.40731761917126,157,0,None
298.6515912826278,309.08561250880115,1318.1731956174035,58.46619919618618,186,0,None
300.2751260325939,309.2975617391778,1452.351316406013,41.161783008994874,103,0,None
298.613018223735,309.2785303869487,1602.383133315224,39.69104088818299,38,0,None
302.7250306446058,314.66385251376875,1737.1239634699443,34.45846908332368,148,0,None
297.28126747056785,308.8357079639033,1708.4574737260664,32.978302058997045,34,0,None
299.4223819648619,309.92136664061024,1730.7898344608648,27.278333130921585,189,0,None
301.33529606363487,311.14669820355374,1241.9846422215217,28.255615583677255,68,0,None
298.97291056593934,309.5686273437506,1527.07693348278,24.15231548898813,258,0,None
303.4335039098505,312.11802828342513,1555.576212196642,41.76948475536327,54,0,None
300.2474250290623,308.4701161070264,1425.056366639385,45.755901103672365,55,0,None
299.9886765176557,310.3959483381793,1234.2761204305402,48.61250779148494,104,0,None
295.1063258052606,304.84140420302623,1234.9851018963304,50.24968673750745,84,0,None
299.0325534979708,309.7581604173473,1501.2237251848737,33.777948186853415,54,0,None
300.8593945178276,310.4275113740546,1560.9266916713182,37.18436287917595,187,0,None
297.7023012229602,308.3926017487339,1665.4277929888879,49.880521384376536,125,0,None
300.77375755891615,311.1846438761101,1613.1223258706918,28.467265268575012,165,1,Power Failure
300.44873575699074,310.8537463694001,1146.061378018332,24.634444174781237,21,0,None
298.87232677774665,309.4366556987876,1480.3562698962396,33.321791432289054,203,0,None
297.3782071969715,307.7930282097453,1225.2036825031014,32.18176953301785,252,0,None
302.97733617567195,311.5691137540731,1586.3587055952516,38.69793407806466,160,0,None
296.8781063845573,306.8522291666641,1641.7160083892477,55.583456129400254,196,0,None
300.5265417506383,308.70436377897977,1653.8062471368964,46.30351471158952,39,0,None
300.40364071159166,312.8456444908326,1605.6708708297806,30.298001741202924,9,0,None
300.1101248124878,310.3882358045306,1193.422450405975,34.78626497439319,259,0,None
296.3397754760886,306.84805079449717,1293.5910490391889,27.485985064088005,87,0,None
300.46936245472045,311.16353284871786,1437.8339844583227,39.67950135320536,46,0,None
296.6975134684793,306.0258266673597,1394.2556795966843,38.41887153663282,227,0,None
298.20055428997915,308.63167283063075,1606.9315723324344,51.12464322584927,183,0,None
301.43141660807424,310.3688466167047,1646.0672391242945,43.69064117602524,176,0,None
301.5821100732801,311.57255862458277,1253.9668034835886,44.87386772588316,55,0,None
298.6871892060427,309.087050909324,1719.7792528002392,39.53109646220966,9,0,None
300.2568600144397,308.88545952639464,1557.6381167287864,28.335779013188855,252,0,None
301.62211654944053,311.27941180453035,1698.8200827898797,21.731449442371666,132,0,None
296.98910281762085,307.95650126889296,1911.0095767274377,45.94983173633513,17,0,None
300.23590148390207,309.25337025836797,1452.1194843098806,31.195112266691833,111,0,None
299.4867877420488,309.8078874374624,1308.3670607746833,42.688332924090695,213,0,None
300.09677104016305,310.41488996068387,1145.290478588425,20.148752102953555,77,0,None
299.4550994678199,310.8516940687038,1668.423031301597,51.29821505006608,49,0,None
299.22260206502244,307.76317941225375,1610.2728851347392,27.264251546762388,166,0,None
300.72872807683314,309.7083762762586,1625.0016279022464,38.63713810483953,235,0,None
296.7863971950015,307.344742033606,1565.6485333570872,25.948516611793213,127,0,None
301.7826579265751,311.8160767722969,1493.1898654248814,41.06192898315874,26,0,None
302.21857163346743,312.2869711284278,1705.1755339884583,36.38583820818897,244,0,None
300.7408037163238,310.59629666328215,1275.3384333703834,41.651002448817394,86,0,None
299.4615896059468,309.02426441694155,1383.4561148216517,34.44155295330035,103,0,None
300.36471554383417,309.50074323930465,1331.57462254858,32.08825767801739,120,0,None
297.14943509780414,307.7155442191888,1573.8544519969928,21.576136519419244,212,0,None
302.0281181029026,310.59228506125083,1459.8303036884902,24.718158905274056,253,0,None
298.3741545196638,309.0786034193744,1373.122146055691,35.666892550718934,161,0,None
299.07837041453536,309.53613236674613,1577.6189341325485,53.55884902727943,30,0,None
299.1206205633759,308.0502567966182,1433.8698328057505,44.760506497706324,3,0,None
300.2044167476842,310.85331030775717,1285.264143482291,34.16594632756208,81,0,None
303.60820954267564,313.8847796936666,1375.0536860260345,46.83600649208878,98,0,None
298.7889750714649,308.4195210906196,1475.5566162265825,39.84002136723453,12,0,None
301.7856815585898,309.56460540806944,1409.871262653192,32.729504012503035,244,0,None
298.9535621597384,308.1852397870289,1557.3563263631095,39.437047274330006,130,0,None
296.9953228276279,307.1893450072659,1353.1441763075431,46.22993861788387,88,0,None
296.1010314029549,304.27613000035683,1191.281900397894,41.61098670940503,258,0,None
300.1772309447174,310.43762417777117,1401.2877201479769,35.866937568610155,23,0,None
297.2153620176293,304.3424851777319,1299.2734957865655,29.97146746216896,178,0,None
299.8254170663818,310.6299961095496,1473.7608525599871,31.91302153178046,97,0,None
301.5052818035786,311.5059013907921,1417.6235662469783,34.93100270670074,73,0,None
299.2590791915514,308.93471403874037,1758.8602170916565,35.40497829435693,3,0,None
298.6149510334683,308.2719286314661,1146.1592845408557,63.39554737070392,77,0,None
300.62516645030433,311.508531490908,1513.0980052130976,49.062739886188126,78,0,None
300.68465288117767,310.98315597302167,1422.885724313881,49.78824041969473,177,1,Power Failure
303.75760956400495,313.3970251871431,1532.202666892239,49.87246116345134,117,0,None
296.87250898789495,306.2608702244978,1443.6962398895707,46.34235906095964,177,0,None
300.39352203564755,309.45844711380875,1322.4154145454122,46.129521936916774,209,0,None
298.6195891883516,309.21406213021646,1116.7089787051273,33.20913267468,223,0,None
297.6611547930929,307.6953053366322,1790.723279952383,24.94998920196423,215,0,None
296.79208544937165,306.73791291090646,1335.2685909050504,43.10773712909307,149,0,None
302.385798089169,314.52289501755007,1677.5593620344328,42.60843252991292,215,0,None
302.40886690095545,312.4901968079112,1475.877614401611,45.38308511448351,20,0,None
300.28121322827485,308.23956667753913,1577.6612992824691,29.724873497690716,238,0,None
303.59292088487825,312.6322804818179,1519.4795834032889,46.97040341277748,112,0,None
298.1561945754947,310.33546739952783,1093.1640841440797,28.3876698781813,208,0,None
302.3673850539704,312.9000294701295,1639.908296348511,34.83517009382301,116,1,Tool Wear Failure
301.7377255699596,312.60786472349486,1706.7694709313546,34.05545155107404,94,0,None
300.7097129688706,311.3325828748201,1241.9317001670179,13.185709363560953,234,0,None
303.20599387197274,314.524906748097,1394.7451911141857,28.51590316857689,188,0,None
300.6871393604605,310.9158528790656,1431.6946306775176,40.329330768649555,143,0,None
295.31170771221656,304.72184552827434,1448.835380648064,49.705972075561284,157,0,None
303.6308428351472,313.6128163251512,1691.5244012153473,37.86689207483897,5,0,None
305.9518280803863,316.74066329251673,1730.2707449323689,45.44660329572027,61,0,None
300.03104543716415,310.43900081618,1613.864294389704,40.69654468925378,226,0,None
300.6108978363821,309.09042989058895,1537.577239234862,50.71114948850553,231,0,None
299.07444501327245,309.14715621479434,1258.0936515665323,40.43478175238313,77,0,None
296.76303165687716,305.6120131096432,1635.1648792567826,32.098030202187026,219,0,None
301.0527007267728,310.579611916877,1449.7969283264074,57.41314146097378,5,0,None
298.8774345705919,307.6495693081008,1274.3182800624265,42.472999271606085,129,0,None
297.440448532618,306.40161492614317,1715.1149411524145,62.27964546773772,253,0,None
300.3186410733695,309.8096172660264,1616.13988803471,48.25132544474737,57,0,None
299.5597806210924,309.26988982800077,1377.5021956315286,36.984653053244166,248,0,None
300.1512616834284,310.372448250283,1642.0974935066588,33.60964475054551,91,0,None
298.92919137304193,308.9238702720075,1265.9329155005848,40.1550151405571,70,0,None
301.4560941109978,311.9304538893927,1372.7699794930784,32.516869513902684,46,0,None
299.19692347658025,310.1792069835844,1570.73249886481,34.356402297790936,204,0,None
302.0438320596737,313.66610309108256,1660.981922426479,49.436730834019286,193,0,None
303.65601452636577,314.34577732094033,1495.5667693741505,44.053752465538814,119,0,None
302.813299160695,312.8644976961848,1735.828474047811,31.3836204993864,132,0,None
302.97093845742154,313.98065369688686,1418.374430555171,34.911572545352506,8,0,None
297.8829432266451,307.88465434993304,1942.0427500983728,57.17386916056489,243,0,None
299.92443497905185,310.4689127252871,1577.8958504379684,45.2063241961712,136,0,None
299.807117765883,310.4262771070684,1779.5219597229034,36.21900916673964,68,0,None
300.2712739883013,310.1698276896861,1117.064684526766,53.911281614823224,135,0,None
300.22273654162325,311.2262796203372,1292.9546723335025,49.225333382770785,75,0,None
303.47179943453165,313.99378589824755,1723.4884095130978,61.03151674708403,201,0,None
299.5244845121952,309.59159654876925,1538.595998538507,33.87007890167689,244,0,None
299.67094237051873,309.1938714075586,1218.118567769452,37.916791483869595,58,0,None
301.7778713197196,311.6584447364211,1089.9558474486348,42.62619681812078,144,0,None
302.181922034533,311.24415126319764,1263.5566292925555,48.84258883846693,19,0,None
298.87317071618133,309.49506734647963,1627.2166707379668,35.2051904209814,222,0,None
302.327338373095,311.90079712226765,1545.1943739613705,39.71759194780714,59,0,None
298.5354213662684,308.5074052226133,1435.086572700522,22.41905849569895,106,0,None
299.29303036247484,309.42080850109346,1585.800836339035,42.30002753560123,160,0,None
298.3933031227957,309.77515987383526,1574.2336891345014,42.37756765435871,97,0,None
302.9374098954492,311.1544481904128,1088.8575788589433,53.39616352566301,144,0,None
298.4120400069246,307.9079744819879,1876.699051393957,35.57480310556743,1,0,None
301.60813104284875,309.3960153778985,1370.4189435467092,37.08352427980459,13,0,None
301.3867214610638,311.5518013299871,1778.1405391094509,46.49391160309674,28,0,None
302.4601308589009,312.81510618297204,1776.654370468842,43.31395899248928,225,0,None
298.2977658141059,308.53773863725536,1686.7444677585838,51.99994984390178,237,0,None
295.95632350383255,304.98328006672443,1592.7162439828148,45.132716839686466,236,0,None
301.1514654287298,311.2988102538276,1412.6094979207212,49.177350498684746,10,0,None
299.78860505754693,312.52449834597496,1638.2371051995563,49.74924346312083,93,0,None
302.7536494197557,311.7577101802628,1510.4454190122144,46.79823431348155,153,0,None
296.39670504633153,307.73250427688237,1601.6738292493878,36.17435998975789,36,0,None
301.30938817897527,310.5796634831503,1568.127084929103,29.4685944846621,166,0,None
302.3283966311838,312.4799760134336,1700.8829140198748,42.25702852156707,199,0,None
299.1496594235608,309.02588699104473,1578.8960438958545,37.93695815972616,10,0,None
300.5560644811412,311.23348795537163,1154.5314783630347,42.89331491210448,19,0,None
299.35536840560997,307.8029946612629,1360.7995703872075,47.18551886813075,167,0,None
297.4178931848739,307.52806061205257,1577.4342138675197,26.308956951320777,85,0,None
295.08394667779487,303.78559829435386,1795.4188830204394,36.85190833228534,51,1,Tool Wear Failure
303.89662209805743,313.7036277332295,1545.800646105294,41.8382858704732,213,0,None
299.4961082824364,309.6912395111304,1446.7061457055393,38.70032770696962,255,0,None
297.3583898299455,308.2209481127012,1422.6864489464567,33.565945712738795,138,0,None
303.0663480376051,313.01485755150037,1641.647068806366,19.72760071787949,121,0,None
303.6466974281697,314.8775851953917,1620.9391210176932,28.70116797749055,177,0,None
301.28905937187295,309.9045011177275,1765.2563682825025,37.41598868411929,132,0,None
302.1617032551347,312.5370914655522,1352.6167111114823,50.9233120343429,139,0,None
302.8595875204125,314.820380921657,1343.7273111102197,48.2101156268616,179,0,None
299.707974589759,310.9906662222823,1404.3278219991776,34.59191050173823,36,0,None
301.48444047826695,310.4219958768835,1261.8124336237067,27.279912829952814,202,0,None
304.6214966507124,314.7599341740418,1274.2823921662584,27.596259442301804,217,0,None
297.45832924881796,307.12511765914957,1503.177457996556,51.06622211770288,63,0,None
299.38001146287985,307.7532807991769,1640.2234729990773,24.144846168423932,134,0,None
299.8727960804756,309.5827626497939,1393.4719344268194,43.987173569396084,117,0,None
301.41459043476726,310.93022512982424,1236.9286649372293,42.0558955161817,4,0,None
302.1540943411123,313.3595861018481,1586.2602265563064,32.49228803909078,247,0,None
297.48665719375674,308.7432424140073,1462.3247442992488,23.614430172573925,3,0,None
302.2804508396986,311.59145036528196,1336.0048426342084,43.357623562320775,223,0,None
298.1069129550541,307.78796743626435,1606.4536106292417,43.752904270822334,29,0,None
300.93177064376744,311.2406375849152,1267.7964266347285,22.30331053381901,23,0,None
298.4641930790751,307.52215726320765,1236.5265777743389,55.91605418869933,177,0,None
297.25999570289554,307.341717017158,1124.5474113177363,33.59502734770845,40,0,None
299.1377470106697,310.1678551237779,1604.3589960450004,34.16416352366483,1,0,None
299.88062115302927,311.05267970878776,1443.3169571521785,44.1372534933009,194,0,None
300.7319968739749,310.8834901904212,1567.2225003746914,43.979455452256964,88,0,None
299.96365123659433,310.074580950518,1740.2489507680934,37.29207165368133,114,0,None
301.23648223952006,310.5774562654081,1371.2404629611383,46.912868510514826,192,0,None
298.311906530726,308.7392032996015,1260.7851722286134,48.07705418084656,192,0,None
299.76959254377,308.85516774036995,1293.2657188515536,62.99142148115523,194,0,None
300.7151499950491,310.5030388210287,1441.499865470872,30.776016349222346,192,0,None
298.37471509303367,307.92260829705054,1576.9630645487698,20.66735884573397,84,0,None
301.1025047364854,310.304247757746,1698.0230802351457,29.348644108141038,141,0,None
296.5452590781788,305.59871791408716,1658.0204265412392,52.934022630437056,74,0,None
299.83186698202616,310.2168128176151,1430.3968431402157,48.03321208553913,84,0,None
302.2652334200028,311.3176474987387,1459.5174637388081,40.33684885233021,52,0,None
299.303997239252,309.38681211524073,1459.0617091598476,51.09757255832579,206,0,None
300.6516683495487,309.0860453359751,1483.5293372069711,36.45936455220717,52,0,None
299.2808068081121,309.9873793353081,1589.311067684651,25.246658704062618,236,1,Tool Wear Failure
297.940929947923,306.5142691947612,1923.731816708656,37.12372954603303,252,0,None
295.3723428200448,306.9919821073834,1679.8610781705725,40.295408645528305,12,0,None
296.2033152247563,308.08502329586264,1605.0184126068725,30.76725408862552,131,0,None
302.22869879819746,311.8358456074859,1707.8465742702324,51.901383633136895,29,0,None
298.8090148092178,307.60890637470436,1701.5589809960486,39.43881083571474,111,0,None
299.52862914433655,308.5667448860319,1119.6536819055925,39.63496776294416,116,0,None
299.72016701641786,309.22482796090856,1413.736547940915,45.49866156274506,148,0,None
299.63292287742644,310.48322816226306,1434.985773355293,25.25009249101817,179,0,None
301.92505445381823,311.6899179136826,1270.4195900883017,63.57577687088033,191,0,None
300.1281828780779,310.813202919098,1445.7909869604218,43.81116351560172,223,0,None
297.0380290452536,307.2583838103249,1524.8998360691066,27.246090690370494,84,0,None
300.70313427592856,309.728986549374,1595.8213635494028,41.531970880828126,44,0,None
301.9458168393755,312.4259023484921,1414.0887679453099,59.76791175583268,11,0,None
301.4073362329937,312.6500249646551,1464.7606712194336,47.67312903462227,64,0,None
300.3757687501055,311.69918898810806,1191.06113774572,28.915413389455885,24,0,None
301.5931848211301,309.9598475347417,1464.7766198120255,39.58923301011283,1,0,None
296.0690648129477,306.10161169424623,1300.4411942502265,39.315082780512085,19,0,None
296.9986937224257,306.4040149479227,1275.449772109097,48.784374803776416,62,0,None
301.3849688243475,312.7111276772414,1401.6566042292961,28.982540417477086,245,0,None
299.0817856626379,308.6447265622081,1551.7444572397083,40.629638472003755,253,0,None
297.51341007433535,305.65538430731743,1356.8057479740255,57.08089646309086,33,0,None
302.0039508018065,311.7142601168899,1579.54946184432,21.901380064983638,29,0,None
300.8585238285844,309.7103032805064,1182.4546433931914,44.216796896218895,199,0,None
299.7672322735467,309.32754823245386,1697.5298710114312,36.605087266155046,242,0,None
297.244768801901,307.8695275793688,1364.3747986933556,40.002436128984606,53,0,None
299.52435029632886,311.04791006520696,1650.355693760948,35.52743301300839,194,0,None
298.7030966619524,308.74741321995043,1503.1784066059424,26.779582976472103,252,0,None
300.05229752359605,309.0835300314327,1486.7642142805814,46.649240751625,16,0,None
299.63109005373383,310.7382068729877,1186.655850599899,47.143909833430136,218,0,None
300.5493821820553,310.76552056794293,1257.615025270974,52.712493346932156,67,0,None
300.0283499616403,310.4256357934186,1685.4611272173875,47.951654769676246,130,0,None
298.08490725025763,309.18279545621147,1368.3051139780234,44.61394956378857,59,0,None
298.2393265050972,307.35670629864416,1671.238023481365,28.151811830510084,38,0,None
299.26213226032735,309.30270320363536,1164.8219255205415,52.53137567556611,222,0,None
297.75200803681895,307.5711644763816,1101.1060782674888,31.55641143104497,99,0,None
300.9983533845026,310.6968134954236,1440.1909874482412,55.92270889833496,30,0,None
300.7958577052278,311.0352584946913,1332.2155838949534,39.95870651503522,67,0,None
301.04158418933054,311.23532548933514,1303.8328667060352,46.92782170289093,43,0,None
302.4787036080055,312.596112371208,1286.533221965563,44.47372977151638,167,0,None
297.7835793710069,308.07410109589506,1581.369053723608,23.533078912070415,43,0,None
297.4770383357995,307.87778251978153,1668.2079037968888,23.96137544500933,85,0,None
297.149788442532,307.8614929161556,1367.255752988675,33.47291470497101,74,0,None
299.26802772777086,310.8647882601499,1574.2076697953578,63.208756097350246,113,0,None
297.85982443339117,308.91174108355403,1219.7793612750665,29.408454033124215,36,0,None
298.5495058128236,308.41163336020566,1757.8721939409982,37.84467620610354,202,0,None
301.43282030190653,312.27748028646124,1133.4301920504429,21.123780421157054,27,0,None
299.47841066096464,309.02614466895926,1295.3001659848978,18.82002470383484,222,0,None
299.6754653839093,309.561606120107,1575.9213903885898,51.227505604504735,72,0,None
300.21932703742954,310.09757199036045,1851.8282617726218,53.27179019471619,96,0,None
300.06925804220236,311.31568636996985,1162.4106982077737,42.84741151382621,68,0,None
303.302818584549,312.2083128176268,1497.2365276334767,34.3051064184752,217,0,None
302.17981834008543,311.8154293533225,1262.7580380583947,49.23995662810164,182,0,None
300.66153957130183,308.92160265769513,1012.9905786727068,45.50383481553817,162,0,None
300.3982288382372,309.9774249901338,1888.1775147491378,51.03945920776569,211,0,None
300.116199412804,309.7297809780446,1485.7135325965453,29.998768540117034,14,0,None
300.3581754969439,310.3107427143593,1551.1165653501043,46.167414681289486,187,0,None
294.7009799281127,304.96358571627457,1266.0197074610692,60.836813186993915,28,0,None
302.7554108603471,314.84558399970183,1387.8252330597732,38.663295565031184,74,0,None
300.8160221837486,312.5360096594594,1701.9214915224386,37.42166727596273,45,0,None
302.6816738379925,312.90147968369706,1536.431640268992,25.64767760523464,71,0,None
303.04055707567824,313.0645358639391,1610.3329614427564,56.66799261395836,45,0,None
298.88076443008066,308.80348302778236,1414.1959694040022,44.88720962459134,130,0,None
300.87448362149854,310.0155787322058,1280.263604169182,41.12504682110267,156,0,None
301.97890378198093,311.3032696574496,1252.6197784518151,50.0135524011997,225,0,None
298.58740860309103,307.91007311817924,1550.9965410688524,55.2356537203233,85,0,None
298.1333910906548,307.2136308508867,1386.7220147015983,57.97721095338015,133,0,None
303.7649858869772,313.85921361220096,1467.5528987041616,39.32595391386027,175,0,None
296.9255302991898,307.27323290120194,1312.5752687121822,46.067224523924565,157,0,None
300.84417352166577,311.7058765581549,1556.530791838569,33.54736211596931,211,0,None
299.9670515190987,310.36318806909225,1723.4169744628311,53.64927373851125,76,0,None
298.9850237762888,311.1159152197662,1289.331731763055,42.98081326487997,125,0,None
295.0745642878681,305.8709186521179,1368.853493752465,38.52161059455336,226,0,None
298.3024069627567,308.8348404559935,1620.6625593309816,53.43216624418067,73,0,None
297.9151593174382,308.74878600670417,1398.0648719870492,46.99254688711328,104,0,None
301.94711454624695,312.27278252895684,1530.6136882380636,36.66818416263078,99,0,None
299.7200280466479,308.43044413312816,1497.0278773915252,46.81219560907573,65,0,None
297.9490444399737,307.01697611412607,1657.7787202471918,25.925631932422593,44,0,None
297.07882482520796,306.2206046461794,1454.7916820707596,53.53831232556136,162,0,None
298.0750008517042,308.7645891223366,1577.4263340623397,46.85204294066955,189,0,None
298.68255649740604,309.047753475405,1323.7750869497704,17.410090303930154,39,0,None
299.9378681647986,310.07920311178884,1386.3761287436664,63.326642834035745,159,0,None
300.05568274307325,308.00110952878714,1389.8122629711504,50.58061722390407,243,0,None
303.8308090937132,313.2161619202191,1214.8011295258175,49.72457249767854,72,0,None
299.73283523423174,311.18773309517394,1743.3276916826712,40.58626972050294,38,0,None
304.0730410109052,314.3248473932197,1470.4598034975115,31.28542864673308,38,0,None
300.671664619627,311.32921251067825,1704.3821567584168,49.09564183107349,223,0,None
300.47297805228925,311.69862922330213,1589.240331397594,33.888968060115594,15,0,None
297.82856551194607,309.53827924316187,1577.8569564567274,43.985492832642585,7,0,None
299.7287831020521,309.4615832646082,1551.7264798361202,39.14635228185193,77,0,None
298.9694170105124,307.2048455930233,1370.993151172678,55.617360571712965,123,0,None
298.15904092849377,309.5732528462332,1680.680842307002,33.739462485320054,44,0,None
296.9205673681665,306.2338245248036,1506.4967699007882,38.357176676142494,65,0,None
301.54928524846355,312.7820206965676,1665.2373612146919,29.406972325410123,78,0,None
303.03193219264574,312.94678415486953,1407.977586322693,44.83160646534647,208,0,None
301.6403013408809,311.4296445996339,1584.821789022094,20.232772057157025,158,0,None
300.2273412840533,308.80213620263714,1442.3978627702231,40.91040886904868,79,0,None
301.56226209169574,311.7273650549621,1192.5559708092242,45.10835083588227,243,0,None
299.00043338902384,310.6872716001632,1374.0606402669114,37.633323350760236,99,0,None
297.94375879819876,307.81549433342593,1311.3245645439283,42.720115260822276,136,0,None
298.1587104589643,307.1505489733401,1575.254329052473,39.285024301171504,139,1,Tool Wear Failure
299.115103912892,310.25118416349585,1413.560144961869,30.923050348272064,58,0,None
302.8076103190443,314.7306370959818,1546.2100105519667,35.89372832418129,38,0,None
299.65680384177676,309.96025148847616,1443.6511626162917,40.84795066997291,18,0,None
302.19256589583614,311.7170475651195,1449.9844776827824,32.80469205789232,81,0,None
302.95975916994377,311.3995613286033,1830.356523545815,51.39326323042043,170,0,None
300.98682909623335,310.08936934577866,1337.9913864844266,44.84069909584994,9,0,None
300.66658528464615,310.3590951188879,1449.0688213849783,15.873603824904876,154,0,None
302.24325878735107,313.4950331128909,1681.955226510897,23.051719116373285,8,0,None
299.479458623566,310.38024060193607,1405.4707624102232,35.45514495630815,70,0,None
300.9148192851751,313.3645201801487,1342.5531681313546,27.769839386596193,106,0,None
300.8755490557491,311.1136183592767,1560.7276830411586,46.73607999133884,215,0,None
299.8340255260122,310.129855630008,1629.027518111071,33.69223843681591,195,1,Heat Dissipation Failure
298.36775824494555,308.8074378343276,1620.1325214549101,44.65228568397352,119,0,None
299.53501679645285,309.4740802434301,1605.3372565284737,42.46188408818438,92,0,None
298.26838556924486,307.65271065337356,1201.4808008246807,35.9118073962514,177,1,Overstrain Failure
299.746779648665,308.0654693121228,1596.9065077532152,34.8196183836318,69,0,None
300.5009873777097,309.7884751236167,1529.1863621483515,38.559076574843424,119,0,None
299.59908791852405,310.00879588714974,1192.7752547101452,42.70021016248953,64,0,None
298.2119662326293,309.7361464891477,1370.350102074224,24.393277496438543,145,0,None
298.3493317101008,307.19387088243855,1191.6067633004395,37.458649276469615,208,1,Overstrain Failure
301.12337040479565,310.4129210830642,1442.3102633157907,44.389266051626144,153,0,None
299.9413670873743,310.0639842329391,1105.7206435009318,30.039447695624276,198,1,Power Failure
299.2139115439278,309.0312764256834,1221.563777400775,25.51139522991175,76,0,None
298.4205010699744,309.5633338242469,1269.9580116951079,50.10580657306119,257,0,None
298.34902358495316,309.71400448548155,1512.4236821172376,29.293324751716817,56,0,None
302.3793461900777,312.69522560360946,1472.771624504683,35.63089780199351,129,0,None
295.69413320586744,306.7879808229231,1846.4840262274652,54.36460050196989,83,0,None
297.02280822561,307.4098722026151,1555.9580792311294,22.605544000436826,117,1,Overstrain Failure
301.56584942628507,310.2860669999458,1449.5444087152093,73.25579569031386,13,0,None
300.9021056777597,311.3700908807382,1672.5908814159488,39.94383579209829,107,0,None
301.252514786856,311.17568777502885,1151.8399067510782,38.26710179182291,229,0,None
301.23541765331976,312.4413134004187,1669.6386919318625,20.437846700841725,16,0,None
301.08236782048687,311.2078847140809,1358.5166818947862,30.56004146533496,258,0,None
301.1239337391446,311.1174617066054,1537.3550341158627,40.385251959491676,132,0,None
303.13466425399105,314.35138461800204,1611.9284695803592,55.11304968289843,98,0,None
302.7573663669982,313.3817053977567,1461.5122012807155,40.89983952906084,238,0,None
299.16817560886426,308.42560654751304,1504.2326803283684,37.2154733612628,244,0,None
302.04224091242537,311.64755699055735,1751.8987094367726,42.71661190573598,175,1,Tool Wear Failure
304.4913807524144,314.9246599144462,1453.401656670242,51.882482957742724,236,0,None
300.4107198904994,309.11767453322597,1328.570686262097,56.3739030386247,108,0,None
304.8204605128142,313.74167275129196,1539.845041840738,39.627481201835074,150,0,None
302.4225343803938,314.69595069258895,1230.5224291427771,31.12162084046119,21,0,None
298.4394295232298,307.86783115625116,1537.9163840136512,36.34466434184724,216,0,None
300.29007111984686,310.3595359377102,1520.1691757398746,47.7523067308468,255,0,None
302.13924204012477,311.3818376406812,2112.7424465817,26.7529000666498,32,0,None
298.510390750918,309.6529582502857,1408.8741346962427,32.91530110379661,146,0,None
301.8252234021088,309.70124262632413,1442.3271038257988,33.802395594359695,149,0,None
302.12125567840354,310.78860833294516,1581.6247856423815,34.88047540527288,128,0,None
300.6425920321954,309.7052826660684,1244.0430517227003,45.730003248031,57,0,None
301.8769166896333,312.4296396622728,1409.0645356187567,36.881945983748366,206,0,None
300.2960194190243,309.91958077708784,1718.2066397028582,46.3553608899682,248,0,None
300.14251739444836,308.3720113501627,1892.380883977138,56.6697629066793,149,0,None
297.6510345225285,307.2543932972139,1312.056068711434,27.847940516515315,203,0,None
298.78949730254215,308.42171426002807,1440.5227935931578,22.749490452223796,127,0,None
299.716807201799,310.234900204167,1247.9370583014747,37.693303074450824,174,0,None
299.3002162885617,309.568390191366,1574.3092544297122,46.11240387185424,180,0,None
302.902435098364,313.92260964204206,1176.6016081443515,33.733840374097184,224,0,None
298.03838907275957,306.74731285332535,1680.3216967881463,50.007109292654135,248,0,None
300.0684640597846,309.58111291148145,1352.0046812595756,15.77328329118627,246,0,None
301.6939692516849,311.5914248216826,1732.0116172178425,15.614454396776747,184,0,None
299.944483383893,309.0166826765794,1373.0607345716146,45.32459990646786,47,0,None
296.7271359126736,307.5637865807668,1486.6726090046438,40.93256460118355,4,0,None
302.9503458917188,313.2283184771044,1263.4371698817124,32.05280112362467,27,0,None
299.34379782760436,308.1204791369119,1611.36895723388,56.921481560924036,176,0,None
302.3456738736989,312.34492165940856,1549.4841338778,39.28973264292481,20,0,None
297.60588419735234,307.8729526522905,1478.1644281986678,28.120789116741072,11,0,None
301.2689731983323,311.7105203918424,1216.607835809496,37.01138419855002,106,0,None
303.69177840270146,313.6789587262287,1703.8760582517825,39.304724442640016,42,0,None
303.5176400478446,312.35178045035207,1506.728222822223,51.91238493730083,59,0,None
298.86932355253595,308.9663009921985,1631.6269266228014,30.090155539018284,221,0,None
301.84919828630046,310.88493557500203,1232.500732734709,32.095706435648175,199,0,None
297.28897646090473,307.22819228646676,1538.8189627593583,37.00187001717591,86,0,None
302.34605761903003,313.11976765095557,1542.0888249159514,42.555292264776,93,0,None
302.11844186377164,314.32711532287595,1468.7983131736057,39.038818840164595,169,0,None
300.7775017906326,312.24596081455456,1474.441717291528,34.61230886344541,251,0,None
298.65971316540737,306.4300635184443,1373.6670955389216,40.181232143996176,39,0,None
298.5791429567022,308.8105649292018,1915.0371709544788,28.825285065652402,34,0,None
303.3640255406813,314.0613479577124,1389.7913259479728,44.63767179211922,256,0,None
298.91103222099684,307.64170083288815,1394.1176726519745,27.372735740361694,243,0,None
299.80270896725085,309.21589386879907,1648.5567811679236,37.46583585494724,214,0,None
301.70330049383887,311.63307402379047,1442.3345028130304,49.717859498864,95,0,None
298.01084104097464,305.4443276974344,1521.4241819461665,31.78216512468622,160,0,None
300.68093519167576,311.52440703263767,1506.354169515656,46.0832425221886,184,0,None
299.95246169795075,310.2857872086484,1632.9357485545424,30.279257656084553,208,0,None
301.54053135397425,311.81233903251285,1674.5609990104363,26.672785832445793,56,0,None
303.7573647351178,314.06759409749,1231.1758706983967,48.29119243853685,98,0,None
298.18708582415695,308.03731431163015,1626.8656920247663,52.143525073677445,95,0,None
299.95056004599627,309.5956935901221,1718.5131177142946,47.39677582744977,255,1,Tool Wear Failure
298.0329648650399,308.3648514605821,1590.3800319476256,45.50009562712158,6,0,None
305.38606694328246,313.96694031230277,1447.6128271437096,41.27588648362436,118,0,None
298.96594571906206,309.1587150087974,1495.1112322834688,23.23532687270883,181,0,None
298.7269385037932,308.4588786436983,1822.515893242801,48.42251833866596,248,1,Power Failure
298.97447986935987,309.55671758549346,1411.492426835051,37.93111849878662,160,0,None
297.7791763565109,309.2732739260585,1338.451427835966,34.33091002062748,249,0,None
300.50540679799303,311.04456711360257,1475.496118973179,46.1250941068874,72,0,None
300.29677840593416,311.0386253871706,1636.3150647846478,38.71250458318369,232,0,None
298.585783258646,309.48020519766607,1505.7662688795913,49.75660295508772,102,0,None
300.9910572386509,311.78267619587933,1396.088329060808,47.05847027685587,88,0,None
301.0792721730774,311.1043002957906,1701.9187422442935,34.516340615035034,44,0,None
298.9938640360489,310.58601594234113,1622.4213607704812,45.041948814332706,152,0,None
301.70211774699874,310.2729734163169,1426.8509597103405,52.503847042190934,201,0,None
301.008022557335,311.1582551360647,1492.6585273299236,48.83670686673232,32,0,None
301.7281524534617,310.2800531016828,1466.4342359641819,43.912224116358935,61,0,None
299.3770792125064,308.82046201215115,1815.9915501926603,48.68285456119793,132,0,None
300.0398396190709,309.9984848122965,1705.3177810970049,27.138966931050476,165,0,None
300.9133969221645,311.7646482533999,1827.9442750566573,34.77722769439994,59,0,None
299.68577764362755,309.7591028661172,1476.0445535033973,55.309015636878314,199,0,None
301.913435112898,312.64536028397765,1600.537786761261,47.71079945384038,92,0,None
304.3020968108007,312.98341359698895,1374.152305186915,56.42365912318161,122,0,None
300.42453696175585,311.7357931518475,1315.1280917014326,40.48656652548075,156,0,None
301.7198375192736,312.2995912270364,1129.716342375844,38.195882131894535,164,0,None
302.533229281777,311.47568561742645,1446.5467668050107,46.765897806845295,186,0,None
300.713939882265,309.3332125707012,1272.0362147121477,49.9206411275202,254,0,None
299.0883651861823,308.5552021936968,1348.8098913579158,45.80430277726421,36,0,None
299.40094325384484,308.442091422267,1785.3271062313584,23.347630961998565,114,0,None
299.00414226587105,309.672377104858,1637.9407052903764,39.24662775775586,161,0,None
299.6492352397201,308.4487814726165,1830.308121896968,41.44625192011186,134,0,None
301.6206705646492,310.30378808227044,1856.4320808305397,39.0585125094452,178,0,None
300.2294848539535,311.3737441554946,1414.056466767183,54.76499301883149,60,0,None
302.61462449552175,313.0523581576123,1258.1638984648428,23.930224708077553,132,0,None
299.9802780382256,310.20509437123985,1379.4972314810336,43.22812679154027,138,0,None
300.0037793134239,310.01157962789796,1324.6840863680743,49.89685317018821,12,0,None
298.8040443881218,310.4490790067018,1665.5342035931255,48.830339253551415,238,0,None
301.06115324738465,310.5712613436211,1436.2988596883156,33.81522535046044,136,0,None
300.6727546606815,309.89295388291833,1517.5228727569806,49.89766021071491,20,0,None
296.54204661794785,306.2276878813544,1701.7372424575567,49.38814125143517,224,0,None
298.8087923949439,309.50472084713516,1463.8080760344305,38.540056634394915,10,0,None
301.5717843631944,311.79091407848387,1685.930416248026,28.893021324311015,26,0,None
301.6399337718513,311.0539297447695,1450.6205697360654,27.40178840224435,38,0,None
300.1835404015662,309.17092357364845,1197.0360312372486,37.21974274198564,117,0,None
300.4372600888666,308.876395317735,1745.9115260181563,36.71087167985998,140,0,None
301.96350110342513,312.06661052214054,1660.498149449236,48.296373394608906,209,0,None
300.0509465072304,309.29715996573566,1423.398604987205,30.596997835414246,237,0,None
299.8052240532742,310.011655294538,1630.4659722434192,37.15651474521224,2,0,None
297.1752894794541,306.90401328480993,1158.8020546710268,34.62394579606806,242,0,None
299.8168435663985,311.73903273661136,1742.8101076511502,38.94516405655181,22,0,None
303.2475167222802,314.2385298777199,1530.7053282066422,35.0687007490569,158,0,None
298.4622497414812,306.5509069387162,1575.079983583552,37.94480633198207,132,0,None
299.04999363163694,309.49149616152846,1553.8805430342309,35.58327206314659,14,0,None
303.1585657338658,312.22971359770474,1011.1577786120872,46.27035498553247,140,0,None
298.93521851709806,310.9933299209875,1293.4060570467732,38.03144617748325,96,0,None
301.96193798497234,311.21910333428644,1696.1816482757436,63.33296294634791,64,0,None
301.779918294378,312.40362378778644,1346.564802345582,46.000640218277574,71,0,None
301.67865566244643,310.2617547011193,1600.6377567989418,38.429641861786095,17,0,None
300.2112554932111,308.62866410898494,1256.6090125541505,44.082618466087865,189,0,None
300.7699354076777,312.3520383925803,1234.6454115225488,45.521908713201285,47,0,None
301.47944815408044,311.63898484719584,1340.9487258063807,52.77348447511599,118,0,None
300.80715420271605,310.13898428296096,1526.281460675291,32.6383649391655,39,0,None
300.5609521450317,312.94564059153714,1770.8514916444014,40.70322625458861,149,0,None
301.0211846479868,311.6244198220462,1485.1338846695414,29.118124052954826,162,1,Heat Dissipation Failure
300.0878047837671,309.8460509306141,1697.5668075160959,39.358733075743444,187,0,None
299.311129938444,308.91717334973174,1228.8164763352497,54.6504774920546,201,1,Random Failure
299.11755415365803,308.32390824243345,1394.4326996598008,42.532798966659094,120,0,None
299.2089548033527,310.83162053429,1453.2695152619199,27.967738429970627,207,0,None
302.6105127134861,314.8418914880205,1335.3377235345615,27.012441188076053,183,0,None
300.27418988764396,310.42075943049133,1499.4723565918287,34.38656200951299,211,1,Random Failure
301.0892396783509,309.1430041389153,1183.6914322296948,37.31664524281804,182,0,None
298.67239285735417,309.2455417853773,1118.2370445773838,27.672344080596844,9,0,None
297.13301321926815,307.17684120164245,1550.5481001191254,41.54373186624948,129,0,None
300.5443084629575,311.01917598988626,1520.2360664247246,36.984078796408355,11,0,None
296.94775839148343,307.3161594043089,1515.221476531614,24.75908500890165,70,0,None
301.8364376998625,312.0811826455313,1746.3269312521666,23.42469452105352,232,0,None
296.5358746908013,304.29236111875963,1543.744600391824,48.077976652581874,100,0,None
299.1987397893513,308.411387225631,1467.2469024315765,54.08884478918405,42,0,None
301.4841187866618,310.60222467935995,1411.339896027161,27.683966475132564,23,0,None
299.12847816801553,307.38603246378403,1542.5903689544825,38.34094338966408,24,0,None
301.6424407245189,312.3498838443106,1675.7576092315653,31.993220990862795,119,0,None
300.3714256973583,310.87757524558197,1715.8064617233695,45.09482622005263,229,0,None
300.33252377068874,309.2087148897323,1547.8760500485632,39.99532204639239,169,0,None
302.0300613488348,311.43084333326806,1292.829947444982,30.14471496286351,188,0,None
298.9807787944665,309.7167667932322,1487.2248890678225,56.967705145429825,155,0,None
298.0466503571998,307.0709058535861,1152.821962704977,36.57750763851146,229,0,None
301.6728394531472,310.39969337292354,1315.1110248150787,39.912265643182366,17,0,None
301.6518309520327,313.40881232903547,1443.3249876618734,19.25540405767938,170,0,None
296.7520043743258,308.1645993499049,1394.4796377664186,26.367825438108042,172,0,None
300.2804824125418,311.2038590777073,1351.704325118299,64.24096877693927,105,0,None
296.50797201831705,306.0870271735782,1214.5048736722097,43.943062093097126,87,0,None
298.1285691961025,308.25574325323817,1502.7611494236407,35.19012936925568,145,0,None
301.49425262698793,309.49290135964543,1782.534446061642,28.578148114639447,75,0,None
301.0096164425782,310.9962855308428,1325.0318310454586,41.43290010879719,137,1,Power Failure
300.4301500457287,309.4158692491875,1602.035483985217,52.66188555871953,112,0,None
301.76909962068,312.2264852141071,1857.0016272783785,42.42711315537404,177,0,None
302.8981822026227,313.1942744807153,1240.1201021393827,52.50109695977218,87,0,None
300.4558235773804,309.2303449879928,1441.0347009104405,43.02299193934758,63,0,None
301.0642818991825,311.864261995195,1594.339702425928,41.66620258574242,50,0,None
299.9887865401184,309.6436668173113,1512.8393435042883,56.589444066177876,113,0,None
299.38083559322695,310.7429062022602,1404.4332742362144,38.23423112871619,69,0,None
298.7075103029517,307.69707623752925,1129.8774414484335,34.60377697149099,216,0,None
298.8663535981374,308.42572521429906,1598.1991072856372,32.698386548491825,65,0,None
301.3457545127209,311.94242953116577,1770.266689100776,38.04007234637563,145,0,None
299.71560840902765,310.97115843631525,1568.6624653183221,54.30022323835955,10,0,None
300.8207286756813,311.6140306494798,1449.326937637942,38.051869332858885,73,0,None
297.8995405862769,307.5420268068719,1912.3804831184084,53.502260934465546,115,0,None
302.47111453712716,313.6527314752156,1390.2335385185283,54.07219474712016,234,0,None
301.4676344859674,310.4948494482592,1715.4371306624862,32.4826299405172,105,0,None
300.9398543104943,312.60614419973354,1787.9506419007525,40.705971041538824,147,0,None
297.23114730952614,308.04944087879153,1423.7151250001818,43.95236392900651,219,0,None
299.18545384317054,309.38530470308564,1283.877947344508,47.30592386311777,21,0,None
299.3720487517828,310.000400861914,1522.864278291882,46.431428254870006,153,0,None
299.39984943335384,308.6767910485107,1436.7286740057968,16.529807318732583,82,0,None
299.25707015054223,310.04230731302,1618.665035919868,49.32746467739594,130,0,None
298.2159644980973,308.68904032137965,1534.0706848782809,50.559231867987094,98,0,None
297.765223056704,307.8528741567509,1520.3254952034008,46.84169840669986,22,0,None
297.09891833749685,306.18322810686544,1825.4540974957276,48.6963827794011,177,0,None
300.2726485728768,310.3656554239121,1848.071455392242,21.262083314541517,222,0,None
300.5405151882264,310.8192610297562,1759.3194873931602,43.962805180175465,23,0,None
301.21923476114756,309.92823755321416,1087.0854700787947,40.874237196110855,84,0,None
296.9534351647028,307.9051723581608,1606.6220097378343,36.49206181540646,21,0,None
301.22187233697025,312.1730978975629,1327.7174890205035,65.89873235789102,205,0,None
301.9290634197481,311.39479935488225,1567.3828539094657,49.0171283597778,151,0,None
303.5632820205275,313.40399642273013,1525.4781581049256,48.311710729595106,207,0,None
298.9803422636299,309.44391524767286,1474.9977773794255,36.000997383223584,94,0,None
301.55406047471376,311.32599095798645,1298.8241232781756,34.56801506716673,140,0,None
299.6450155485679,310.3208564800529,1830.2732459633653,42.766639329362036,92,0,None
300.2054545096911,310.06304641338585,1117.2750402040024,45.56163920925587,79,0,None
303.5510396902108,313.50138519581407,1602.310533027258,42.48655974898975,247,0,None
304.4893811275557,313.2350543054142,1577.9402674719795,42.31297830507522,153,0,None
300.23190892291007,311.7614040903375,1210.7768247180309,37.970109581329076,161,0,None
300.14624351030443,309.5457994912449,1366.7008031957107,38.257615723329785,239,0,None
300.60562117135976,311.4237524633125,1441.1641420667438,32.13735749090085,179,0,None
298.7101109420443,308.1235445152493,1679.4215108649526,55.541686252142426,61,0,None
299.76436045542056,311.00904905233654,1316.3917611975833,49.86437934746343,168,0,None
300.1009834751775,311.4668488951495,1439.9237252931769,58.45566455958295,156,0,None
299.58321982449456,308.7340347671322,1317.6184540464064,54.292006605504,152,0,None
299.06213331179356,310.9271792817612,1483.9610900986543,50.51847170851664,11,0,None
300.3570720990917,312.7154804871359,1407.3050295805824,30.689322834214842,238,0,None
298.5410688835001,308.8986210920544,1951.9685682326995,60.899100166082576,110,0,None
301.41018732483656,311.58445264900513,1458.6058842668965,40.85415223924255,198,0,None
302.1645878566755,312.383263543032,1552.543410640495,31.06504547564124,216,0,None
300.73744642300926,309.1794770807799,1380.487834368818,67.67437372260332,224,0,None
298.71544366305085,308.46927266565336,1515.3827805977262,58.09602321089979,30,1,Heat Dissipation Failure
299.6799705714547,309.1106493336322,1564.2754640847006,33.977253825214724,35,0,None
299.8889975937709,310.1162342918338,1269.840364438086,39.079793665724715,93,0,None
302.85925478885036,311.4755552370028,1523.849535895212,33.22101854673596,246,0,None
298.22770192678956,307.0718861723463,1768.7605324052195,39.816338514557124,28,0,None
301.5091518670091,311.1925891350479,1432.1110853976309,41.52385820030185,7,0,None
299.56415752637344,308.97213095178614,1293.8718583330665,20.087685172536716,66,0,None
300.7450493824599,310.5384770937043,1563.1882260445554,27.890369600043428,12,0,None
296.7038898631237,308.8598275825647,1222.156470302338,45.690404263616145,127,0,None
304.02821106865485,312.41897955761846,1631.804113636082,16.680007077551213,150,0,None
302.24062317507924,313.3913282914007,1566.2838600326425,52.91181515660961,224,0,None
305.30233652670415,315.16717841148227,1450.6974261573514,19.226030903705272,142,0,None
299.0059967554822,310.61042801332144,1411.5047429793856,50.05304149470722,243,0,None
303.49861955826844,315.59133834307227,1505.734744565854,60.48440366832247,130,0,None
300.3286946667725,310.76932808572474,1500.8412946881983,41.53959552700677,140,0,None
299.6538703995704,310.57376196879477,1645.5029462696552,15.370807423630914,11,0,None
298.60881859759434,308.7895319166116,1620.926975097691,57.67585853133489,117,0,None
301.38615317243324,312.03461407255213,1985.9767221757565,38.72422430943116,126,0,None
297.9199989073316,308.7286516561578,1191.437877373862,47.85131097119518,234,0,None
298.3356041492164,309.0557683611079,1230.9888152182018,30.9293023880145,209,0,None
301.9138177570648,312.8227952005623,1561.6770905702595,48.129459840247165,234,0,None
299.5390920254796,309.35103111015314,1228.1051330380776,40.445836869694375,134,0,None
302.0949557586423,312.6772247985999,1539.0261759530872,43.54053559046023,210,0,None
303.84914783588545,313.5152262969498,1448.0180950882225,50.97904939099642,242,0,None
300.4779484016673,309.9872420225866,1676.4058290623839,34.322630169908386,178,0,None
300.1446933001632,309.96057363158366,1450.2650671714828,54.10572631622895,235,0,None
297.90089784451783,306.91969760159697,1576.1446732443537,28.2095938111778,56,0,None
298.2971940044478,308.6480373677634,1535.5144346696104,30.57866112982319,100,0,None
296.2866104388395,305.55397142203964,1418.9784187037217,27.688815319617888,103,0,None
297.6544896730163,305.48754840411937,1564.2265597819157,25.428271763217438,66,0,None
302.0152008354238,312.82696415204975,1708.427090122757,33.57968102091751,134,0,None
298.4347739683372,308.1470099522729,1521.193960725404,45.4045825643528,167,0,None
301.26048219645077,311.16507484714975,1390.408512281999,32.7810599436052,206,0,None
297.2427745376688,306.6869298556877,1673.1047867517282,35.81189463521331,250,0,None
298.6299269274423,308.954163446416,1260.0731488894064,53.52489818110001,210,0,None
302.4667580573499,312.4314815008258,1738.8504333848355,35.928046476718066,231,0,None
300.14580235778527,309.52372969167726,1248.4464347381356,28.536766096242673,126,0,None
300.161213481347,311.58024538190705,1375.6005552713996,58.322285532911096,53,0,None
299.76005004553866,309.66169882081215,1687.5706263008567,42.54950620241074,190,0,None
299.3335238488597,309.4711600726119,1428.257180746179,39.55529457253797,220,0,None
304.2307460621347,314.16279745871157,1593.0198514723388,33.709966218685295,63,0,None
298.5430369370985,311.02702298084506,1497.0152333459826,28.77003686029078,75,0,None
300.6999692146353,310.6811043519043,1281.4632418879087,48.94189050470251,158,0,None
300.6676511429792,309.78905151443746,1316.9529278445018,30.50173580086833,27,0,None
296.797881818108,307.39401900459626,1351.0205487160329,24.48353053438867,81,0,None
298.6235431571149,307.11878614703653,1320.96205213185,58.68652743831077,5,0,None
298.4529693363544,308.80994416495355,1367.2334756109706,45.28467021287682,81,0,None
297.37138027234073,308.5372477529674,1762.299403783001,47.27502183711038,177,0,None
300.7008517411441,310.5554370469374,1479.11559104153,58.61192781493948,67,0,None
296.811178666129,306.495405148025,1260.391828675233,50.69855190389003,237,1,Tool Wear Failure
297.5760525868128,306.2650902740735,1551.1814249844663,56.71087200091043,197,0,None
299.1510652525004,309.49097469309663,1644.7754039390031,37.62937042078647,231,0,None
302.8029434072653,312.9320563297316,1493.478072167846,38.78276763533903,107,0,None
298.5568548147704,308.9455965136401,1453.6873599377307,39.60796595905634,234,0,None
299.1618208611995,309.44360719624393,1303.2147985614467,28.072358695522418,88,0,None
302.1730260629896,311.4394425598579,1773.164405030756,42.26721967781882,7,0,None
296.2851823658406,305.96782548683126,1647.0884316139764,44.00109366855514,83,0,None
300.59153766864813,311.10190417429385,1543.8328730166113,68.17838779992006,92,0,None
302.2726885959028,312.4748304477379,1413.4806721782554,29.85126549214745,214,0,None
299.25095679887164,307.858445605134,1432.3389853930255,36.80350907803373,199,0,None
300.8203364294894,310.954214978374,1592.5669494038116,44.68777051429241,23,0,None
301.4586835381979,309.0385297915761,1398.8963805946069,40.061730074165325,1,0,None
299.5978801064556,310.4460442714847,1581.6324029060954,24.520951990851735,23,0,None
301.1687094966372,310.29796093437966,1586.3419953870018,44.89673186201861,32,0,None
297.43513238718555,308.0701947132611,1346.007962069309,47.764397166389244,147,0,None
300.37893105768075,310.18920319392316,1461.0032716884386,58.67011008900346,250,0,None
300.15018213279797,309.63796762315997,1548.3049533314288,32.21791244655363,213,0,None
300.42655240392196,312.0563979165516,1602.3546892826648,45.32187457655675,128,1,Power Failure
295.19163697216845,306.3523398537702,1409.040825581897,19.582372419159903,44,0,None
296.3613830258907,306.7012808642544,1636.4622246072136,27.38499728429497,10,0,None
300.0280713138279,309.1377043756389,1612.4254963316819,38.728087285931466,243,0,None
300.73784768907575,310.86759303824704,1442.1707396771274,30.31119988808757,15,0,None
301.7647392380199,312.9995456454322,1456.0889498416525,40.35238450575642,8,0,None
300.7412982583303,309.57571688829233,1501.5505496368598,36.74517907251649,220,0,None
301.1520328086364,311.5269795296842,1415.0481013078818,47.94342877687846,17,0,None
295.68263853307656,304.94974893304743,1218.7243410049932,48.50617383406404,51,0,None
301.76636989525133,312.0458312863603,1515.7948669017294,54.47771713843878,127,0,None
298.38797186788014,309.8890604011573,1806.8545743473992,52.72910696607041,86,0,None
298.2261502661157,308.32837606973874,1597.7127427524483,43.04113614436475,166,0,None
299.06272454794225,307.15556456645754,1800.5289692650547,31.26521268945877,1,0,None
298.3132738022019,308.29031816408025,1153.0215192353912,42.998104033916725,249,0,None
298.17619801016457,308.70471276574085,1689.3089660748542,48.967066258520454,87,0,None
299.94300893627474,310.2977704914561,1667.3815646546168,33.39435307263247,136,0,None
298.59502575915604,308.1684829407202,1545.0864535749815,55.407405957295815,255,0,None
298.1920140251397,307.2947195133179,1362.5796502201192,15.081191554744201,78,0,None
296.36521549509285,307.08569800751195,1316.8863812979396,31.807910404362072,81,0,None
299.6896310588602,306.8615446691675,1272.0793238068945,47.571063946705,218,0,None
302.22346440717746,313.7173167590466,1340.408730967836,18.38110962532955,86,1,Random Failure
298.0086833520136,307.9938897520706,1604.8634847771402,45.72221981358984,60,0,None
293.1706294612039,302.6997929560236,1634.5879042741153,49.995352104024306,106,0,None
300.69434082816167,310.76997181388316,1595.9706675196596,54.77724162651729,30,0,None
301.0712418048435,311.4631718388797,1616.800454750701,45.75844614280258,183,0,None
301.0255680686283,311.5340757292792,1439.8794098315257,47.8663807001507,225,0,None
300.69214883206143,311.10093822652414,1418.3113002820353,56.37756267348084,239,0,None
296.65760251922364,306.88222078573165,1272.1372870799257,46.370301951496316,216,0,None
297.4825661140173,306.89944449579804,1287.049049917475,49.91918018588205,141,0,None
299.76023297856926,311.4114211435837,1588.9693522176094,43.31446428833266,58,0,None
297.7996517742044,308.50869026387204,1241.905632751891,45.399499095920326,207,0,None
303.6259545129931,313.96678343138086,1413.580588930367,22.16656744195852,215,0,None
301.7556811789978,309.56321137373374,1465.9738313747757,67.8786026260775,185,0,None
300.20986521217884,309.6486284281348,1461.8030989361866,55.00560470500516,9,0,None
297.249970309321,306.74395862385825,1297.3819050799602,48.39868870971821,168,0,None
298.2093632032148,307.52921297112965,1397.0346235238965,42.636964459650756,242,0,None
299.80944661413395,309.4870825994313,1685.9548415196155,59.54786637289833,120,0,None
297.38491105415596,306.66456130945824,1337.266369223131,40.74589796443948,9,0,None
298.99376834152787,306.49780490320217,1451.611398270936,36.41599675908555,242,0,None
299.92851305325473,311.72460676122904,1750.2471813695777,42.120311070670894,82,0,None
302.29099207710226,312.84101469618435,1515.3302667714654,36.45681359319243,60,0,None
301.72774037564477,311.5276736185023,1593.6897574809147,43.17744379956664,23,0,None
297.91962770969974,308.4909576116894,1610.4184423210695,22.702821221436793,238,0,None
299.9415535731841,309.2188928624764,1232.6522436939922,46.91422786941906,209,0,None
302.928833521579,314.0421180996678,1409.9913231437793,53.46619102342285,197,0,None
296.98749717091147,309.08642956229073,1560.1599916976602,47.53797840771292,179,0,None
302.5587355342207,312.42687942477124,1762.0625626680285,26.360127315971816,134,0,None
299.93447442203103,308.8859523033432,1542.5595605188857,54.86273026964759,240,0,None
298.06569547270743,308.20500548174624,1604.5174094151132,35.594155798555285,161,0,None
299.5301582369378,308.4718915493316,1579.2778857626736,27.073153659012767,193,0,None
301.06700802138715,312.0845788608287,1628.0217647620814,25.74428126129483,228,0,None
304.185060016017,314.9610663782823,1336.9096099057795,45.992181304101976,65,0,None
298.6995137381541,308.85443290997296,1410.0573191550202,29.43640314939107,131,0,None
302.9478629590252,313.8122529575304,1356.1759616278198,51.5928061353151,234,0,None
300.61063575863926,311.68459738906574,1499.1227790018154,48.9269578151731,31,0,None
301.8412698348526,311.0830472885827,1554.9828898266915,39.49460758606287,186,0,None
297.5672543000248,307.32907955309474,1572.3422206071227,34.09764899288212,35,0,None
298.30863393133995,308.54787015988313,1354.177539945383,34.1758936089485,25,0,None
302.49657495916716,312.7001745237984,1470.8197238086839,31.997151727558062,253,0,None
300.7400469289944,310.49466615879163,1387.269477674036,53.16118657102103,254,1,Tool Wear Failure
299.4600140486517,310.00384450891596,1145.1137108467642,38.38395739802716,204,1,Tool Wear Failure
299.93257412388317,309.202242275172,1295.1117879040087,35.96903468334592,258,0,None
300.1642751562913,311.2978564584068,1400.6791894865803,65.53434028871769,250,0,None
299.83562323706303,310.7058797688061,1144.6277979162783,39.39968797599412,62,0,None
300.1375582044202,310.43776216890063,1751.2464333655714,39.4522492879367,29,0,None
301.5949497103694,310.9278644382867,1443.6161509924477,33.665079931149485,176,0,None
300.4739569587424,310.0107391749527,1514.978723831704,58.065930140026936,104,0,None
301.0294113002728,310.4521537435663,1783.8130942122368,43.26778822089902,196,0,None
300.5531160298104,310.5014604487779,1686.1263216503805,40.502252626909105,89,0,None
300.17472569231666,309.6590000198932,1441.0504151164423,27.467662090858063,108,0,None
303.8477635679451,314.1364199993678,1610.9499327082012,34.05490164580968,181,0,None
299.8345735690395,308.48980450513307,1569.3171880978443,46.801024973274785,239,0,None
302.26100649539694,310.11239312597485,1370.078452812904,52.087219274499844,199,0,None
298.8500524918436,309.05564897127414,1355.450316002327,30.36919806485183,35,0,None
298.1804624402913,306.2027991620235,1459.3742138847172,33.84191951624242,101,0,None
300.5342879813904,309.9394379563455,1416.2153333100591,24.018642278197845,32,0,None
300.46258929471776,311.3865447353377,1454.5953030505136,61.7652285006966,213,1,Power Failure
301.5880286170004,311.51200201617615,1634.963250344019,46.97995348559453,39,0,None
298.24752763674235,308.50300927940225,1416.2803464464464,30.510411952971037,105,0,None
302.1576652896298,312.6572054157588,1647.9008613161448,43.5730435462756,74,0,None
303.5438660474529,313.0967992206059,1877.0772110950074,33.330572048902695,160,0,None
297.40521939343665,305.08180700064827,1713.4728506819456,44.6257694811042,166,0,None
298.57121698762717,308.53767483403135,1454.14552681349,34.6881496049439,215,0,None
300.8887474068172,310.56865448042123,1147.2424517052837,38.25285531427921,257,0,None
299.5134012352722,308.03595641390945,1629.2482945764611,34.77717841123856,222,0,None
302.3740773946099,312.74752706369253,1314.2260060688266,13.958984780443124,120,0,None
301.89376886061007,311.969766467056,1452.723603423292,56.438892661610275,179,0,None
298.54092857570254,308.34408326827304,1715.995743146572,47.67955274688962,200,0,None
300.5412858380662,308.04278985620283,1447.5303648876315,49.870554415521205,5,0,None
300.106851848883,308.6366089305747,1451.5345092712246,29.926042878039258,176,0,None
299.4018154385345,309.8017853928908,1489.2793399758345,34.14457066215718,108,0,None
298.71766024153237,310.4583959565002,1324.3225918404626,36.11243967128734,116,0,None
299.65573166522915,308.63616471770473,1187.9348288176948,44.3070839794796,95,0,None
299.66454098178383,308.529726121487,1401.2759957261876,29.43789852502525,70,0,None
300.9818796309029,312.2165201182218,1558.6786687193267,50.553109693285236,215,0,None
300.1170482925,308.82862734033716,1377.1117308580547,38.539939707405544,49,0,None
299.3032938325802,310.19980336264723,1710.4347893057115,43.79291801004081,128,1,Power Failure
303.9513717710685,314.0302524936057,1282.4145611476079,38.129651448962065,240,0,None
299.9061961264363,309.1760491639023,1669.98865335041,40.657253832035344,228,0,None
299.7477719036228,312.07985792722314,1882.4667052437808,38.1141533274962,119,0,None
297.76064455196735,307.73296067621914,1639.807917288275,37.229079807773196,128,0,None
296.94613703161053,305.7518427883814,1595.7273097427283,43.180535178532146,185,0,None
298.78565176134344,310.21654670145693,1414.5111272519887,20.452158994063268,50,0,None
296.5079037922932,304.9778389971672,1274.8780749749665,48.40088350401461,254,0,None
302.33508316925474,313.77294585789895,1489.136944325214,37.11218078117761,108,0,None
300.97041234627164,312.01560705630277,1518.416766732532,41.38265453352478,114,0,None
302.04105698092417,311.9780825112685,1114.0986347363541,44.60796927460459,221,0,None
298.5902868628661,310.0345428906925,1422.4629515542392,49.250818873545455,101,0,None
297.35882900978214,306.86959237628633,1445.0199715080207,33.232348733047196,146,0,None
300.5821312409534,312.3638839409912,1294.4725030677025,40.94994112913813,49,0,None
302.7546729791972,313.7599886848063,1571.9373357444672,39.002341181158904,164,0,None
299.69771140544265,309.5572004175628,1328.883719342335,44.57877826429586,91,0,None
301.6134198125127,311.1529932807185,1456.5086631778295,32.831598957671424,21,0,None
304.16422058282194,314.5086913246136,1520.6922323459155,54.318936952993,196,0,None
297.7882993227868,307.1146892682998,1673.5904818326483,34.509268831244825,38,0,None
295.33290630577795,305.98975500881807,1692.9101333635067,29.750936145841315,233,0,None
299.660717718329,308.33111114766064,1510.4765345965077,42.81077938494169,112,0,None
300.5347199812076,311.02974192109417,1694.5669810643262,34.604052397542375,12,0,None
297.2341603006724,309.1179061546446,1345.1176240809118,35.005867025265395,223,0,None
303.0490972094977,314.66637461328634,1281.8317988496729,33.93424858512664,20,0,None
301.9027751369316,310.1370324643814,1732.2165525542805,44.90740396948977,43,0,None
304.1761831026882,313.8164891923454,1663.6732716389497,42.71458903264243,15,0,None
298.95944864497903,308.97592575552625,1265.486524576694,65.16965850007506,189,0,None
299.30049546242634,309.19293005319366,1552.9145873492275,55.13069040415526,78,0,None
304.8229436804978,314.3420248325267,1507.0681824048036,29.475284434549675,217,0,None
300.15694738761886,311.1795102813612,1300.7366396545076,42.8504341518978,148,0,None
297.4509389808149,306.9976886827886,1582.9602626849,50.79832222578399,4,0,None
297.78108676582707,309.178409587448,1396.8565294165508,50.90565090937177,52,0,None
298.58845003844664,307.32471242257094,1371.7668672388602,34.13792681893937,11,0,None
303.1139633210493,313.4960079121147,1793.9757665535842,35.72268954239985,114,0,None
297.52782319994543,306.28112904877196,1704.6508072625115,39.33840250714756,62,0,None
299.6772857194639,309.342026481474,1660.6055297976714,32.41161904999736,247,0,None
298.1559931475602,307.8417370225078,1615.4411735596223,40.46083425966936,68,0,None
301.9169854101358,312.49557592494176,1667.0547369938058,26.324087873658595,58,0,None
298.4303824410156,307.91358339452046,1342.8219921776592,30.73252165320734,82,1,Overstrain Failure
293.6137741610024,302.0559167152128,1361.369631872592,47.05268714852164,99,0,None
299.11735900681674,307.1673162553686,1849.4377079027454,62.380275530390506,199,0,None
298.9800839403544,308.29974843499485,1634.0347340961318,48.315930784787255,120,0,None
299.73765965332905,310.6683957266198,1737.0794503137286,33.55802530792104,122,0,None
298.49776098565656,308.19772010267576,1366.132797058114,39.90343131193966,1,0,None
299.92809404596596,309.38035481426783,1192.0908807578842,47.74010400137434,204,0,None
299.689677806316,308.35883636589267,1175.4740331781925,53.13330683041269,129,0,None
299.58760256352423,311.19199001174314,1145.9393927133096,11.21732103317541,42,0,None
303.39628737562305,312.31273682906243,1220.2650310565493,38.288051437116685,207,0,None
300.6005089723603,309.3348663367211,1495.1396267259518,43.34320481279512,247,0,None
302.2186581503009,311.01042440591414,1416.2573150623068,27.102648539625545,233,1,Random Failure
299.0939122539534,308.53773538663023,1474.0626944951691,33.146642809880085,213,0,None
299.478241938098,309.37236937078075,1298.9223064593923,24.137480038354084,259,0,None
300.0022517645518,309.1570115570626,1468.1446562408903,29.807636303611822,103,0,None
304.1123156121844,313.624830426329,1636.4639861247158,45.346664294490985,165,0,None
300.0372850132585,311.33422189277604,1573.4901178656323,27.156842463598494,128,0,None
297.84712505273325,308.2089629211967,1702.6138589666687,57.5559864280839,237,0,None
298.2823397148046,309.845290809461,1709.073798275823,34.18911869216785,257,0,None
302.7237191386946,312.8470874823686,1566.7768153073077,43.855517018726694,188,0,None
300.38494759659056,311.61935155746005,1277.8708388269629,27.217343556900257,72,0,None
299.79925285670964,309.2799833394717,1422.7372502381202,46.34654089923198,79,0,None
301.2647500012575,309.8323827442399,1399.4730475747615,38.30034697337912,51,0,None
301.13949847535036,311.05348822146794,1411.579812929778,43.7285447574607,124,0,None
300.32588834303175,311.0254330469259,1314.284179084117,37.89659291981707,201,0,None
300.4730152639432,310.8966731371706,1526.5729578406867,38.771663960710974,124,0,None
300.3840927892166,307.9189969666953,1458.1588086912084,34.40963339116392,202,0,None
296.27319812284344,304.41737582685914,1590.1134529554838,19.57241119342153,6,0,None
298.2846125748756,308.0694059836726,1393.678744904364,31.05102414493573,258,0,None
297.9861329541378,307.97986552330633,1259.3667213002666,43.932805636368386,232,0,None
301.1864363440338,312.2588446194067,1389.158370906804,30.455629845653334,119,0,None
298.4969165560746,307.6017731705061,1366.6246137137316,40.69924030758726,209,1,Heat Dissipation Failure
300.3361082986432,310.3727574354997,1367.1554499873337,42.65661383209893,220,0,None
300.4574268595359,309.0852890267836,1367.3301340206617,30.48040124712214,203,0,None
301.5954207907901,311.1080240038716,1624.4680313443732,25.57935508872788,235,0,None
301.5570871656119,312.6565316875404,1402.9129876579286,48.62089156031994,194,0,None
297.6000934365067,307.0103806754277,1372.8246089418274,42.602941561604155,78,0,None
298.4622293887876,307.78036020088336,1634.2264432918255,42.093464246963165,0,0,None
298.8337800175319,308.4842979855619,1659.9090434409181,34.0795516370888,134,0,None
300.14779762835235,309.6317144713435,1475.3495428503222,34.64857308340542,217,0,None
299.1279825608385,309.489048582697,1597.6834446101375,61.514041767343926,174,0,None
299.5529814816052,309.1937833973466,1460.3269050829942,51.972499199842225,205,0,None
299.4500129446256,308.7389149648607,1455.4449148817969,39.56769968246954,242,0,None
299.01917846756606,308.12716416736066,1451.8912266877808,35.179715792781906,238,0,None
297.0730942856991,308.45950507000384,1701.9535232819258,26.90836029487098,106,0,None
302.9830714652438,314.207797081436,1730.1551032340376,35.74394142023599,133,0,None
303.724926944416,312.71237247237264,1585.462529261111,19.928824807940032,119,0,None
301.7428539750809,309.71962508811833,1675.5334117743964,27.256562038238023,78,0,None
296.8256166619409,306.0326739633419,1548.3276350494853,51.60720822872799,24,0,None
301.5552016190161,311.50571971892873,1542.1409171431244,45.499513991653345,198,0,None
299.8462853042439,309.87427183424205,1109.2786805887931,28.927216147372462,12,0,None
299.3308526284084,307.0016721792407,1468.527613142041,41.99091158150197,220,0,None
299.1681112475227,309.1483335289613,1604.1919933613967,46.35167887736821,255,0,None
300.1171054136241,310.11320635669335,1419.9757077744218,44.63701549087227,252,0,None
301.06134871893346,310.9982881071515,1155.2583511238752,33.477958156057255,89,0,None
302.6637606273595,310.43167131802215,1780.532713914442,46.68265922533035,215,0,None
301.8343256246746,310.6141009952196,1448.502463827192,22.033238075064368,198,0,None
300.8995398119154,311.1415598465588,1659.4641201177526,42.92323167499743,75,0,None
296.7234418782267,307.0745584327139,1567.0559126377202,35.750945368229104,192,0,None
295.43507848750545,305.0289279491957,1334.3128616256452,41.728799297198314,175,0,None
299.134503423774,309.244521457276,1568.9123539407435,30.060438267097325,159,0,None
300.6155961044687,310.97048248287393,1368.8978508353016,39.451843471106756,92,0,None
298.33276467746145,309.14280492067536,1501.1969607538847,35.84216613842102,231,0,None
303.1049844242131,313.35129138345127,1595.9179900050015,21.606082876800038,248,0,None
298.58615573130356,309.9785963288383,1466.4537588217613,27.849614367248734,212,0,None
300.7994073752005,310.8137921516626,1355.5035817243124,34.972027410609215,27,0,None
303.0425582592154,311.5217653619339,1344.657096976044,25.044041244902456,35,1,Overstrain Failure
302.2978586252776,312.7909267782021,1797.0609916926965,51.27479441539491,207,0,None
300.85078376418176,310.8083016283867,1599.7585103960532,35.51284885380932,111,0,None
303.20242245681976,313.252281265006,1581.1984575888262,55.13924588524951,166,0,None
300.2278835578229,309.6794139308566,1718.2431998155207,37.020322852679065,35,0,None
300.8566436192974,311.29367151018386,1444.9343324810134,42.81091870799508,229,0,None
301.95951474152463,311.34731878243235,1663.5068879802484,56.057091716517206,130,0,None
296.5786499441882,306.8321950648029,1468.0353854493799,27.89087278662827,16,0,None
299.1243363180289,308.9823203752411,1852.218903517232,45.88817296600434,14,0,None
297.72732138418473,308.604132852758,1480.1403100114928,46.955606699580756,209,0,None
300.4273542030489,308.3952110227523,1795.5727074472893,36.08333741752981,4,0,None
299.3881923482135,311.2474542378444,1697.0105803278143,43.95849975085741,107,0,None
300.6582678541657,311.19565038142514,1546.8204992353942,41.134497856906016,73,0,None
298.9892775910371,310.3115565312308,1723.074866080841,48.62492301100078,203,0,None
299.0833659249437,308.94276486790005,1798.0933283183667,49.443618090544575,52,0,None
301.68446559856443,311.2325356488785,1481.7641114508276,43.85076766333336,10,0,None
299.32956976649626,307.931458757247,1564.8266778824295,49.93437749292533,103,0,None
300.34918266789305,311.2169332920809,1844.79476851717,23.646388092985383,258,0,None
300.6844304598842,312.0040483486055,1510.7340594590623,30.628594585327804,75,0,None
294.94389296124245,304.15306513874333,1454.6006289750912,38.96892456907074,4,0,None
298.12247118094314,307.04700827590756,1538.739765555055,36.77167529260708,89,0,None
300.43030601487965,309.0961322231516,1337.8751950996289,44.5969484879678,147,0,None
299.6211576685411,309.8573817953147,1606.3870077189986,47.917885091583074,18,0,None
304.2720742013253,314.9027774643175,1306.2927496803159,46.851404383631504,42,0,None
299.63656046630126,308.61946324916477,1921.788483613465,43.803561041297435,38,0,None
301.5014556787387,313.1675564662505,1842.8352505600135,28.554298355812282,239,0,None
300.8907352208171,309.762356961001,1395.9792434555623,44.499881165377275,27,0,None
299.3003229129497,312.21074859368196,1543.850148575961,59.86283429731056,248,0,None
296.1683752985718,306.43553836517253,1219.8415682464652,36.65482162723549,121,0,None
298.99291545051597,308.7642343926805,1615.7776771608649,47.37310945771971,212,0,None
299.7650839986242,310.40202605429687,1608.4556403488325,47.514694395007524,149,0,None
298.31679439558695,308.40690832102473,975.010015786983,42.02459490246416,213,0,None
299.3941943384438,309.3269284956309,1385.1454532330063,40.27372096623203,135,0,None
298.7578652835581,308.8969401665573,1703.1928545305582,38.077467963584155,85,0,None
299.93226479603993,311.0875158020251,1962.9632822996393,33.346010112987095,105,0,None
300.52510717090144,309.96045435575695,1519.9645377432016,49.285392475061784,227,0,None
302.95459076269066,312.8542365417128,1341.3526782482431,43.29192787263914,156,0,None
299.0982490978569,309.5329576579333,1527.2730233134691,39.621384806613975,162,0,None
300.38610811636346,310.21053341403876,1398.691086881579,42.22693061772902,148,0,None
301.0230707528228,311.0952425857004,1581.8251532936836,46.32494039443404,100,0,None
297.77476898877865,307.09446822251005,1225.924590211553,56.009128103843445,21,0,None
301.5407871012967,312.07532216343026,1355.1213927166054,41.536298286716274,118,0,None
302.3631857964603,313.30858492628784,1822.9459496206416,33.178728960057065,54,0,None
301.8755598716089,312.2024438268993,1448.1080479732286,47.46988577903296,45,0,None
299.4948762637035,309.6832002485842,1518.8511294506607,53.64648140787429,152,0,None
299.7542761886373,311.60485154138826,1534.9200356060198,26.130459567424218,41,1,Random Failure
297.09649752965953,307.73488365850307,1374.3956426908505,33.9528822382925,227,0,None
298.8559060417178,308.87928228193823,1330.9204693578627,49.110876369954624,130,0,None
299.69782473214764,309.8455629993067,1261.953464532083,32.52086171889028,256,0,None
302.3242653731766,312.1146287630387,1802.4485618999524,50.57844180298252,178,0,None
300.80545053417615,311.49418519276406,1291.1654784730729,41.86577053927534,210,0,None
295.9605144559476,307.91799024113106,1593.2374979424183,40.371239367546295,104,0,None
298.2168420567746,308.24332819519185,1403.1978472817468,38.42027771921152,5,0,None
301.916130642035,308.91563633469366,1334.5990741134967,51.87956260095767,215,0,None
297.8460093431372,308.5088961446907,1187.4902141596524,40.46016892373815,228,0,None
298.0142830853227,306.941683261563,1364.866321054467,41.79257685766255,84,0,None
297.6682422167922,307.8422522815584,1624.2440325506268,50.971458401825785,11,0,None
302.25106957651354,312.1230308463115,1478.5934085211375,30.75442663883034,236,0,None
297.6546683731352,307.1884590497327,1376.8499549947564,41.061090189909415,0,0,None
302.6627964699211,312.3394807242552,1641.7336592207612,22.739339546743107,94,0,None
300.40096810623595,310.4802558152686,1131.271702449705,48.42828907765071,142,0,None
298.8054829471256,308.2222376043315,1389.8048013326345,38.40313338260364,208,0,None
300.48777748629885,311.8010048845631,1192.4835465605538,35.11833784460681,81,0,None
301.2530533525304,311.539724583922,1355.8975901164576,50.35898125638049,36,0,None
300.4623241840201,310.04094997891565,1333.873419929917,27.007890930567342,64,0,None
298.3810236294069,308.1697701188836,1352.2548387278564,43.965878094480956,180,0,None
300.65419016348557,311.36340744715517,1613.622179653862,49.94453002258821,122,0,None
299.2733688585388,309.5373761301932,1417.2133930667148,14.512976241828675,193,0,None
299.3546846827031,306.49961307967885,1622.571346364463,35.003617595150345,11,0,None
296.79988071377335,306.2122409163031,1287.4125561567098,24.663018156913324,120,0,None
305.47279083071123,316.7556372496548,1643.2867793430878,35.56585051452421,71,0,None
299.2704863591883,308.9433149231141,1803.8912301864416,36.644788026190085,243,0,None
302.07091915381494,311.58384083928223,1475.8724176787728,35.65227876909681,229,0,None
298.72287272160685,308.29866177225665,1315.994886190282,29.104466861129833,62,0,None
299.4803411495193,309.78989112476387,1660.7424793314192,43.76700521694943,177,0,None
296.9401338656774,308.4997806966418,1547.303470008069,46.64755704538994,133,0,None
298.74202157845133,309.9276849637937,1613.0238356748375,43.29946567199516,224,0,None
300.51748547136634,308.65326095445016,1306.9247043053806,34.30086401869488,253,0,None
298.3430244899151,307.2115503883587,1489.2796163239516,42.45839449429,141,0,None
296.6081562341311,306.28477675899694,1469.4306111589167,29.84310151762753,156,0,None
298.953314877488,311.21222758099054,1482.3917415419362,46.38193220007554,247,0,None
300.5934313675983,310.506103487202,1423.710176150165,47.205559248798494,43,0,None
299.6117948842819,308.3788748114701,1433.814177563242,36.62529068692401,236,0,None
304.40249079900843,316.21927345621214,1473.666986485828,55.273748285919694,185,0,None
298.5370621468702,307.51772669023603,1497.4305045100548,37.15649806782982,188,1,Random Failure
299.2173290649024,308.65300889568374,1456.7253313051756,49.55277068161705,190,0,None
297.4311485667779,307.2684030758326,1796.4362627459413,30.313778312881745,160,0,None
300.0053548959681,311.058022389862,1593.2772592442982,47.47442309932612,58,0,None
301.7693150148164,313.3718917482552,1030.2033246153687,22.727403003035253,232,0,None
301.2887641561288,308.9501235013763,1862.530156399812,32.13181886198504,167,0,None
297.92716851942356,307.55304823761855,1174.0339661723376,49.20170964588312,84,0,None
302.83495662987093,313.6480355422816,1581.6861673668384,41.99476221004214,42,0,None
302.92943582329514,313.3203732234661,1841.5263930632834,22.869805759776376,176,0,None
301.34525072325016,311.3677311208188,1670.8419022442881,41.92467423405373,170,0,None
300.18289224024204,310.8420739097471,1175.4445071575135,58.44964370306153,170,0,None
298.6675208467059,307.45995791749414,1446.1552189818008,15.411484745852313,190,0,None
301.2343882386244,312.5225170047538,1564.052247638708,34.864406310242224,222,0,None
300.5735248896941,309.99810594087575,1596.6440171243564,59.494457892014644,96,0,None
302.2277093102368,312.59701345948724,1714.0876475260782,42.27577067685349,172,0,None
300.41045221471745,310.3453574268227,1647.1795617921225,33.45278553912508,115,0,None
299.8913419177936,309.79337593539987,1406.2822139586256,37.17425746436267,172,0,None
299.8977069161905,306.2170132416684,1646.9419942285997,34.29385982599123,255,0,None
299.2564450238001,311.387217003404,1707.3883715636505,23.21696184302601,89,0,None
299.4173541033829,310.1421910014783,1364.7650413706172,53.332984429361275,4,0,None
299.5921688823153,309.27913310388885,1626.8054701063759,32.43852632634485,232,0,None
300.7453449501625,312.1883014767795,1732.0806102067668,42.06680269284419,42,0,None
299.6848406090793,309.24235413074024,1294.4421716964725,39.70810140451002,196,0,None
300.9494606994368,310.97729834650227,1657.8958136502167,47.12112239494268,75,0,None
297.27430497423694,307.22523050851504,1356.7706008911566,35.732300014039076,97,0,None
299.93815382727263,309.0017235486504,1273.2313651609293,26.2514543421879,200,0,None
296.76272474904613,307.91954883794165,1673.635220177883,30.258613440155425,105,0,None
301.87038113527876,310.69149066680666,1630.0331882395024,34.09867358474408,183,0,None
300.1616238092062,311.55202904463846,1724.2515942777864,30.682025096908227,26,0,None
296.6009584869832,305.4272574608797,1413.4010061437448,27.927827928770544,183,0,None
300.0471136053396,309.44435127633506,1513.9675596310792,46.40287941129322,70,0,None
301.934440392991,312.62050486898227,1396.7055189224004,21.86791148990577,120,0,None
297.37934711895446,307.7596636158933,1174.2462054168018,30.961964544303722,75,0,None
299.37203579407475,309.10496549549816,1345.5223868375,41.319848641307246,205,0,None
300.56841683974966,310.53945381494515,1439.730528937028,40.13634452275066,50,0,None
299.55231775713406,309.89920628625725,1311.6431621837578,46.236168309437325,191,0,None
299.55819709599473,309.29897160514815,1378.933897255676,20.431803479281314,179,0,None
303.37663392935,313.91569089687454,1749.0038897956024,34.64661428036423,116,0,None
299.36040045149826,310.51956791355764,1296.36900764925,38.47067083180711,199,0,None
299.6900978677118,309.9266923511639,1423.2648570848041,42.19304263801644,45,0,None
298.20387029168523,308.2131648662935,2024.7298320135424,50.60431239588637,162,0,None
299.7800596175926,311.39715302584545,1458.1406976515311,26.60851308928474,76,0,None
306.05516117029873,317.41804058801887,1501.0042319572,35.485029304508245,30,0,None
296.3250040692844,306.80895727534585,1414.2360579347405,46.00918197186155,185,0,None
299.7531741332352,310.9679009910448,1491.6901982044253,35.890558417402865,48,0,None
298.33548298223485,309.49073997140096,1462.1525684522185,39.901099021130975,201,0,None
299.1606973243996,308.7742816768743,1440.5100429293814,41.789080645581436,217,0,None
303.5970868494197,314.29492081044765,1362.3843398345978,47.03060640643384,162,0,None
299.3455231627986,308.2307899930706,1483.097919397193,47.760668078563995,161,1,Heat Dissipation Failure
298.06003852554693,308.0271607103044,1407.4855627620207,15.47183678905876,113,0,None
298.6963168036971,308.2226699064385,1562.8283711638976,42.94506700033247,168,0,None
301.6146988484763,311.4473416120742,1370.694195251148,33.759346005747766,185,0,None
301.3213240283365,311.42968270729585,1587.7416645228614,38.27675689359006,171,0,None
299.64986828486303,309.4139149112456,1569.3565696104256,61.33225124542663,51,0,None
296.25200909329175,307.27087047072513,1558.109249084626,55.985407931541474,78,0,None
301.76638022231236,314.2676138166408,1558.789917314759,48.641017900859296,170,0,None
301.14375248515506,311.250836915859,1697.8666871762005,40.051589878839884,233,0,None
301.302508198985,309.58766851551286,1668.9880425608458,48.48692676858821,11,0,None
295.8346608103064,305.70635437895504,1721.9321818235612,28.793244481414092,55,0,None
298.2205588748364,309.2260506513732,1517.04920001816,52.429792793648105,198,0,None
300.80460152405476,310.9701240222328,1182.0871300261397,35.069144942933164,228,0,None
300.0212046704712,309.27636630599363,1873.0699540430478,23.720053639159964,157,0,None
299.3488074880156,309.16386982542286,1371.3314540011836,15.69922610819859,85,0,None
302.2081682732163,312.942786010192,1412.9943521071048,42.43957086423862,30,0,None
300.035675958039,309.14708387862316,1769.5135589094639,47.788894533448214,120,0,None
300.8975747416727,312.78601658439476,1290.9527026207459,65.19276008486068,208,0,None
301.95316033345716,311.9021329802314,1350.7198916846341,44.32936949153649,98,0,None
300.9533973742557,309.4579059897492,1607.2309703572123,42.53203055773688,233,0,None
298.7778297288821,308.6266712636143,1739.2614200083044,55.17700316118246,107,0,None
297.7277519753691,309.44469974830776,1445.844499358932,31.652730863922788,47,0,None
301.037901940278,310.4873608821932,1787.7417934059956,42.49383363552101,123,0,None
297.2843434623978,307.5267849472242,1427.3630543674033,45.868892923630895,209,0,None
300.0396551440881,313.2253650191074,1308.181336369853,50.47069743930409,242,0,None
298.44652241756484,308.0548054159482,1624.3150523749187,46.488651535813965,42,0,None
299.92829894219784,311.76184355563777,1291.8062518337892,35.156380444557406,47,0,None
296.40872941097825,307.2571666785989,1698.8111416312627,34.778194797917735,105,0,None
300.93519049924555,310.04862114140514,1658.9146828341504,45.43706974657186,70,0,None
297.87277247853905,309.71832554937697,1379.5356217694202,32.23619204252756,133,0,None
303.00870788224256,314.7368590045191,1666.0035862308923,34.294632280793614,253,0,None
300.9337684902858,311.47393088208213,1704.3451854274049,30.77295760513666,204,0,None
300.7684204888752,311.3939373646368,1617.4959362519712,33.57835655399708,81,1,Random Failure
300.65267697114814,310.5218250462624,1216.1458010419965,36.66172885703347,11,0,None
300.2473264760095,310.2671359018471,1415.5470083756404,45.41628261983083,244,0,None
300.5508889533928,312.11750706244055,1473.3570124317635,35.37713797509826,20,0,None
296.3676728044244,307.2471611882881,1441.377392328443,40.472430332591635,29,0,None
301.9316204556314,314.0816713578141,1452.4817510513285,30.217648161214207,252,0,None
299.8312779368623,310.2220709062496,1280.982833468814,40.36933395210368,174,0,None
300.6266183775492,312.3616911180848,1673.3022037976202,45.57635744347885,226,0,None
302.55076436042845,312.28104607416464,1482.2780077426412,37.62008259110381,198,0,None
302.2050545991653,313.18867592262046,1237.2257705890595,46.09173102540006,170,0,None
301.55276439519315,312.2769457634672,1590.0154523915248,52.83680632978963,49,0,None
301.384475399367,310.3002148328879,1306.5294262252344,38.21870439755038,142,0,None
297.68372677018345,307.131491672492,1577.7834659201983,17.841829266880463,107,0,None
299.11453932668877,309.2957451969893,1560.9399505833112,53.638437398712156,30,0,None
295.2542530580266,304.88632603142463,1326.4577427771146,42.8131593678773,87,0,None
298.49139311578,308.22608616297595,1587.9913578586345,42.25848832970859,216,0,None
300.53442632639445,310.0863923679416,1707.1965259577307,35.34057249430025,121,0,None
302.84034015308004,313.26459181237595,1558.682764677807,29.98067906794749,235,0,None
299.03478334017444,306.48843411903295,1468.8507337670837,44.15396244378025,38,1,Tool Wear Failure
301.9945202325104,311.1236902742272,1666.6540520149547,23.402336675764765,121,0,None
299.81906363574967,309.9191954679605,1275.9361927628106,41.7566495709333,68,0,None
299.7791659610387,309.9641449355183,1587.144333538063,36.69425171901569,195,0,None
299.13315373280864,308.1069206317695,1342.5068524853116,44.95662131711676,241,0,None
298.762274068247,308.6660701370278,1336.0364305847602,24.864583344988088,160,0,None
301.5417890308515,313.1306187255686,1094.0025265957609,33.309730847746266,15,0,None
300.92802538301095,309.9220706659197,1504.1582625239976,26.355150475558297,49,0,None
302.13955644384777,311.4173506565029,1432.745920047296,42.800552324893644,79,0,None
300.4532479136311,310.86010271638355,1512.9785838988628,42.53459119491398,89,0,None
298.68110108238545,310.3356995047769,1418.982514262136,48.60870301804336,124,0,None
299.8896552902627,310.73679294864087,1928.8153671328294,27.007960053992313,6,1,Overstrain Failure
299.63490427645854,309.17983772744543,1457.0186647602902,31.448322718164796,22,0,None
295.9518773507597,305.85179407352877,1546.2835719479153,26.61736967597477,210,0,None
299.95380467655417,310.9190607851642,1625.3269133941349,54.86827884364706,73,0,None
300.16734078997706,308.8103037423653,1493.8438220165133,32.79789872505893,138,0,None
297.43676710919533,307.3463932752714,1750.7813117568935,48.65168696629981,164,0,None
300.65529452289144,311.8771353939791,1414.2645053641363,42.79989827152646,244,0,None
297.35676941903654,309.2168454378017,1389.104590950125,39.36131331522526,7,0,None
297.23515028941836,307.2589022101705,1688.3383100069366,41.12573021818572,179,0,None
299.633237315032,309.27188175197216,1203.8005193483841,47.272766520664184,185,0,None
299.7601265811826,308.30171042857916,1582.938661214545,54.00055255090609,246,0,None
304.61816010982875,316.0877425535663,1559.4480073653285,70.47452436464746,50,0,None
299.7763272149469,308.6057434299014,1499.7283550200987,56.18541165820223,41,0,None
301.5341860473487,312.13225662068714,1344.2939257840117,59.36327181463848,113,0,None
301.02018854395385,309.5934476857988,1429.2153518916116,54.63871916714202,2,0,None
299.5009495978555,310.69621541236825,1417.2095651230472,28.29794408413715,23,0,None
302.16145392718647,310.79051986410445,1463.5799901082519,45.77947299052934,133,0,None
295.84732431998475,306.76753871515126,1235.4532666723305,41.560555992475145,217,0,None
299.25964381664807,308.5328838340198,1486.0641122160998,47.473670357623476,138,0,None
301.4096733778755,310.5399459554485,1607.52021233087,46.327848062153706,217,0,None
297.99519563636204,308.78171927564523,1451.706906141676,53.93703512016942,109,0,None
302.098861554144,313.87153268137575,1130.8060087409556,25.609265518070227,117,0,None
297.47936120957075,306.92590115789164,1670.5702118305182,52.525539429876716,42,0,None
298.97941939161706,309.35081119250276,1643.5436272766042,48.326448642055354,206,0,None
296.00565360327545,306.48042381542643,1545.2490913800352,44.77948849874349,13,0,None
301.6090617928772,311.61496540065065,1504.0709606244095,35.80295713473314,198,0,None
301.86462125997156,313.4048787910724,1486.3729956602979,29.532324955175493,17,0,None
301.6211845486812,312.3906164496623,1797.4620005666468,35.54887639336556,16,0,None
302.29717750511605,312.0616833136561,1824.4286908116378,47.037372931462976,35,0,None
302.2624502681561,311.5094231756599,1664.5625623543413,54.61272174019405,213,0,None
302.3669792320446,313.02257337101247,1099.081723658583,44.87901116598162,72,0,None
300.0349366193582,311.32262158165634,1586.9597849579711,45.85873455797389,121,0,None
299.94929348964456,309.6750413767547,1374.0875702649644,53.908137671357,76,0,None
297.33117651920674,307.2608705034407,1604.945919774256,41.08442475939518,198,0,None
301.1750576360235,311.51377044277336,1506.9550847784558,36.01649516953287,127,0,None
300.71742486777435,310.7618023095676,1517.6155272247927,47.980225132723994,5,0,None
300.76322383189597,311.93329884801693,1412.7593609011176,40.743429239095356,247,0,None
298.24910825188346,306.7250529614547,1286.846949194829,54.29416352784763,100,0,None
299.64407090394184,310.09772930364386,1517.548242462738,57.00656615268414,62,0,None
302.60665992492676,313.7444001582305,1571.480808722091,23.35145755081521,8,0,None
301.0473121021618,312.8397103859239,1505.778547327964,44.46246059005843,169,0,None
299.80206923544307,310.7092198542429,1495.32894667001,42.86090206965393,100,0,None
300.5327843667995,310.2242616025535,1637.9598095471183,38.79390409167251,179,0,None
301.54738896518404,310.8993904201087,1455.2853937200168,38.967028959084146,34,0,None
300.33130012597513,310.5020946410562,1792.7901953580804,34.74095410866388,82,0,None
299.270801590478,309.31896503660477,1552.4856881426892,25.930559580990924,50,0,None
300.08451683209756,311.0065931229709,1410.5999698518272,31.525174775864656,15,0,None
298.6934602291292,308.54104250069616,1629.4183973313861,67.94331391710669,252,1,Power Failure
296.75801712606113,305.78097212208496,1595.8412988865543,36.58719014696041,59,0,None
300.9798390648913,311.2721609722008,1593.212071805388,51.85578337374835,51,0,None
301.16013765095784,311.457437058615,1309.7703865414621,39.3997045077011,96,0,None
305.3108498116955,317.28909852447697,1701.920167444622,36.218145644575024,55,0,None
303.8844697493584,314.9417099880725,1219.3344756176546,42.26067768507964,62,0,None
298.1031994299002,306.20922411725564,1335.165011271849,39.72269037866625,22,0,None
301.23925610572263,313.94501957184013,1652.8279559621135,50.826806955145145,169,0,None
299.9944089504655,309.99305926312684,1630.8823888513105,30.39241565055838,173,0,None
297.95988537574493,309.0958963001199,1313.6976587611196,29.138280168966375,83,0,None
301.1031616412437,312.7677042965801,1430.556622418834,46.64321542355369,54,0,None
298.09308546187793,308.46345277528593,1446.7701445835053,30.54926191954089,70,0,None
299.7830906511597,309.4952883764056,1629.161696994328,34.560458201719385,39,0,None
299.14159843458384,307.4039327580141,1565.0124778236582,35.18607499211664,77,0,None
298.6391510353069,308.45763761414884,1406.5010191666797,47.61460447145905,197,0,None
301.1726914289859,311.24263915584885,1301.9413825074635,38.914652395271496,104,0,None
303.644259647082,312.31516301433027,1917.1890008584512,57.15370058752754,225,0,None
300.85995216861875,309.9906272161262,1127.6296484647864,50.984432875675495,175,0,None
300.2439191348432,311.0815691275066,1490.8017691005991,35.33847914996905,44,0,None
293.32697593441634,303.77080787682985,1208.4311457050658,40.560205665530674,107,0,None
299.1158883818904,309.4207779122496,1815.1565312229868,43.829489233907196,160,0,None
298.2944590929636,308.0049711367231,1429.5136917573186,30.796271151165513,141,0,None
301.40708124958076,311.2045274613512,1721.7655138690402,27.278759121780674,112,0,None
302.0619750256817,313.91664483403184,1378.4775457906997,35.70890948404743,80,0,None
297.8604557329953,306.68682433780356,1560.6627091699809,12.881434915658044,237,0,None
301.48725869658495,311.5565585526377,1315.4577226452216,52.733409482362376,201,0,None
301.5306699255689,311.6260019878896,1588.0550758486186,42.70409802168299,240,0,None
299.79341859044564,310.4440291865212,1924.7754477409521,44.41957834645254,70,0,None
302.2723454573921,310.71343303749916,1683.1890337931814,31.20566926091189,151,0,None
298.72670861685384,307.40018006043607,1338.3022251531047,43.29179530270915,2,0,None
302.45903945377466,312.375321418202,1448.3488899383433,61.537012698078286,138,0,None
301.2031364353021,310.8458361807602,1476.511353724186,25.536896625817484,249,0,None
301.30632512396375,310.23050819035575,1582.9710672550436,35.12368835882523,37,0,None
301.566704083802,311.98546024965117,1703.4122882422864,26.633309054779367,189,0,None
300.4799401477821,310.49783314794774,1423.2936594615294,51.47943426395089,21,0,None
298.2173107014108,307.3163512865343,1459.0937108974754,29.92500710599719,5,0,None
302.9594943085695,313.6071260031473,1601.1411631806582,38.0133697129587,148,0,None
298.18324806913546,307.37878474186715,1495.161046650981,28.806665033565622,194,0,None
299.82712728359485,309.2703224269693,1776.352031108764,47.34740632302718,232,1,Random Failure
298.64027807757196,308.5490533100019,1535.6840611315627,46.89094990974675,201,0,None
301.4222533216666,310.75241036186776,1655.4874606032454,35.63196717769699,138,1,Random Failure
300.757493416385,311.0244695639517,1545.7068552168719,40.10975982678915,93,0,None
302.15683112649174,311.05189464221746,1823.9650620304258,29.910779012824378,187,0,None
300.5652227905583,310.00153114024124,1585.5784563758739,44.978911897254505,194,0,None
301.18141221607095,310.67426584926005,1943.9523804295075,40.952885053980104,135,0,None
297.45936989578564,308.33792902109803,1598.6471614114857,33.7666527385096,176,0,None
298.7133098937315,307.42130030116857,1670.6288020908823,42.976665105857855,245,1,Overstrain Failure
294.76281011376267,305.7676126077285,1740.8380867500287,46.64352848945854,67,0,None
300.4417310080561,309.6344971455553,1688.6100369654123,47.62317808559655,123,0,None
301.0219046652028,310.024747069598,1847.2513003559798,36.93395134325734,13,0,None
299.74500056372256,309.54821382526103,1490.1050663204862,30.573884183969966,198,0,None
300.6129255930904,310.2799052291154,1438.0867436185017,42.795117718332946,229,0,None
300.4533539657101,309.36374812397247,1660.438884106246,38.90820829921307,259,0,None
298.28258048958753,308.2483215103871,1510.9526008821417,31.15533017051034,122,0,None
300.6226022641824,310.3985537539488,1190.2108512356049,40.90735068558909,152,0,None
297.4186516524374,307.42672691712346,1411.8462098997766,38.50264748071625,94,0,None
300.56791880754366,310.1406096741358,1654.6397471820771,40.71994077707352,251,0,None
301.2909158682833,311.2879188311154,1611.2272043968494,46.28656842975122,20,0,None
303.2975012881522,312.9058751761118,1863.3713175707026,31.241881828432316,233,1,Tool Wear Failure
300.3889715974882,309.53909747939076,1493.7067809513683,26.95641905372051,242,0,None
303.7366787712177,315.21545492882575,1269.1241887901406,37.93800921142338,96,0,None
298.4077089079461,308.80568870300726,1627.6783752656756,56.08685305100943,180,0,None
301.52443968289805,310.19488322948894,1704.3376171572002,43.02857747041469,217,0,None
300.38122369791927,311.2500541367863,1890.150281662239,52.22308410952381,151,0,None
298.2353351524472,308.0505099242951,1513.3871755695889,21.13007288718582,83,0,None
298.8395600500843,308.74295408889145,1536.2120983720845,51.19630000034651,229,1,Random Failure
299.81322701739595,310.89472349027574,1542.8318846507216,22.4299848507015,202,0,None
301.44670334498267,311.00036452189966,2190.973691155194,32.993524717927116,131,0,None
297.31786238566815,307.71557461106255,1430.1192085011896,46.39620231904121,199,1,Random Failure
303.28349261989376,313.13256516758844,1678.468316485054,24.29864630027397,230,0,None
302.69322625036943,311.31902446424255,1623.6443305764324,58.67121669110882,59,0,None
302.05540888050865,311.75678765227985,1611.0632209037947,37.22700769586733,23,0,None
295.6216195305537,306.5012160757681,1998.998952747264,41.48840027922555,235,0,None
296.44090272875405,306.5856680244976,1380.7469595091595,47.89724143819187,90,0,None
302.4600612533179,312.76464981269675,1551.5309040148834,44.56933665644237,33,0,None
297.1666176872037,306.7400588601301,1438.983213090654,40.491677109445625,31,0,None
297.44710857111295,308.4604455995371,1301.79206943871,57.47408013149547,216,0,None
299.94025371231504,311.0479142890027,1743.4449261556113,27.135992385800744,259,0,None
294.52026342297955,304.9543884744605,1612.819900976278,39.79232386468872,21,0,None
298.0116581131096,307.075932761806,1422.2521091189224,39.712733946969564,148,0,None
297.9109296278101,309.0016342975479,1637.8895991756447,46.02519793007001,9,0,None
298.7729577062649,307.19212352256676,1373.517800929582,50.388738094143285,91,0,None
301.9058086314059,311.4828013076635,1539.1272955327233,38.3134600270563,256,0,None
304.4316607256003,314.3946958722215,1333.439738107314,33.47124418822581,189,0,None
300.97064446274067,311.7669117237229,1759.820279736611,39.0329410675506,19,0,None
296.5643588597652,305.09411298921435,1500.7646337245997,39.62732369127415,63,0,None
299.94722135539536,308.65177350370635,1695.2041583526977,58.74138757839066,153,0,None
302.7627274951041,312.85201461186347,1693.4408579651897,38.257592942292966,221,0,None
298.0764294131296,308.39729175923895,1527.9789542992557,41.84679575563496,48,0,None
300.0338016514986,310.66144230515755,1431.2229848152833,43.45108544261558,234,0,None
295.80393464031323,306.25750376932996,1431.4212049646956,48.20110938210748,192,0,None
294.56542498682404,304.27909067664825,1739.0258497053426,31.275789877529512,105,0,None
297.60945994141724,306.1740017574156,1674.577557430628,43.31617821400906,37,0,None
299.65735992138065,308.9604136395816,1585.0077315291842,53.374994924975454,65,0,None
300.5757195121603,310.9232400784856,1516.7315412306134,50.968039527712335,170,0,None
297.2302017928714,307.23268875233373,1290.3916142204146,41.4205832364747,127,0,None
299.2523172479016,309.70101890824463,1724.4709609819593,29.88942703992039,46,0,None
298.88061417672793,310.032070922335,1146.3868104984683,52.098136729633225,164,0,None
299.5544753939331,306.92885321494276,1452.4491909029487,55.86955931849526,251,0,None
299.6365402878828,309.4274960674883,1402.9242093582209,22.306353905224753,10,0,None
301.78776389127574,311.09885424638844,1533.9064030242132,40.54490183038697,26,0,None
296.9087481531471,306.8659086729515,1353.8198066551704,41.58970269337574,123,0,None
298.8918646468658,309.11452749925945,1751.3100927298674,31.392017326351983,92,0,None
299.3873129379277,311.6854499692455,1462.2621813571513,46.69125051170229,17,0,None
300.0791868344159,311.3896824756853,1590.7842829469196,21.386278717122885,227,0,None
301.47916143376574,309.9432457288164,1458.8046951985455,26.540419378660168,199,0,None
300.6048829134632,312.05747542753375,1352.9687425959562,38.17238584844348,180,0,None
299.5897530297782,309.90746408847264,1715.6006006803618,40.14364279112723,199,0,None
301.9118841450926,310.2910340500579,1629.4273374820098,28.417078089082107,31,0,None
301.5738325671919,312.94792456725594,1380.705934432504,60.54966280736153,63,0,None
301.8866368425506,311.81217796204567,2027.5327332731,31.770595271095246,147,0,None
300.9569256672699,310.35884808921594,1601.3759147962958,40.1555331415359,179,0,None
300.1486855474973,308.53203797662036,1327.4830006201923,36.560046309814155,203,0,None
301.45095154774316,311.53354212059554,1636.8515584927823,32.98406973966662,192,0,None
298.33705995429597,308.34005973449183,1444.8951820920943,45.91501103549179,39,0,None
296.85899681188425,307.08007619932005,1750.0078689795375,43.47884035399407,113,0,None
300.8190021223321,311.3487682529247,1612.1499783719767,55.680714106091216,91,0,None
299.4812157353426,308.98311769474697,1284.4798152692526,10.924444576544676,235,0,None
296.1323498436152,306.384890280838,1565.633213220069,44.55673503933685,221,0,None
301.67148602586786,311.8321349177694,1724.352672342228,40.26098332439789,210,0,None
302.10317708765825,312.8116793626469,1311.2286526302628,39.301581551913245,73,0,None
299.3150283486315,309.79526289734275,1482.5586309390894,35.72475934792409,106,0,None
300.00858102349537,311.9143141935388,1675.0017499481703,27.53258858621423,156,0,None
299.6517890104835,309.7256918694914,1344.7139362092908,38.50461152773563,134,0,None
298.6345391247517,307.9640550245118,1338.9567444392092,26.66690170570437,189,0,None
297.9975331291461,306.8924043277319,1372.9583116267643,44.886590008939905,217,0,None
301.00846837984164,312.214463002276,1338.6490280890926,41.678866975938796,162,0,None
297.9186529713653,307.67256977625686,1145.944432805684,47.07371427922705,126,0,None
300.15989970978046,311.1997523320134,1135.8493005990479,41.994744908960286,174,0,None
298.5157630718419,307.9488056614691,1489.909970624949,31.190495847758,52,0,None
300.3733940996486,310.28850864270527,1661.589482288744,26.904103503560616,26,0,None
299.5036825720388,308.91784426296164,1196.7021177651463,30.783345407018633,62,0,None
303.7507141183556,311.38478365317235,1489.8401115670404,60.71409117000093,131,0,None
300.42286429675244,311.94458580273505,1262.130176041588,53.76264379189266,223,0,None
301.4688425423538,311.4244893047314,1708.485553233799,37.74847709436201,248,0,None
300.3336004814697,311.3810927740061,1543.9119245285979,60.06980086817839,257,0,None
300.12815167201836,309.63433230965364,1355.8267698075178,29.424016411074305,80,0,None
300.6811868721408,313.68402828256785,945.6187407607933,57.53434477017177,30,0,None
302.09774691215216,312.9182889912142,2001.6969316528243,41.92913576012736,106,0,None
298.9984550906472,308.6852458679915,1522.0022751509832,45.7214175554165,93,0,None
301.1976500706757,312.04235389625063,1767.6404955012115,50.98268617632432,38,0,None
299.9283376903372,311.4362536745628,1476.1651018711968,53.860291977782154,19,0,None
301.3005924404536,311.7133035926196,1498.287239461976,34.213121376528484,133,0,None
299.4242154749385,307.06848513651494,1303.2879872545673,54.09779919830125,175,0,None
299.622137294836,310.1538725167138,1568.1061197197737,55.19298068156764,50,0,None
298.04669544981186,308.544805356378,1281.4850442134555,30.567762565589277,3,0,None
297.79416654341327,307.11396573574376,1599.5486690230898,28.530673014285853,258,1,Random Failure
299.1403231815519,309.2250093495443,1468.4841167730763,32.653965904076586,73,0,None
301.4490811673078,312.2529397753496,1563.3727512355608,45.92137930632332,53,0,None
299.1280438861893,309.6241634712236,1711.2834697383355,33.00044356752851,39,0,None
300.3571288935111,310.05696158447296,1685.6408102882367,25.79972865729353,197,0,None
304.3445052815626,314.03559642875354,1665.2337070058584,41.0545568966222,125,0,None
305.0483550813028,315.7866752295651,1337.2220820612888,60.62750485755224,6,0,None
300.55970124486356,310.21007708034915,1374.3189560826524,49.03722051225276,43,0,None
302.157391919228,313.1792170568003,1294.3154694189234,44.51994939963288,111,0,None
303.8099664705095,313.8961786691868,1542.7873629976777,26.854477203367082,241,0,None
299.02971109249887,308.17936975774364,1665.7650664634043,49.50530988796189,56,0,None
296.5558361431313,306.80973548762574,1519.6607476692793,50.83084586838578,165,0,None
297.4462785933316,308.03944095007137,1743.9709697053352,46.23312625262799,38,0,None
298.13870750496426,308.9833124495322,1387.8792671434921,50.88998213623144,209,0,None
295.89524845098094,303.91279342152376,1284.221227386081,52.296674648023355,17,0,None
301.1856662442263,312.76355938286804,1291.100581717727,48.58123586335441,39,0,None
303.06118650284765,312.71846754245314,1512.0472204345594,19.21609607147959,242,0,None
301.57353278046094,312.3111989608096,1248.1199624399708,28.400590903925586,133,0,None
300.9605625221901,311.25149409004064,1712.0446062652295,42.78673056608398,98,0,None
298.95261229080296,308.73852748741,1657.9891281076993,36.267607980276246,85,0,None
297.1890109260708,304.692156852447,1430.221522783682,43.362166139802554,55,0,None
301.43162105765964,312.71741844390226,1573.9188564559324,31.933835929333235,171,0,None
298.09614066743234,307.6159818537122,1434.394649852046,34.23995396770429,99,1,Overstrain Failure
298.6766161788037,307.96998503653526,1423.8645098158622,47.49705953758267,126,0,None
296.38666545956676,306.5005499664701,1668.1947419590033,24.650750383951582,115,0,None
298.464795677933,307.88167415431366,1470.816123024107,54.68349797255711,94,1,Tool Wear Failure
298.9072434085361,309.2568296379634,1669.3879517998053,35.227374075210506,218,0,None
301.0557969219386,311.48578716694504,1417.5538431086352,49.812342944182575,115,0,None
300.04182756260195,310.61876724946416,1478.4753134718737,23.709936466429916,178,0,None
296.60969747597545,305.375340908669,1864.804393915297,35.96511887176878,198,0,None
296.00940225574203,306.31081190468575,1288.6871178336164,35.762648935448794,215,0,None
300.47270687037314,312.7625252149421,1584.4451423056926,42.72842076898075,66,0,None
299.67729969141004,308.6692468226554,1780.441079107244,23.09474414283263,128,0,None
296.61781487187545,306.71562133770345,1149.9939364930249,36.623283588653884,88,0,None
301.2836273679094,311.22282737090177,1526.3738296524095,28.337039228785002,245,1,Heat Dissipation Failure
297.69181456873605,306.2069864554434,1878.9422338960437,47.731082088756494,148,0,None
299.07005151142147,309.0886127050351,1460.6237484392152,53.34466057094855,38,0,None
301.4533071514762,312.4231256408855,1833.0841505375329,33.06280218805917,253,0,None
302.35437937279954,313.4454838077873,1295.169934222159,24.881942544055534,214,0,None
298.71849850190677,309.2185515380709,1438.269916782391,23.499547324352562,233,0,None
301.9046981663091,313.7621737712898,1493.158131507056,26.425064721844123,6,0,None
300.5860783732518,312.23543182478573,1350.4392209553762,51.996308771916915,47,0,None
297.5047702793895,308.31603509740796,1372.728797851061,37.96616749774477,177,0,None
299.686269861222,310.37810379647544,1217.482995927175,19.252013802314657,231,0,None
300.2096181133144,309.097339139408,1450.6789142109158,30.117561429894252,224,0,None
296.77317785311607,306.555515114694,1799.1356481776686,55.21859281367765,126,0,None
298.33436131689785,308.94698070962085,1674.1450030298995,40.801773075506944,121,0,None
300.66605688572565,310.57271416967217,1346.847575949002,50.09743153200021,146,0,None
299.23251039201847,308.8764060559374,1436.7730363397916,19.827618752696964,174,0,None
297.9186313880924,308.2937715653386,1569.230643454357,13.806621261972204,113,1,Power Failure
301.4764530663327,311.68134260114965,1595.8486092162452,19.389970817155376,145,0,None
304.6945665061963,314.45431965023045,1330.5064464776556,21.38681710084788,8,0,None
301.70234917785723,312.3317779556339,1723.5680323370652,30.449645063369644,251,0,None
301.03026470491903,311.819639675153,1549.3094761677362,30.091201248860173,252,0,None
302.8176725974336,315.0633702914891,1774.656909206425,48.314457356724006,32,0,None
299.4537372614675,310.16694516101234,1475.7645586727876,54.17569056270473,201,0,None
301.54511108955217,311.4486281610347,1733.234180492244,52.57107952607388,86,0,None
301.79533899332665,311.6506753722752,1535.8330062781436,41.8866851075601,17,0,None
302.17060136843776,313.80457360107016,1679.1023447772332,20.149945823844323,217,0,None
299.8911177099038,309.29161053075353,1767.239169289819,35.37091634179485,232,0,None
301.185767068242,309.90393414287786,1114.7462208957077,25.754830974164626,198,0,None
297.86304887382533,305.84279405274975,1650.922319509321,47.75216156663171,169,0,None
301.2916979280981,310.2520489934857,1640.853676524983,33.51206942965228,212,0,None
298.4001960380492,308.1610066711544,1349.6232470942641,44.93574682306706,68,0,None
299.9295704873057,309.6239433870242,1499.6462118613879,41.297126333562886,8,0,None
301.29596853864706,310.9522401497266,1287.5285982418734,48.23829336302338,95,0,None
301.13244134949025,310.2922497191302,1716.2483344069692,43.24291748163835,0,0,None
299.46528260929546,308.90131187330525,1391.5168782628034,47.54387405323549,211,0,None
299.4790646216868,310.35425937163296,1626.0380858059743,41.16046814493336,42,0,None
300.813861065656,309.92288087414386,1480.3318038454875,36.371044748208234,236,0,None
302.79073260207,311.86360649219216,1456.5302690788417,34.61037792188362,138,0,None
300.2817792407333,309.18918127016667,1680.9724916433058,56.05613225896867,76,0,None
299.49595081250834,308.37599840262203,1231.6451782822696,43.61159141019033,57,0,None
299.23199588376775,307.83445226586434,1303.3178187956871,35.25857307506869,84,0,None
299.5646785226831,308.89124476512984,1527.810518591056,38.355453815839184,89,0,None
299.4558115175922,309.66943615630447,1513.3071449796794,45.63795679621607,2,0,None
301.2472699671831,310.35896798285023,1181.6952109626925,19.152323908402124,233,0,None
294.98469647687983,305.9067537567619,1882.7560542595804,40.556446489824864,59,0,None
302.2408546291519,311.22788786963196,1468.2195860192414,41.1621580179414,14,0,None
298.6181651729362,309.2598930037265,1443.6674602532278,53.43846556933528,230,0,None
303.37643123373834,312.5424613957375,1568.2071530719063,43.46806422211299,175,0,None
300.48620032734493,309.116964224066,1175.104170424448,45.30336303155582,120,0,None
303.79862044845476,313.60339641420364,1861.314911032327,30.226298733040455,78,0,None
298.11634239913275,306.49599375079043,1631.097458622152,30.862887388715485,83,0,None
296.64859934504943,306.5361044595732,1479.138414755151,43.42080504076539,111,0,None
300.01883730538896,309.86167815522674,1196.7011039166482,50.12539584628074,91,0,None
296.85537599541453,306.9906328664323,1474.26779259747,37.42993094160844,86,0,None
303.04604443435807,311.111907362287,2012.3173952497477,29.397473697612988,6,0,None
303.4142674085053,311.79413833358825,1297.8367610205437,42.7971602512543,90,0,None
301.31735168291436,313.1493693671512,1533.9110093229074,50.43244187779885,29,0,None
301.16636997950116,309.86897918157763,1410.3543246484428,29.47102029479109,8,0,None
301.7552743770327,309.9547419533545,1627.955882592424,27.77549883316226,192,0,None
298.2513171638192,309.4252587908584,1392.6499800711294,39.85907545304057,249,0,None
301.87267194566067,312.79259512789577,1575.1731110842375,32.70834283799734,95,0,None
299.8775005894336,310.5388919184523,1366.7928678373946,55.93852379240333,203,0,None
298.6110143406725,309.14855747681025,1592.8516486397684,50.77389326266136,60,0,None
298.84005745298936,306.5269473926329,1380.7026608548888,41.321800594996425,249,0,None
300.12528610974215,308.9249509222613,1375.8951818804685,28.598347579457542,65,0,None
297.6505456113623,306.7292102046358,1690.8530074592002,51.87955572527969,54,0,None
298.4379122932445,310.0780482815913,1233.5233812253045,39.17310054559211,230,0,None
297.8617404020946,308.02868555603834,1334.6073244475185,42.7747635102426,92,0,None
302.5179020722417,312.49978824158217,1428.1302977392634,37.00947018442509,201,0,None
304.58379729356676,315.939609775684,1562.9755018737742,34.27700797088986,218,0,None
301.60127183593846,311.365361433686,1444.9312893360704,50.65364957632785,10,0,None
294.78125810592695,306.29658192360324,1231.412691654797,55.42337737310808,171,0,None
294.7956072441977,304.0941462317343,1598.6807949961612,34.38009670939665,244,0,None
298.1754788825918,309.6235103176308,1386.451385267682,52.668751100383,255,1,Power Failure
299.36692154874936,309.0637372688083,1346.6339465487338,30.034005037383118,37,0,None
298.989105185591,307.9991819413181,1512.9825758471923,43.810107322390635,110,0,None
301.6992907634564,310.9208712962108,1446.8901407358787,45.86426912562687,209,0,None
300.5268725301725,310.88105509755655,1840.1396803137668,39.77160421549519,210,0,None
302.1797844989488,313.98264624004776,1575.524199193682,16.332518581039793,107,0,None
300.134374239599,309.5475334707061,1249.494595795315,40.08852330676346,124,0,None
302.7609812911049,311.9116013286896,1832.6001432566336,30.71490373826284,11,0,None
301.1320662780548,312.2644706217884,1459.6431220216616,41.9650591120788,6,0,None
301.7678699989525,312.7261092374045,1519.1423649761173,47.280441990767024,10,0,None
303.20376944564225,314.68148401923486,1565.183143581453,44.28296313819226,30,0,None
298.9301847008818,310.120179009342,1114.541504647944,38.66690221952821,149,0,None
298.84315290193365,307.40561530665894,1610.8817790700575,33.40557299377649,185,0,None
299.05202263846775,310.1937698624213,1122.2432635446992,17.16814602332668,239,0,None
301.9747723589741,312.41949447813937,1654.9489142230739,42.738828481995945,233,0,None
299.72753240101537,310.2939670586149,1654.2867929437843,35.436746735335355,134,0,None
299.60536804709176,310.00331573034674,1558.5032783963236,43.32331013472588,224,1,Tool Wear Failure
298.736299913213,310.8277462980922,1431.034438470678,13.290611015196827,78,0,None
300.5424430184609,309.8020931524097,1486.6176550469052,30.657653957328737,69,0,None
296.7902884080034,306.15628818663123,1861.3297163174323,44.25039423595674,43,0,None
301.4442102288108,312.2430921240672,1170.3628860753367,62.437729625141436,108,0,None
302.2092597083507,310.8400084398658,1523.1798825517476,48.91099278222441,118,0,None
302.5190848028559,312.2952424076125,1663.477133078503,49.330446397772995,134,0,None
300.1223098787682,310.7216690501241,1865.4951534813201,64.85682752185379,2,0,None
303.1467320941911,311.9581798175426,1496.4194353212183,46.12618096011745,124,0,None
300.0718362929002,311.31733780253086,1450.554232124075,31.19422426419522,48,0,None
299.51869102538905,308.70535874893795,1665.9703508507846,57.73311747321592,206,1,Power Failure
300.34888973285024,309.39114776635887,1526.7845140373668,45.67935061028791,214,0,None
301.6651894810741,312.7299042113659,1515.8417971178808,42.58106251633939,168,0,None
301.79806022035314,312.2570597048628,1515.038103327329,47.491195946378454,208,0,None
301.33863969577567,310.98598378796805,1661.893040749513,37.610844388733085,11,0,None
301.3793621246005,310.37270194941857,1547.2982288894464,39.668464817296254,54,0,None
300.24044355914936,310.1461170249091,1457.8848110211272,51.66514648642655,232,0,None
299.80689703933933,311.1460773985302,1595.082734476201,26.159370878142735,12,0,None
299.81102812729097,308.921515683119,1707.8532300373602,26.90264015229777,22,0,None
301.07780482298824,311.05265718553795,1318.6674152830954,45.540402306541225,12,0,None
300.2168452602191,310.44459376391745,1517.8538786443428,40.408707751784966,146,0,None
298.6923098786556,307.9499196948484,1688.2092169182988,36.23624246063736,169,0,None
302.10727474517165,312.99543896064705,1523.3934245114992,34.490063519505725,102,0,None
297.5784313196325,305.2345116612497,1209.2286974020365,48.67602966163021,137,0,None
300.4142565719784,310.7466878902768,1641.64642242153,44.78405620476883,144,1,Power Failure
304.4036572835622,315.4715126416932,1461.8515728196835,76.83067306970483,56,0,None
303.4783186644691,313.0429667650455,1256.913789742276,47.08128612195893,224,0,None
301.92566618581617,312.7445862377141,1317.7602265155047,48.28995692093704,171,0,None
301.09551308715123,310.3915581605314,1432.6699578662253,42.41320900279186,186,0,None
297.04601247275093,307.4326264494071,1623.3487508650014,41.10784589984503,173,0,None
300.26966327036024,310.88089590054204,1552.3603253082538,35.79823834693546,138,0,None
301.06039333030554,310.0441984461895,1278.1115668890184,57.72407699421056,63,0,None
301.94394401568434,313.35720102174014,1709.6076372890016,42.1542582313737,180,0,None
300.081179073403,310.2486780318513,1722.8311633752032,41.98891319135647,174,0,None
302.3512852085326,310.7142490403857,1539.9301786814985,52.45866655914912,10,0,None
301.14757800243547,311.1797458197759,1477.9926866531282,23.772648773069005,165,0,None
303.5252917542949,314.69984230450837,1339.3122999884279,20.375782898510508,235,1,Power Failure
300.3523665428503,312.5454219161815,1493.6620281493322,36.6492662831991,212,0,None
300.9486413642549,311.8716693679346,1849.5531354043642,38.84870605314504,84,0,None
298.78220350693954,309.6734602448103,1483.927733831479,37.86176229495889,182,0,None
298.4835734903631,310.25717740945197,1386.8830294777792,25.030114945117294,5,0,None
299.4246454681829,308.7324380482205,1537.7636975326693,44.893926935853344,71,0,None
302.21936407732665,312.88975962010505,1378.5980728465004,36.78056293983382,138,0,None
302.2902443635336,310.97873978983273,1483.8026031859388,52.96222627701187,184,1,Power Failure
303.06247018668864,313.0301109753917,1440.3500688608137,34.47803150837115,7,0,None
299.31399296224106,308.887934591238,1663.1633867434598,33.94822388511771,208,0,None
300.7693397756408,309.6537744470242,1455.5261109052142,68.92897184720276,168,0,None
300.1836389377597,309.53341066274294,1473.0321737285105,46.36669431101769,84,0,None
300.99196519117385,309.5108699672535,1384.9758846643267,46.62808009949988,110,0,None
298.9721346605576,307.83942209079987,1519.3916286364258,23.670267456881408,159,0,None
299.81072208753375,310.4005882422864,1388.3108149929565,48.10243445247026,137,0,None
301.57949721872944,311.8567371438862,1490.287485807549,68.43766781019518,206,0,None
302.54941258610035,311.8118176089744,1179.0834104482915,47.659282822855296,88,0,None
302.3711512441737,311.57708390502967,1181.8964727320163,35.96106009000792,150,0,None
299.45259583519527,309.67861092085855,1697.8108923027503,35.21547804534133,205,0,None
299.3934320544075,311.43867020208,1408.1097162034785,53.759419102949614,67,0,None
300.77308334292104,309.02206715212566,1486.4743766672218,48.80766682985989,257,0,None
298.3520454388306,309.11059465539455,1493.1726873774767,30.927122636957165,204,0,None
301.3933232125717,309.89997187110873,1355.4357396664273,48.340750818932264,242,0,None
300.76229124991835,309.4688026342851,1263.972775853662,29.469166860502277,102,0,None
299.6576301002145,309.37674237371795,1284.4507358971437,38.203514771480144,136,0,None
301.3695734721392,310.0855830197882,1442.6557569748636,40.14557164358035,181,0,None
299.69577698423876,307.6616855653662,1801.9289241019221,57.57863261006251,39,0,None
299.98347437591195,309.7535131721991,1657.3652437658386,32.10166615213498,215,0,None
298.19902865343863,307.7175153154206,1319.8088755698404,55.496110411617316,81,0,None
301.1770370281239,311.8162383555356,1767.010578073206,29.172440279713186,223,0,None
301.32325634122077,310.32756894404963,1809.3781182303308,51.36500728079319,98,0,None
301.7567654239466,311.73947192262784,1336.5823874307698,51.18238844915234,214,0,None
301.6537830772866,311.02382635841127,1529.4714713748388,42.064199525395544,227,0,None
297.57141433728657,308.8481601821268,1555.8263022274043,32.396176151685516,132,0,None
297.06693794408386,308.00997960398627,1356.966370301788,19.97729695258453,17,0,None
301.27225045483124,311.9698028003916,1619.1353467004958,49.8161916588429,238,0,None
300.1906663748743,311.3517399990924,1581.813534919632,47.95451476607856,208,0,None
297.9410423238562,308.731040154562,1728.6580758296607,47.33499087751089,78,0,None
297.5098428428636,308.23529114128144,1556.3839523812524,39.32976965995792,136,0,None
300.96963347488474,310.48967038337827,1420.8513671713831,38.64435880616943,223,0,None
298.0996146758614,306.358766143191,1346.0033164789756,47.54670646228828,28,0,None
298.44107116339467,307.868290813186,1151.7750054437406,59.98942734840274,95,0,None
297.1955158808322,306.9328043687845,1297.2448273286618,39.54078449897773,186,0,None
299.19796489631557,308.91891590533595,1565.7769340697675,37.193364363472966,170,0,None
300.1271317360301,311.1376018760692,1288.4211969184187,44.063750902090035,34,0,None
301.9369493695103,312.3648597444702,1461.1220210094248,41.93785669880695,139,0,None
301.5341486216235,309.9545672647657,1529.2147041351966,24.147076603759924,237,0,None
301.04893143669057,311.69386698468526,1758.0389819732534,50.83771054290773,47,0,None
298.4724336123458,309.08104200976726,1629.170619406151,56.031952917114566,196,0,None
300.0738952211719,309.1552807228368,1540.5332829143924,39.27207044417388,217,0,None
295.61920908423616,305.9982177464374,1501.6368687504455,40.43863749932032,64,0,None
301.8990906844404,311.6142977367587,1392.0265309264307,31.37402163663321,223,0,None
302.4100109718584,312.70262348974586,1332.2681743073306,42.06618433846242,173,0,None
297.4069162274944,306.42838134842674,1656.9424783207623,49.104746759913205,11,0,None
298.34946122209334,309.2625026615436,1567.7095488753894,42.634008969892925,171,0,None
299.56018725977907,309.3403814373855,1491.767760851058,32.586389014850305,111,0,None
301.1386157085468,308.7038940374606,1447.8033323965176,65.27482411714648,69,0,None
298.613923923291,306.70510872102733,1560.5477445661306,41.69586439731665,11,0,None
297.3239163470544,306.37492954138276,1536.731628822064,29.863289111294442,227,0,None
300.9529373042171,311.28066198088277,1730.275713099188,34.968926474038796,191,0,None
296.05475854210516,306.1499062649999,1440.7374614516646,47.858442843580065,129,0,None
299.12404697718546,310.6863454936165,1592.5268590403268,29.61316647802009,69,0,None
297.85258465167993,308.239242653915,1319.619440496881,53.28393012364489,184,0,None
299.2961484875799,310.23357432685157,1200.5855872489724,40.25287494308013,55,0,None
300.08777758931535,310.3233653423407,1476.9214713151819,43.27274470751553,141,0,None
300.61846558304114,312.0703609156266,1392.5309487297263,59.45567091322709,154,0,None
298.3336987083736,309.2503531920874,1271.444187777057,33.390931345743745,140,0,None
299.9100800252717,309.5575331566683,1448.2566749008536,30.68315249291344,69,0,None
299.3558268219274,310.28241547209745,1267.9646259970316,58.84081507674111,80,0,None
300.52590586141037,311.7480257927125,1485.0397460373167,43.72421328958862,7,0,None
302.0933323430423,312.10052792960835,1494.7154366813754,40.8384838020449,41,0,None
300.1937939572821,309.9110959459988,1130.7159911397089,31.06245326216012,124,0,None
304.8621809012277,315.1563148404863,1191.2342863296938,43.499519167157416,99,0,None
296.6017974161366,306.93152621000047,1324.9824545500564,21.263638991340105,50,0,None
299.47989631482915,308.9730344890955,1687.5831896892516,44.80142741298908,132,0,None
297.36960282627393,307.2371509994214,1566.7735233602955,47.00471805966017,142,0,None
297.72439559225523,306.99382365751455,1689.1189097153772,40.681339691470285,33,0,None
298.74063103790496,309.5793341130395,1458.837766767843,30.133617992386203,146,0,None
299.4473648123493,309.6241404077208,1580.3082935454604,35.46802487905411,130,0,None
300.5860988895544,310.1547841777776,1357.9758949647967,39.8607949000207,26,0,None
299.09493380041977,307.56395567335915,1683.9510438055531,50.56462243333314,77,0,None
300.01562900406,310.75926486551595,1478.7466415810934,43.39109073362212,243,0,None
296.34534502344223,305.61291367273276,1294.2603373285265,31.52523566747611,138,0,None
298.09157474357414,307.23861287907636,1854.0582146431188,30.544261683356705,132,0,None
299.68648185871956,308.99862626064737,1471.2101483724541,24.192954576106803,127,1,Heat Dissipation Failure
297.4084056206307,306.4270858647147,1935.9099285154502,34.33318652939542,120,0,None
296.93839612367213,305.7896234854679,1527.0058732161128,59.87658905615768,60,0,None
296.1892972123932,305.87307796182904,1332.6401766559272,35.59914681910694,259,0,None
298.10873187254026,307.08248184700165,1628.2100966724634,39.321271497035646,179,0,None
299.45025688384123,308.33030250059556,1298.6780693055202,35.14055230029515,234,1,Random Failure
301.7203352432285,311.566327549441,1721.7352155414144,36.00188828156327,229,0,None
302.4632230152081,313.11746856771265,1578.3161139853607,25.82161869234023,192,0,None
301.4274682695616,311.19657981894056,1461.1162107802068,35.282455294052596,3,0,None
299.3863847555034,310.64885462791847,1767.0507329095356,39.97786508358176,36,0,None
297.31051904914875,306.22736117933937,1375.6701467163414,38.72869509214301,152,0,None
297.45628325326743,306.97083389873717,1765.1592466405064,33.33505513843447,159,0,None
300.8041813811119,310.6025607354721,1225.1376586629397,35.31997820804327,124,0,None
302.3079346195833,313.275336585148,1604.0034884895886,34.61627561047161,254,0,None
299.21776985291683,307.7014464749144,1681.7532075413844,36.86831990057641,100,0,None
301.46890376687855,311.79801551805787,1344.6119310332124,24.17347865834853,251,0,None
303.5882261464238,313.26660579344906,1392.2424560233926,54.39854044899939,236,0,None
301.00331439150386,310.2888505993646,1462.6945512335164,42.808460570839976,66,0,None
302.1212323796765,310.8668541850961,1381.6706133223543,44.346125481968635,136,0,None
302.9909769200692,313.6309990919977,1702.5045699813277,45.808061014684036,86,0,None
300.89698639740396,310.7709268662062,1529.4828839919066,33.54649227327987,164,0,None
296.29195213938186,307.1340801491809,1631.0265398173033,33.6001024160383,101,0,None
299.5142011431042,309.13513191697547,2142.355551055063,31.776676306184456,69,0,None
297.6191213393352,309.6364073825925,1392.9449239717849,39.93453746771524,177,0,None
303.5440548927279,314.68070154217565,1687.0739064688037,47.548461258439296,58,0,None
298.9747846683404,308.95020402321734,1502.8675877051287,42.434677576603775,157,0,None
296.6980227073601,307.5766907813453,1394.0699148634708,45.87221787148276,180,0,None
300.6990381135587,311.5977992970809,1405.5630464579929,52.55373476118933,54,0,None
298.8407293163232,309.15144275418027,1748.1648953007534,31.186111289915118,220,0,None
299.61391449327874,311.5243658577028,1482.7615197174055,46.89224590205611,81,0,None
299.0696116793498,309.1100489169706,1651.3268397171803,51.87126456019192,224,0,None
297.84362605024126,306.7716938533031,1596.9867806784323,11.244518482709545,171,0,None
299.5556482091914,309.8756696523235,1674.4314244399768,41.220948860644185,32,0,None
301.1757808931445,311.8212320283303,1175.3030342815432,36.890926365787344,18,0,None
302.2815075827048,312.1521889741393,1730.9850809356053,42.28665103803232,109,0,None
299.52205281303577,308.983726958995,1459.541749314816,34.310402330978164,127,0,None
299.5626066660054,307.2067820106413,1530.728970411781,29.058150405477534,227,0,None
300.18173435200043,311.29279010854276,1472.6673803923752,59.05681983549434,109,0,None
299.1546823003146,309.7654433469761,1620.4819292358607,40.7154095644057,231,0,None
303.26884394669094,313.67501001160264,1347.5987725109683,16.658756737037315,104,0,None
298.7375356045286,307.8871993420838,1270.613433841786,38.04106705092555,65,0,None
298.8842610779595,309.9213954643492,1448.5326948926945,21.449030242217216,7,0,None
298.6783200676015,308.75536041754697,1698.800750647278,40.39339622338588,222,0,None
300.85370670538805,310.4256598780861,1177.3873738686414,53.258402797826605,235,0,None
298.7767316604056,307.70698302552506,1494.307531024791,43.602579848007636,207,0,None
302.02127909195093,313.6577998096814,1435.1100372965684,44.11125723785729,183,0,None
303.014399503102,313.9727437652836,1476.8824519069437,34.631457246882064,204,0,None
299.99209710372793,310.67493739641355,1960.142691807707,49.871984330045954,211,0,None
298.8316328318109,308.88398095481506,1454.2901327382879,55.57891051918514,3,0,None
303.768680866455,312.6890468474437,1301.3386234572956,51.90128332827554,57,0,None
301.16175551943115,312.1438692363233,1759.5561972886892,41.62439942292477,19,0,None
299.44738327877275,309.11480823263423,1582.4997884906095,41.056154501907635,103,0,None
300.2632611468552,310.84492514773467,1470.1885588432888,36.84001667037084,108,0,None
301.02028636891595,310.41389332335865,1575.1542210268885,19.77509714221672,110,0,None
299.8195555982976,308.93303791278794,1588.2688643259046,27.98152163086725,253,0,None
301.0360106860044,310.8086588226949,1492.8618094285312,42.48620523149809,120,0,None
301.20211857860835,311.7262572152765,1459.387917479217,60.905393178924015,179,0,None
300.2289333249842,309.898329549166,1614.4918386126215,36.94677557633495,144,0,None
299.4400943395705,309.1057754447986,2009.1900204097328,42.79224149233082,54,0,None
301.4640242028541,311.9516692736905,1572.800528437686,31.894851687735404,49,0,None
304.78761670328805,314.68788233394275,1293.6012990210093,30.01807534869022,26,1,Power Failure
299.13554864852875,308.15945169416005,1593.5021607292224,35.34511134040518,82,0,None
298.1146814699614,305.9522836946906,1509.736938017351,41.123774156725474,154,0,None
300.68305433525154,311.3234477942877,1469.8879177796568,37.06319343404243,120,0,None
298.21679423323434,307.85466100797163,1432.6732116126675,40.17135861309899,243,0,None
298.7752379086145,309.19844054995446,1582.3672947745295,55.9193781390478,223,0,None
302.3261567506771,313.99990271110005,1482.199563434895,29.904008638925365,30,0,None
302.07570142685495,311.84490878713723,1509.0045370480466,50.05059241790333,59,0,None
300.72776020652435,308.7527917453425,1556.890994756882,53.33033259802874,228,0,None
299.23220079460066,308.1432951489858,1425.3628132856531,50.5945454841918,83,0,None
298.4658431341334,307.1860455507481,1672.5015463264333,28.867824399731866,252,0,None
295.9074918701546,305.0115214953007,1618.8126371714034,40.98306606056617,243,0,None
298.59576404722094,308.9724153278677,1537.3957260185698,37.660473831034906,160,0,None
299.06378144920717,308.84010480157895,1608.122985770421,44.24152060504994,180,0,None
301.8456018934354,313.9050937607973,1435.3823816143567,23.747257503180155,49,0,None
302.1957439704053,311.96742396800136,1579.5622253478334,53.38638314364091,211,0,None
304.05242209761707,313.332535679022,1751.3062590981867,33.11748849178987,183,0,None
297.7549478841759,308.1600655075088,1371.3083858119076,14.369689159798536,168,0,None
298.9560701877531,309.6396735973743,1527.8914115150992,38.37898057451671,163,0,None
299.90302037888625,308.11836438045833,1530.7977022231216,28.162761610498542,240,0,None
301.59605422011657,312.603376128508,1577.4254364789615,54.29700220019492,97,0,None
300.875983392266,310.54894671957766,1485.0394809209267,30.56422348741917,192,0,None
301.2324090004272,313.11845133739024,1262.9467013158703,37.056662909621856,185,0,None
302.60789857521877,313.25709573839316,1572.5592352665183,23.237256596524457,47,0,None
299.07052697189175,307.2297824449556,1499.216884542655,46.90535548992731,66,0,None
302.78343406097093,311.9100750962977,1415.329697999787,60.13056173251954,8,0,None
302.8171926683753,312.27500219418584,1521.081802612346,38.35874683083262,118,0,None
303.1363435125898,313.35887957486545,1154.2882514092182,42.32855185769621,252,0,None
297.5348451775073,307.4423583023976,1305.0494859874543,32.609336098316206,90,0,None
300.63319916775293,310.83342074311327,1455.7315189785518,30.016437651014776,38,0,None
298.85203474508006,308.070618438724,1661.2750130643092,30.709720103816856,102,0,None
302.2604406162693,313.1561136739636,1242.1844847438347,40.50714111463387,137,0,None
297.0220007894338,305.89806229696586,1370.8219661148894,45.92823251143998,180,0,None
299.25159570160207,308.86927038120996,1741.0646602975185,29.396250253257328,245,0,None
298.1991628126012,308.7715129124366,1585.2084187140522,36.16831105609716,21,0,None
302.268588380633,313.2464493785525,1223.6532638134054,52.431426423862014,99,0,None
298.1944572239949,309.09553849192116,1490.0352584225193,35.45940278604488,32,0,None
300.2939212720487,311.51398124944944,1553.9306010765176,32.94909320813969,121,0,None
301.17608271509226,312.1319374300151,1495.6098011371305,49.027781708405314,74,0,None
298.6788096190168,309.04216683576914,1862.858543789142,36.322915977541506,42,0,None
301.3760103359428,314.8763667308068,1820.8467499029002,42.86232879935049,59,0,None
296.92334079844136,306.7758260658256,1353.2258040496677,49.0784369273908,231,0,None
297.0540682590975,306.5919536822791,1110.0746935277837,33.85081251401665,36,0,None
297.04678537234565,307.1511260633683,1534.1613670899876,29.086791332801692,148,0,None
297.39490661535683,307.17035289758644,1577.9346412907312,42.37489336355047,67,0,None
301.795781717509,311.778883802241,1541.6154618871185,39.890644639029105,206,0,None
302.589119893113,311.6861900994892,1693.724877031773,52.909238664128225,132,0,None
299.67811264700384,310.6834968902663,1624.9797650932283,51.52309420469604,185,0,None
299.36899492212626,307.7947780646216,1441.374330618897,33.46552045457944,79,0,None
300.0892405951893,311.5142525245514,1752.6670546724233,40.40712318311188,161,0,None
297.37978676630394,308.4749682004432,1609.3531795681463,48.879963230207466,12,0,None
301.28197348283936,310.491080718813,1404.6573213075187,33.59349364652883,29,0,None
299.28784316594243,307.44406928866505,1552.7092500078286,54.73342834456872,68,0,None
301.8221479119768,312.40990744324654,1449.081052758573,44.16023046519341,101,0,None
295.2879435001435,304.97410594882723,1138.2656474365704,34.76417390803101,8,0,None
298.2811421419285,308.5374412009329,1563.66754057317,26.77697617100449,48,1,Overstrain Failure
297.6829026415703,307.1998472101742,1415.37938308101,25.361515685303665,15,0,None
299.9974126050485,310.5748575186128,1521.7929810210753,29.241850002348542,14,0,None
302.0953467440379,311.0783983525082,1773.3386992899764,58.38140260611411,122,0,None
301.126504001381,309.430281943631,1529.612262667395,28.522123023821198,76,0,None
299.3312037629617,307.5787813032328,1376.8910060068588,58.88659738773913,88,0,None
298.53122594968187,310.0008485477367,1686.2804993050956,36.31135545320348,79,0,None
296.80841562375286,307.22927455784037,1288.6555851541075,37.33506958570072,113,0,None
301.18154597862633,312.8642536939687,1613.7691878013736,43.09477177025968,3,0,None
301.81081767446193,312.9257978303607,1591.3566626706395,28.022665862809696,57,0,None
299.59301955706076,309.10777773623926,1807.0463647321671,27.135501145543532,47,0,None
300.002203831828,310.74042290579,1641.5960146346033,62.836713703311304,202,0,None
299.3773673600651,310.34791667748163,1152.719177616495,36.44898244474693,259,0,None
299.69026982368416,310.9396192365747,1448.7712253219438,24.001897561426492,255,0,None
303.3328947626836,315.23546290911503,1390.4017178903632,44.894893035683495,125,0,None
297.04713531416303,307.39163643786566,1324.126378155725,46.4706503894767,179,0,None
299.32688777823387,309.68906478755844,1496.3494756637085,51.53582030326888,9,0,None
298.6339452154694,308.0987614679581,1439.666397305939,37.94067227790221,177,0,None
300.4302485012163,310.9895911251808,1345.713045489309,31.900223790959558,225,0,None
303.073296364149,313.61989294416315,1457.376689069824,39.9803131122524,113,1,Random Failure
298.84996712240917,308.1943674322285,1570.6525189641143,44.00488133349156,42,0,None
301.2616734983106,310.2708198434655,1290.086011841383,36.34314666188326,78,0,None
303.3016174638761,313.7958997600632,1614.307356307068,34.9107063355329,35,0,None
301.0669238291946,312.9350507684373,1552.9249304554353,51.31808447491139,144,0,None
299.8878686922572,309.0583630748778,1395.5593805745118,32.39943767702236,67,0,None
302.06978724504836,313.5333680001956,1424.6884759639072,45.12703511376037,133,0,None
301.68327784923315,312.1779315292675,1630.8267376471458,36.01586303213588,221,0,None
301.4649502380274,310.94831287651556,1414.2909950142423,50.89419587938137,10,0,None
298.07723503152886,307.44037855425535,1465.2505328203722,44.88132585067389,139,0,None
296.63668793233336,306.9390085888603,1339.9968550422564,33.48137415229467,218,0,None
299.6396080685077,308.1402862690746,1263.2256094302386,47.34495815531527,84,0,None
300.1513170027701,310.5045661708243,1612.175185190355,62.20285163285881,106,0,None
301.7315265446895,312.3656322564748,1685.8723096596486,32.76983831249975,232,0,None
298.04368422105523,308.03828008588425,1790.5468710045895,39.42107784225897,70,0,None
298.24514128920265,308.0194551217428,1445.2236455184855,31.80914912540592,91,0,None
298.9444176429504,309.59822235478646,1333.6850962074413,35.711475264968016,113,0,None
298.38431011502666,307.46934168883564,1708.2337629764731,38.823873580256056,241,0,None
304.97524577605594,316.72078427112825,1595.6927410455792,49.52683460824696,68,0,None
300.43341375632946,310.12361087366315,1634.6567326771192,23.927643277890535,142,0,None
298.80008386524423,309.03306511835103,1587.105825206537,54.74779184098357,177,0,None
303.1261463933676,314.3999876560241,1625.5927413837207,42.06587022847975,21,0,None
301.1723629290592,313.23164439530706,1602.7740233788584,26.87877486884086,158,0,None
300.57697565044396,310.3019857512483,1662.122775614924,42.22691376712495,76,0,None
295.4626551809279,304.70291671915976,1599.5116408456947,32.72096984243125,30,0,None
298.48006712129785,308.84565029835346,1747.270399732056,34.174479213188846,38,0,None
297.91047306051615,307.5816131301384,1398.517459223316,53.44846318010024,23,0,None
300.86153780077774,311.7325222185449,1794.7085300685721,44.220804993692965,145,0,None
301.83143304138446,314.2898069797819,1324.4060631387792,25.048965020109485,157,0,None
302.9815001385208,311.9382769820815,1640.6758743753792,56.95852319222595,193,0,None
298.4520862235523,309.4574853613296,1545.4059228356402,47.30449577863252,139,0,None
295.8264320142038,305.0442702775003,1729.970836204603,43.254022233682896,19,0,None
300.81269917119215,311.8597782358851,1526.7989933989513,24.889164205799407,168,1,Overstrain Failure
299.02671753353167,307.4685736729522,1540.9594745362485,46.813042908297774,197,0,None
300.61758815046113,310.9450714657023,1621.214891628041,45.7479573498393,124,0,None
298.60409879714007,306.6955317075863,1561.4497922426503,19.726025882040545,221,0,None
298.727211261502,310.1638016931755,1596.1274175910542,48.91572959268942,237,1,Power Failure
301.7163269898762,311.11338967888923,1502.889815535928,53.09134448182726,179,0,None
294.7643800341138,306.11444104368286,1495.3202558760472,38.84719925209078,219,0,None
301.61312599465873,311.84960833939147,1505.3146388890545,50.87533917009336,226,0,None
299.44754976032874,307.9445063353649,1478.181483306711,37.49796339197606,83,0,None
301.28927134237597,310.6774681050155,1724.9229208046054,30.76018236686923,135,1,Power Failure
301.88153696984534,311.61788073724256,1477.9072834526128,42.171449627376475,147,0,None
300.160054659891,308.9726593500384,1418.6830207192472,23.380860051452554,67,0,None
300.23562748796746,309.7060632349445,1590.1834876985022,33.269638064231856,235,0,None
297.809142758399,308.87923708735303,1519.6380636902861,42.25748133239027,165,0,None
299.6024996022344,309.8098210785047,1584.233263991086,36.36161177621422,25,0,None
302.7548994945068,312.54382519405476,1401.7151198956324,40.81719395534429,237,0,None
300.1250813341031,310.37372746749253,1383.8097687070033,47.010784995992765,203,0,None
298.6118966261468,309.9080408922873,1968.083267894256,29.58221686359615,84,0,None
297.9334790333445,307.4194473832791,1391.987762728145,49.037642306071824,142,0,None
299.4770961533918,307.7578437606355,1821.0150488636118,51.221251071711265,92,0,None
298.6613080671718,307.4775044186462,1698.9476304607351,34.82677557788806,16,0,None
296.5790020651597,306.7629291283118,1418.1406290575924,33.699177408312984,12,0,None
298.6717004930972,306.4502194314274,1557.4526372268492,40.873933989784256,247,0,None
300.9276043914021,310.661319841571,1890.346617606055,38.98501727854569,178,0,None
301.2230761290592,312.94476723233066,1767.4729055825514,38.66567428772384,86,0,None
296.7629549930821,306.21732470241676,1373.3381269966178,46.26025626647815,217,0,None
299.6135545964923,309.90734872021807,1499.5866974780763,25.564826390993083,131,0,None
304.19660535108164,314.38665840248547,1608.125658402384,35.13857865307361,256,0,None
300.2539860693268,310.95495634380603,1757.8376568011531,51.6169431573629,136,0,None
302.46585058888564,313.4642067852437,1357.433207747895,52.322465502924416,139,0,None
298.5594814939704,306.2996045586534,1400.6568750319248,59.86362812696086,177,0,None
299.44405844126385,309.3204208652936,1622.2893966614788,48.146502738713906,236,0,None
298.8065483241281,308.3553719440555,1401.0790185940657,35.02766310316139,12,0,None
300.9964338579001,312.06178104096426,1531.685951898676,42.64571539406932,248,0,None
298.87923659654143,308.88123051787915,1935.8974678761967,36.50261805020769,238,0,None
297.5338350215532,306.9003188484181,1312.7105167534287,38.66917817509615,17,0,None
300.7918542263067,309.7277325086434,1432.848340391609,37.942135357094685,137,0,None
298.3589271940999,310.3367650210461,1977.217745002591,34.116907090757266,251,0,None
303.3080029204906,313.8554472859277,1478.6647901803096,31.682169643585652,74,0,None
299.2234265063254,309.26421561589257,1716.8336788831912,48.161107358051126,36,0,None
299.35022973329944,309.3018164341852,1450.5042640946433,34.68266909875342,117,0,None
298.2404805393789,304.6293562538677,1646.9220184014293,57.66606570020443,99,0,None
297.4337280336382,307.014030462618,1359.1955158309208,37.47333147253876,96,0,None
300.4398328817527,311.2728443371508,1411.4176119423666,44.198117712967445,84,0,None
301.4541215601075,310.54625998548846,1466.3348104622432,24.043023657567268,130,0,None
295.8823434341259,306.8569859781729,1478.5063866164808,17.249460992509608,238,0,None
299.65913318188746,308.9409284136336,1602.495068033128,52.603667812714235,110,0,None
302.3364813066232,312.367534542071,1427.974794138046,44.69328558472489,251,0,None
296.9254138662432,307.3809033950062,1474.7796905449904,35.122223251637834,246,0,None
299.5618636217909,309.9396063633093,1593.816822755598,48.70619899019285,46,0,None
297.9521719241212,305.45194207671085,1776.6245807716352,35.97474933083603,223,0,None
295.9356888759194,306.4749481275875,1459.3778945869255,48.22854588320784,104,0,None
303.5326627773503,312.39573705251877,1212.9714396354689,51.96255269366325,237,0,None
300.4688464764971,310.3229275508519,1472.1946135498515,30.804021209924613,224,0,None
297.0296813682014,308.1083461498357,1396.2274429628164,43.32494153560251,212,0,None
298.96351631450943,308.36045926268065,1501.686886306133,40.4629466929054,62,0,None
295.9955790787653,306.19891388102167,1577.3188626099043,40.60251673232327,116,0,None
296.4987481641226,306.9327897025214,1651.3098830433844,37.2213591067477,139,0,None
298.03634346364396,306.4701649730657,1299.6015915025764,44.1953475137102,248,1,Overstrain Failure
302.3155033537223,311.5139046783208,1578.3316635397262,32.06478158507076,49,0,None
297.7017833351311,307.13596960692445,1703.2887018119907,28.335642927250113,195,0,None
297.8234069350171,308.65873079027887,1096.8044410641098,41.06544235047137,220,0,None
302.4859763471331,312.719744602953,1547.9618355709588,11.778550926494901,0,0,None
302.4428657744471,311.9601591239686,1321.0181260606387,52.911974266321145,84,0,None
298.7976716930463,308.7032826725842,1373.3130143841809,32.857306970280604,207,0,None
296.6323395908985,307.93409625680385,1346.1807217662767,41.94206920624792,250,0,None
301.2464253650363,312.0744150962512,1398.0596012991762,53.113834122184926,76,0,None
302.13838859714815,311.3316876727771,1427.5735100011964,36.43046285284092,218,0,None
297.1977714943691,308.57763148204333,1602.7563178391222,42.716279299979966,185,1,Random Failure
297.47533147672266,305.353899177053,1583.9768286381293,44.212870942208326,99,0,None
300.99859948934363,311.66295303340934,1301.054185083875,54.663030882425375,84,0,None
298.1961103425229,309.98389894231957,1729.8958637175574,35.59170206155293,71,0,None
297.79662432849153,308.84625159787555,1378.5691505777131,13.184900106224873,151,0,None
297.33717088309004,306.243410706839,1160.1261192264114,15.296337267636847,91,0,None
303.47809845598636,313.80818284440016,1566.0392612663816,30.500213837202956,138,0,None
299.23437436847263,308.20965943294544,1559.9454927567115,27.865098804514734,61,0,None
299.4406043909061,310.5188515227401,1421.0089845354812,41.07561934911288,228,0,None
298.5147782938003,309.7232333758163,1564.872283537838,41.61242300557196,153,0,None
300.4479971021973,309.87354221808175,1720.1558262123422,41.0264103985929,156,0,None
301.80774075445794,311.5313117002761,1730.8052390293196,45.50675346801293,146,0,None
303.45394384874015,311.2621219625245,1296.1382541847174,29.416569601290135,109,0,None
295.6018184827838,305.26615639430946,1809.8820112198807,44.76033943664155,7,0,None
302.7702760426135,313.2840246998631,1316.3767574233225,31.216725066855084,247,0,None
304.1959667159582,313.1391159319202,1500.7779375483376,31.278661924810336,44,0,None
297.36693106904767,307.4998043370436,1549.7077604174667,34.62972070974069,67,0,None
303.08350711462873,313.5700677732917,1518.0347829747059,24.300890908191768,255,0,None
299.65131869436266,309.44789708301425,1246.236631352345,36.99540536743926,111,0,None
301.57164789671793,311.71395346466045,1652.7630050742155,58.02569429771126,240,0,None
298.3861221442405,309.4343819097361,1169.2772907467202,16.124659416310912,180,1,Random Failure
302.1414928819209,310.95625707921727,1292.7617836780214,43.022835034874575,92,0,None
303.19863241843495,313.1153443559819,1279.2063630341975,61.251893304151295,227,0,None
298.2912548297264,308.9993348279799,1733.9235004878474,52.04491314581371,28,0,None
299.05381727903483,308.35287736371987,1456.0197187269287,32.25256420759236,128,0,None
299.1281039528952,309.53792876669445,1352.3066343932287,34.63954005995214,213,0,None
298.8856646673712,310.7082150437624,1454.8333658270822,43.30261157196915,24,0,None
301.0126762847472,312.1038055018132,1383.9390543611826,40.631031906611156,185,0,None
302.1773270047634,311.6600648154689,1406.191195930782,28.90138994318839,195,1,Power Failure
301.9251671970152,312.0180021474843,1422.3005498199673,38.1622807422653,187,0,None
300.7579574055207,310.65856572243365,1654.1631569566325,20.78414478665977,78,0,None
299.0052548908571,308.8764364027432,1428.0566089174124,39.503104203639445,204,0,None
302.23412209726143,311.50703945080903,1352.7236083149962,43.00809577803466,124,0,None
297.73788668177866,309.02656434542394,1490.1945505943072,52.094930012193366,162,0,None
298.7026172866397,308.57160976087215,1591.9509461197533,39.49051076434854,227,0,None
298.18827711925917,308.52756896032014,1355.2054017348794,36.83245277460954,137,0,None
301.91105314859783,311.7817876728427,1708.0010192441575,42.73911617038136,66,0,None
301.24902363805785,310.8948492074905,1374.6998948355467,24.556536972646168,201,0,None
299.0292992790362,308.2675677706255,1226.7091872536148,48.343017445144056,232,0,None
300.67369699464484,311.3255277815323,1502.4461453279926,52.41782763308167,93,0,None
300.1936610689734,310.80814876690414,1527.9039884147821,13.425617303347583,136,0,None
296.3623980200203,307.2495659110495,1441.140024730191,45.93699971626611,11,0,None
299.1940027983786,308.6718232713481,1493.0340841522689,41.20689008144349,65,0,None
299.2098945622224,309.7259049903634,1563.0719685428153,55.71957540907219,124,0,None
299.41555251339446,309.8710306569504,1676.3399807373587,44.24724630580967,51,0,None
299.7558053639286,310.1703135873168,1638.5141854288051,35.60266612707338,109,0,None
298.45233003113003,307.38190413695963,1491.6725750652963,41.038452899779564,85,0,None
300.05448354418945,309.7496698056951,1612.3856766397698,38.736786645272524,195,0,None
300.91211088140903,311.09204537095735,1260.6658756262857,42.31262506698015,52,1,Overstrain Failure
300.7664207413101,311.0104653212074,1274.392602295823,49.377549053129044,255,0,None
301.82754553892715,311.4489112849329,1790.8089473678465,65.29738547584553,41,0,None
299.2550905186511,309.1933076189309,1338.4334718111393,58.279428264401275,67,0,None
299.90537732805325,310.54275538897684,1521.9646824540666,41.01375636490506,46,0,None
303.5939966815029,314.5278229830408,1492.0631662544592,44.87530972879204,159,0,None
299.9520024511478,309.8294427398241,1195.784688505832,38.27642163135371,32,0,None
299.44968917777567,310.46422617446865,1162.5800503801593,39.32935263609227,80,0,None
296.91880599081026,307.1031590599092,1605.4609892174306,20.39634808142321,49,0,None
298.61211599556464,307.96979302876883,1409.9520257841123,48.39181739134999,74,0,None
299.64556114809506,310.3687110613691,1554.2899864712763,49.467452633660486,194,1,Power Failure
299.8162989330566,309.8506788148036,1483.8689536379286,45.448495552629296,4,0,None
298.9712365663717,308.2144665769952,1260.574132981526,25.00829408809288,164,0,None
302.235717003179,313.5923727279707,1077.403126101825,43.16362297211932,149,0,None
301.9429304334685,310.5652395408879,1507.3569758626593,40.3589644306051,182,0,None
299.2641100602173,309.1151144456845,1350.9712701270203,29.655859206898015,233,0,None
301.7301370272405,311.9124073502391,1399.0458899227965,60.81371248220227,112,0,None
304.1332210443978,314.4018877877108,1306.5380341691196,43.76818437781243,74,0,None
299.44286057756307,309.31073514352187,1307.036794364996,37.15915280615974,47,0,None
301.9229162154563,313.2209010939506,1592.2439961849516,37.16383565413944,178,0,None
299.07073570526956,309.9949665185563,1531.8676916026004,54.129867926214786,64,0,None
298.3246054419184,309.53094971793985,1783.4599170615013,45.95109296474281,173,0,None
299.30839946886283,308.71694391113436,1470.9198717296726,49.063026765268006,211,0,None
302.37413328990795,313.52330794052887,1516.9058976344181,48.32071767797095,118,0,None
300.21955135114473,311.1700058600902,1441.615126139294,23.916953624110366,225,0,None
302.5917310046245,313.46832866138715,1561.742316141655,59.57828083117593,127,0,None
297.4799403165222,308.1216852305861,1633.8461700313949,53.24834440958182,259,0,None
298.2263745460254,307.2514200291299,1627.5767138410858,47.8987266867822,190,0,None
298.967949698653,308.40221805209814,1399.23338363635,37.396072805636656,118,0,None
303.4211829018048,314.06811833860377,1447.0821416149847,35.08650513365478,160,0,None
303.30127616792697,313.6722527421286,1512.5263850922397,48.707174550045764,238,0,None
299.2498854680422,307.6198298544928,1512.3511342605339,56.805375194377326,134,0,None
301.01493061110534,309.5525563543472,1687.0443088789475,45.52099803790292,2,0,None
299.8284629001238,310.3839820344763,1450.858745357561,54.19443855076959,127,0,None
300.573838728164,310.5053194679256,1843.2588582943981,39.80122097807893,156,0,None
299.0110963767379,309.55761149717046,1496.6417893803439,70.91728345827667,171,0,None
298.64223801428557,309.19866324441074,1422.6823034082124,51.68875196554854,195,1,Heat Dissipation Failure
297.6522410865825,307.981694126614,1169.7904056201803,49.33289788030332,238,0,None
301.3142965985388,311.3594916608482,1476.8474934253616,63.82062490900718,182,0,None
298.5857102022339,307.22789520145454,1276.8336832942593,32.00677580678306,92,0,None
300.0565309021201,309.5999442205817,1502.747744737437,53.85348511709815,136,0,None
297.28180014287125,308.0821753096828,1590.2610154008712,39.21212371632175,48,0,None
301.9893612537714,313.6001410657475,1291.4437810112595,46.429972401688715,162,0,None
299.7930473690732,309.2431718972955,1174.9954788736845,26.794219636338845,176,0,None
302.77758667517014,312.68968250241807,1270.7573883387506,36.329891884217716,196,1,Overstrain Failure
299.0201952228921,309.3720741557436,1300.8903544966188,34.503767631509916,19,0,None
294.26615851451277,304.59139130540575,1595.7332416914905,48.30410091713629,180,0,None
300.7755781905208,310.2801488457816,1359.555470166967,55.489628441905325,106,0,None
301.1580769260074,312.31688094942854,1713.2100217022755,33.89490341247719,35,0,None
298.6308560240982,308.3110660797621,1766.6090016341154,54.24273414435976,168,0,None
300.00866136173767,311.3436842754592,1435.4580807950056,44.92962817676378,152,0,None
301.21831685148805,310.80449134209664,1402.2243697691704,33.918219116431494,92,0,None
299.5162897830197,309.900015475511,1507.8010806992818,22.96776811453594,233,0,None
299.61570688616086,309.0950500387298,1396.3817749889397,51.338261553951014,186,0,None
298.620516941217,308.0568977535063,1655.6298927329713,36.16711623000592,53,0,None
300.7009894972128,310.4765058441539,1466.1998438271175,26.09521848456133,97,0,None
300.6199541552885,309.51598863389535,1565.3347563456196,48.339698748869566,142,0,None
298.90344843359236,306.17123247447125,1550.3080773724046,17.995577755980165,6,0,None
298.0722350984631,308.29972213721766,1488.3603436751998,54.26292287350786,141,0,None
298.4145132981932,307.76989209902297,1570.1175747655857,43.37183518578339,186,0,None
296.31285512968185,305.5663753690031,1523.6317451475666,38.05389961997853,98,0,None
299.93130506431197,309.4738020729509,1387.7498589301365,39.61565548533795,148,0,None
303.5196908464206,314.02952074797344,1531.951203014886,30.011287058855487,210,0,None
300.76353948482927,312.63606447641035,1702.36245497246,36.802162691257834,71,0,None
301.545660901755,312.35756488787734,1590.1610605911646,31.900691387517845,162,0,None
300.97659929717474,313.0558193258602,1446.7742949405972,33.484731869341346,163,0,None
300.6109243131809,309.8535850125508,1950.7167628640107,17.710317399278992,235,0,None
298.6159849299477,308.0740016140819,1497.8403255528115,43.138836515773036,76,0,None
301.9198031970852,313.3148316810358,1347.0139557317348,18.604318861809496,123,0,None
299.48964701305346,309.1604468551643,1476.0152914231955,48.02714648675301,8,0,None
300.91304678371733,309.68628948106465,1046.099518937201,29.89941100003861,118,0,None
299.9462530086798,309.93559623881066,1566.6693796584777,15.002424048281181,14,0,None
301.5113156923683,311.02633343872986,1672.8685078890037,27.86242383573128,232,0,None
298.13502697575734,309.15673356955676,1630.3610849171253,40.871036657448705,59,0,None
299.93742205349577,309.8037812267794,1515.6856050770668,42.446771836203624,231,0,None
301.1628037012351,309.93725567041,1460.4245204269153,46.095136550191214,249,0,None
304.8162224788214,315.07714365838535,1542.8414565321339,25.369473872444974,162,0,None
299.0505173705474,308.3486057142751,1525.259509852616,45.34704238128425,214,0,None
298.75481027444334,308.33289344863135,1184.4418558933787,42.49500861871438,192,0,None
299.2003857104709,308.28787688037846,1649.1784963956368,37.34313013014021,233,0,None
298.53976155205,307.59365654619967,1616.6153733405604,38.8185111724778,147,0,None
301.18923417813676,312.72616233785226,1410.6762995023967,50.870715102782846,161,0,None
298.8955621265483,306.50668311717885,1471.0482316524221,69.24679281434514,214,0,None
298.815580306397,309.55472335229564,1777.8047286731394,41.17625650739092,191,0,None
301.1553319913095,310.86688139715824,1257.128485618272,29.738474935556496,203,0,None
303.5003749946231,313.71231118419365,1406.4447500428762,28.8116013306554,119,0,None
294.7679519855426,305.9127994100779,1263.5973946764932,38.71016649822489,172,0,None
297.4493306102253,306.4849948071262,1297.8888171880487,31.373783230486204,174,1,Heat Dissipation Failure
296.8664999271248,305.03188837700077,1548.6939036884057,23.39641481161489,30,0,None
301.4521391631078,309.2902961183259,1763.1436513389115,38.21716813664963,32,0,None
298.76548714827805,309.6581283876242,1618.3942038337586,45.06675548719787,131,0,None
302.98359500456496,313.4000312177189,1325.4826957966543,36.320430252938195,56,0,None
299.92747723121636,309.73723022282377,1470.6536652600405,34.64504432422976,105,0,None
302.1323040973356,312.8179501410514,1279.940917989162,43.56129528743669,192,0,None
304.1875393321742,313.52445707931895,1553.1442130247679,27.878945722729668,67,0,None
296.2553295715312,306.27932157406974,1395.4374489611787,35.970908657895954,233,0,None
299.9012211840019,308.9296964996144,1549.3599575498336,34.0496982710338,68,0,None
297.7014219601666,307.5199483758224,1603.1401396801066,48.668278522162375,142,0,None
304.4253781017033,313.51837041938666,1465.651434285511,61.377822213323704,132,0,None
302.77640752109414,313.2967141542905,1436.9774195830012,57.33015013096786,9,0,None
301.59300988573693,310.31124517202824,1491.0218577658072,38.563425976477774,236,0,None
298.0203152468842,309.6661839151126,1380.0745634637244,39.37795405103434,90,0,None
299.2089250657437,308.3032335617051,1297.212306804577,40.89068241674007,65,0,None
298.4551400140586,307.55313984408855,1310.6824124823838,49.561759638102586,83,0,None
302.14837651360676,311.63637024573444,1600.0350701901566,22.492264937818053,0,0,None
299.4769315799644,308.9279710936675,1368.3906868024026,27.99861095079485,71,0,None
298.41916907248805,308.19502667370784,1332.2210110101432,59.686710383329704,68,0,None
296.92713755240663,307.02594469146777,1605.9648349667746,31.075621625989314,149,0,None
302.7343406675233,313.0350941941971,1644.8342167138578,39.34377272519944,161,0,None
299.2752135717636,308.1116965931568,1296.5630603381655,38.43199431566722,83,0,None
299.4170203157084,310.6499409231395,1778.511262379709,40.542668381291826,224,0,None
301.53826116815014,312.10946197012504,1692.5285394096663,37.28025344843228,247,0,None
298.66513411426916,309.7600414626993,1414.1645351351253,25.08162314692016,28,0,None
299.5616411091776,310.40220036086095,1502.832556020787,37.36990246943946,250,0,None
302.18243333213815,312.92969921392574,1499.1899467174064,42.84696180084177,95,0,None
300.21556447279437,309.68690786297515,1496.6940976832113,33.66925806200696,207,0,None
297.12670563090774,307.91634162334594,1514.8309356974175,43.24143144831877,113,0,None
299.3765765073651,309.7818752679483,1937.1416705082693,33.95933086450024,3,0,None
300.2956631552877,310.08539449384955,1660.6420829822584,53.560633493994175,115,0,None
301.4155971896044,311.18366044063623,1645.8903737880905,40.872737851473566,62,0,None
301.86665525807524,311.78996079822986,1333.372046809088,44.29986654724829,238,0,None
298.1568870544181,308.63556638074596,1456.7371491961235,38.533703408982674,66,0,None
301.1870397415922,310.5924783341845,1606.6492040069393,40.48356004746748,206,0,None
298.75876185818083,308.1758386969166,1611.9155535922323,46.10825425923567,196,0,None
298.2880044404543,308.430991113245,1463.8645475337316,37.46194435727523,232,0,None
299.81952588442715,310.80468402579953,1423.209763914161,36.76193290723264,1,0,None
301.461850441066,311.5438357342311,1533.489758790366,39.26844086618849,11,0,None
301.9671117991326,309.86122887639834,1330.120393542778,32.67885835682008,68,0,None
299.88412113245494,312.16308786440675,1310.2921128101877,27.86055851662067,98,0,None
299.85837377879415,309.3230898594483,1394.896556618619,29.27276811624171,152,0,None
301.9614072627451,311.7319684922431,1843.3899136299362,45.208567317668056,37,0,None
302.75532590453474,313.8147420709534,1525.5821093139136,36.67945280770147,89,0,None
298.61493319173474,310.1051017386645,1424.1126857461834,52.580746574842216,83,0,None
301.66607696286485,311.1348308832856,1625.7001226147747,40.05878109755521,117,0,None
302.2339368207549,310.7029852318218,1263.2622253007128,45.94011365485805,220,0,None
296.8803254837593,305.50671232480966,1643.2921093284274,52.1926137390638,199,0,None
292.95621804604,303.04366724382567,1434.006483049579,50.233607446157386,245,0,None
298.8506758626629,306.88589484667773,1484.4316655713592,40.19470784612213,88,1,Random Failure
298.2777882671752,307.6174935654251,1517.663241909641,44.038881284768294,123,0,None
299.6422599844385,309.4569550553516,1781.4507142017335,45.97486396968976,198,0,None
298.81721522828235,308.7659739119843,1380.2872926360196,35.30422936050566,120,0,None
300.2173601143989,310.86088404092834,1446.4335123659685,30.520000949451394,86,0,None
300.0942009593648,311.9471662802575,1363.156489877193,19.83778941994444,216,0,None
299.8230929068344,311.03248341351923,1573.417995745882,57.315559544388435,3,0,None
295.2344200452881,306.0328678734407,1345.7293370803104,33.66697240778931,206,0,None
298.29220356111256,309.6532431762994,1328.5333975746698,31.73718853040163,205,0,None
301.28033213681164,309.96272905298827,1444.4227526492336,33.828330095177755,180,0,None
299.5465036321166,309.69195922240897,1552.2956092003506,26.995048370444778,14,0,None
301.4703321133714,312.7287620984459,1504.1798089760362,30.535440527478862,242,1,Overstrain Failure
300.00497429174635,307.9146269556478,1533.5831317304471,33.36722818942282,0,0,None
299.001151425667,308.13015351882206,1165.9827917431817,53.65202955811135,248,0,None
293.59032101470433,304.1938861671639,1480.6039754027054,46.21890342461214,20,0,None
299.56022908792835,310.4818443776512,1883.849636935462,50.69428367430874,199,0,None
301.9632980375406,312.73340010117266,1761.255806937517,26.853111036211352,99,0,None
299.8470820196131,310.55360867348287,1424.11324646948,37.780530653985686,26,0,None
298.95033754713705,309.31546727945766,1418.3053026009309,31.06791223220498,8,0,None
300.8099300104083,309.949322849181,1244.6190503012645,34.8035233414303,142,0,None
300.809385394015,310.5556260024878,1494.227738846663,42.5906357875907,251,0,None
304.1143232152502,313.44240089796506,1416.3744058250463,27.753055478234003,29,0,None
300.55547138273187,310.2249694201378,1554.7871125295258,18.68126548820474,186,0,None
299.62685890034675,309.9904256730882,1313.1104185685701,35.74403596291032,100,0,None
293.9211789965939,303.24874235731033,1535.4245585280507,41.294839114843924,14,0,None
297.5142771435797,308.06233025021425,1469.7550842399578,34.267459615010615,201,0,None
301.7447321340622,310.8337776680895,1404.4538468475191,28.374175272540327,249,0,None
298.796211918652,308.60040146474745,1210.8788613940387,53.389400404274475,248,0,None
298.95069967745434,308.77772688453905,1527.3476330380208,38.97493481959562,252,0,None
300.0279019747994,309.5623961759464,1166.0493906126253,43.674585134819424,90,0,None
300.9530206255611,312.01584035643833,1934.630983398288,27.199200066356337,253,0,None
300.3107696679026,311.65942567249056,1486.694165902162,50.325818810043046,157,0,None
303.24618964099466,314.18387520004745,1432.3033176532952,36.714613476025775,127,0,None
295.1250820324396,304.2189790260257,1250.8414413070248,33.47835738690551,149,0,None
298.6885316906149,310.9389521198923,1142.2101731001626,30.484910974496366,207,0,None
301.6649880820092,311.18489124047886,1619.1623091203116,37.77086166161751,74,0,None
300.4574126684135,311.2864158377814,1720.6902409465467,40.04496998590944,21,0,None
299.3866254661317,312.2417599218531,1309.3216560952396,57.31167657170671,124,0,None
300.9352699130331,313.019319341357,1779.7736526748358,54.73308317956748,66,0,None
301.6562853581426,311.266372808789,1406.7845866671485,37.54624298007574,216,0,None
302.88510983360374,311.85503446647425,1452.193461148628,48.89982189476032,112,1,Random Failure
301.7108638483841,311.45923301702925,1683.4543252538103,38.33053378711839,110,0,None
298.5046694219429,308.3135597209776,1559.2660681983143,39.13678278223304,168,0,None
296.02094405394445,305.8498739535917,1218.5607631075477,30.14801733055649,100,0,None
298.71017319943337,307.1093552035785,1443.9476617053188,60.37800307454305,99,0,None
301.6652896361613,312.81222101072444,1361.6909913541913,40.516003693406,27,0,None
300.1177162210947,310.9219350868662,1323.1547549902768,54.45595662825307,21,0,None
303.44937955108776,313.2539743161616,1434.5069245026089,52.37567612499035,192,0,None
297.5855905889233,307.49579285469116,1481.9185930096314,41.62263905830382,124,1,Overstrain Failure
299.5177224433007,307.8809371892623,1634.452633959983,26.1051815280174,239,0,None
301.0147034320083,311.72118645953105,1372.510476211756,62.89672574760766,134,0,None
298.525861325318,309.74121178252733,1555.5752913489664,45.976521768872296,237,0,None
295.9515815150742,305.79098232522017,1607.7852044802696,56.236548383873156,84,0,None
300.7761320493169,310.9108786280232,1108.446587152217,30.387747736309482,198,0,None
302.83731583594675,311.6727478831013,1328.2248422526648,35.20307150301926,256,0,None
294.70011642268685,305.89946339703465,1655.2971779893142,33.47062495966569,31,0,None
301.63398001673227,312.13376341046785,1851.7110839625348,56.08925578815559,135,0,None
301.04672746390105,311.17194225510525,1542.4216434333443,52.38323253128314,193,0,None
302.2880262743052,313.854292057352,1297.428956799156,42.96883579505344,27,0,None
298.59648585840415,307.4289560601682,1737.0151992842016,47.62920190349273,179,1,Overstrain Failure
296.1800218790457,306.5893997559371,1576.5858778077056,36.00499196698878,30,0,None
299.19568471928295,308.4932834726862,1381.7270719450933,57.93773081090576,185,0,None
300.740353560058,312.77594254391886,1348.2332172005954,39.78196842185353,23,0,None
302.1347838834651,310.94823084345643,1617.3343893183383,38.95316410353988,15,0,None
301.6778049041237,313.5559709883105,1396.4091814819274,46.92530448364441,245,0,None
301.2156021028337,309.72218967258925,1694.6636732860925,33.93615634583947,93,0,None
296.86464851980577,306.3599469847361,1677.2145244907674,37.6663923171345,216,0,None
297.47058414299835,307.86473399774223,1598.42923260496,32.71050647526857,164,0,None
300.97149866833473,309.2696837664682,1689.1515642892628,42.906797235410956,118,0,None
300.1583367996389,310.0367965874479,1402.0694355604649,29.26008841205758,96,0,None
299.2319676150503,309.3460603509955,1420.2136217103744,20.910309333482466,50,0,None
296.2620407330458,307.1216237277112,1586.7678215329965,36.50331044056949,128,0,None
300.19275968817703,310.35545566769645,1586.9038251874033,53.11254040672408,184,0,None
302.0251317815006,312.7637320674856,1696.6669840461254,32.11734101450528,66,0,None
296.75321584004786,305.5290014901298,1515.1079206816116,30.858042320603776,54,0,None
299.8688396705151,308.76072145669764,1170.9514620592417,65.01148898406534,28,0,None
305.35117630230366,313.87694470495387,1191.2671072253438,18.562319361506262,117,0,None
297.4400326885198,305.0101492483785,1357.200948741116,39.726392491682375,36,0,None
301.2682115452819,312.35398681799967,1260.6879873806,43.3718162746013,251,0,None
297.79640258563535,306.8568422979093,1368.4324436072018,36.20896622338826,134,0,None
299.455666703704,309.55201017424537,1520.2751094487342,32.07781337016226,241,0,None
299.28263672824187,310.46218773551965,1918.683775189859,31.48509807511092,146,0,None
302.20193100143484,313.287393818546,1588.8655171699215,41.49496220036339,38,0,None
298.112139319573,306.92423547906606,1570.6741017809977,38.48711333532392,36,0,None
301.7026273261696,311.8237674969151,1347.8257649776967,41.754312213734536,188,0,None
301.6422751506605,313.25108790734237,1808.351288477655,33.00904920674883,53,0,None
299.53583896098314,309.7252064092563,1500.2775852628247,34.592922302135605,203,0,None
299.4701508096386,308.92669843830424,1554.1665970010822,29.596962030067033,125,0,None
297.28198493289494,307.1694579246542,1495.6466435275809,45.39494213249321,83,0,None
300.57038109646106,309.4463850667349,1487.802818200014,41.49061016274662,224,0,None
300.0384985371544,309.6950336408084,1348.0820613235205,39.231712692167356,118,0,None
299.0110945202273,307.2138746944098,1262.1008900188863,51.4918189554022,182,0,None
301.63135503020953,313.0590456441889,1342.4377019760072,67.45114893601223,13,0,None
298.2758410058374,308.3439572014479,1525.4180049266758,27.813632002870882,39,0,None
298.7069764631635,308.09844731693306,1817.8884798802178,42.55967793591678,120,0,None
300.10222144732825,309.88565338448376,1770.5196824027362,53.01942367613428,123,0,None
300.9353729837486,310.25316912712793,1488.5259577312822,28.591796369001038,45,0,None
295.9424644662605,305.4775095134314,1215.652961187675,57.32066621733448,194,0,None
300.89480462290214,310.3188838027264,1394.3572694503187,49.79595246764484,136,0,None
297.9250150090777,307.4564934935955,1501.5994980171727,40.41565395137316,14,0,None
302.06969556308144,313.93907459829717,1320.7515844237391,47.59511523076825,240,0,None
300.3038275948128,311.4066227309894,1369.8213668798471,38.92442241437766,12,0,None
301.0064880137334,311.5169992380599,1511.1494675719764,37.89756386720622,52,1,Heat Dissipation Failure
301.0949534663357,312.56403335303673,1179.7139851071975,32.845693162890356,217,0,None
300.3463577447286,308.00549995792227,1473.976354482437,42.47906577656527,232,0,None
301.0468134924951,311.30066666256675,1312.2830457351442,51.498575807479654,33,0,None
298.53395848036246,308.58976690981,1742.1771878716154,24.780979456957617,233,0,None
300.93139308536377,312.57009445103944,1811.8581733912756,29.86169741087804,122,1,Heat Dissipation Failure
303.13543217153244,313.79319075398683,1276.7340938912378,28.61929545140267,144,0,None
304.6779880970189,312.8504872542294,1561.5561216771368,35.76953645653133,53,0,None
303.9922179048085,315.71859450322074,1691.0534353002424,55.407268600574724,190,0,None
303.681328986829,312.2089172334743,1750.4925811294029,26.85812741784665,237,0,None
299.1927759198654,309.8813364601824,1756.0354786676348,29.57921012954601,75,0,None
298.9402049121519,308.43242178043977,1339.5922601118077,42.35747659367695,10,0,None
298.8765330308791,308.88417943836197,1320.519363096271,34.5619441590368,94,0,None
300.1264486487538,309.5212748907487,1491.5407867930849,27.445899889513125,104,0,None
296.46948691822337,305.15631958372876,1476.077431950523,28.181929672967573,191,0,None
298.62044678000615,310.86547044532625,1675.4221111028946,25.639843961666216,60,0,None
303.6522671891667,313.6351746946331,1505.4902792325317,43.686290681797786,102,0,None
301.283001531712,313.47569083642134,1526.6875307963537,40.52868698118962,74,0,None
302.0407328807421,311.46823200704426,1503.5077041250997,13.99633576836084,216,0,None
303.90717212044314,313.3857009149301,1201.6324274916751,39.30715771617778,95,0,None
301.6706242645824,312.4854830552423,1661.5685393774006,28.145944995893338,136,0,None
299.36154706545716,311.90822801525195,1794.6250642989462,48.24601606708411,143,0,None
297.91959476004746,308.36887926289336,1337.7329010269189,46.046383655092725,198,0,None
299.90396069819684,309.5713927433665,1251.3215250063524,36.732060607623566,67,0,None
298.91951341683045,309.8843725872863,1429.0637086132047,48.06135574446222,227,0,None
300.04009099202176,310.1029640543458,1518.5632184766891,40.94042018976563,237,0,None
299.1089928912428,308.1404254075761,1348.6726957849405,43.170984456824634,85,0,None
299.64057831398344,309.55641112712317,1566.444041941062,42.202821128654755,66,0,None
299.07034170768935,309.0439259814556,1303.3323733724292,51.78155124699117,46,0,None
296.9195694857987,307.55850611358665,1453.6796070591695,36.017735986195554,245,0,None
304.27760178126147,314.70342339799623,1637.244180722425,31.280297639949076,54,0,None
300.3671300682529,310.32089784357856,1413.4253128110308,35.46285104814267,80,0,None
299.38827095270085,309.71878882128004,1467.6561589612757,37.17623110260534,137,0,None
301.4698760045492,311.4113771943595,1615.3885020546436,31.466165730168772,177,0,None
295.0647080869972,306.48534539311953,1828.7926722250172,38.86600885358523,69,0,None
301.3902018729638,312.08671179921504,1376.8893779141267,51.163359464280184,149,0,None
299.86056575809226,309.73178978493394,1449.6259483714507,38.821273184147245,9,0,None
299.23142960209844,307.8296665957711,906.9308405036596,27.021791028304254,37,0,None
301.3467201669647,310.88087730903567,1191.3639338759065,34.664097728976465,71,0,None
301.9738695511593,313.3677208867281,1625.9215522355514,41.65833660502232,229,0,None
298.71019615912445,308.52624997525186,1457.7127030992997,23.228526051307636,193,0,None
301.13256822571844,312.8862480379391,1060.454622109939,27.969858178293705,91,0,None
296.04420972251575,305.18381464066334,1785.5412213515842,44.99040491196076,143,0,None
299.57124595465154,310.27999155951744,1402.9311289123568,32.79955833366611,234,0,None
298.28692198650185,308.2619422500549,1672.8607170449313,52.826253174299325,131,0,None
303.8831938472163,314.94969484814175,1463.6923649310477,40.55317362864323,198,0,None
301.00134125426166,310.3382869948738,1628.7051552036207,43.73539903080327,35,0,None
301.6068657559971,310.39516996238893,1603.550821207958,18.283410652300716,172,0,None
301.37389025326263,309.37219670778944,1356.416588265499,27.721540260974756,185,0,None
300.53501389376635,309.26598329832285,1370.0969360690117,23.54689046516851,115,1,Power Failure
301.647966053512,311.49230981596196,1401.646101663231,35.76056796942868,67,0,None
299.93006037826683,309.1729508828712,1603.6598091969406,37.85369470647707,88,0,None
294.8983365800798,305.1072350854261,1739.0193180526394,33.55081132839933,90,0,None
301.77281757059603,311.41055320233386,1185.9216339352581,34.47727901174925,5,0,None
301.66623815960173,313.6666191296102,1535.6480317810815,43.124202801341596,244,0,None
299.13679208533534,309.6919020458829,1510.7314576776387,31.51125102600171,230,0,None
299.1870945345375,309.21724068209625,1707.9549256399596,40.114915945523485,165,0,None
297.7099246412019,308.2687631623063,1526.8510417217954,49.32908400754492,233,0,None
299.3682219189019,308.20393868512605,1766.9065134348616,56.01554234154786,67,0,None
300.5323016757148,310.7309202422019,1286.10475576593,51.96198120042862,23,0,None
303.21714890871624,313.3880937837099,1581.856090124332,45.9364166931538,24,0,None
300.3585458089665,310.39818269641205,1631.6094201959806,50.14657883074046,141,0,None
297.28556948423017,307.99939672775554,1608.5790538088472,46.70942161266869,79,0,None
302.24774174393764,312.4684968256091,1237.1924302088585,45.34645941955409,80,0,None
296.8451976326872,306.43222980741086,1676.1419337893833,54.59221884043529,6,0,None
301.0702970819088,311.0938188032581,1554.8140829741885,53.430283985225174,238,0,None
299.87356070787433,308.20474794659856,1415.980575098555,54.62490248485939,243,0,None
298.17691495034745,309.7965364792205,1655.6761742692445,28.253959808833255,119,0,None
295.57070618397654,307.5945368350063,1514.8965850619165,21.696287687442776,129,0,None
299.4699443921821,308.46005319429577,1499.1085222835188,26.708708308831106,69,0,None
300.679502729668,311.73136476062007,1647.4725881435772,34.54462564682994,44,0,None
302.31994695421236,311.03677699879444,1455.3931769194728,59.73146759316084,112,0,None
301.12728395540404,310.71005904945935,1560.5004051671299,40.18657449310877,141,0,None
300.57953315323465,309.4903890566069,1396.1006038395665,44.6655998115952,224,0,None
298.9815928100905,309.9546504907445,1467.3888442594932,25.787255677011487,170,0,None
299.32425443462546,309.5860865227609,1412.7897735405536,31.665979712438045,30,0,None
303.7483719578896,313.34629445130474,1525.997262365226,36.518493994787875,240,1,Overstrain Failure
301.01029904614325,310.5299569495837,1639.248341734533,21.951066692949166,211,0,None
299.85915240866376,309.49245328670696,1655.2401115933203,48.424652810584654,196,0,None
302.93664794125795,313.9432232610932,1453.1092808489955,34.72163264227945,11,0,None
298.77527745140605,309.2405559231283,1541.1138689883787,28.867123170899795,64,0,None
299.76398967379527,310.0127907961036,1828.26448845729,41.75405186213721,174,0,None
299.3264606269411,308.2741267846739,989.196429541899,38.87705193477326,62,0,None
302.11773900583967,310.6904093368121,1504.2229306576094,52.910041442696084,56,1,Random Failure
304.11970793836366,315.0597753063468,1392.4643982937303,40.78959115756083,82,0,None
298.59827430122766,307.971677334614,1713.1682752636432,37.595155679499356,23,0,None
298.57070994090884,309.898298444131,1590.54594732297,31.157649003668798,222,0,None
299.61418570081025,308.7410077030547,1058.4346480997601,30.19034390555605,86,0,None
301.41982443263544,311.9248613002445,1251.4854032309318,44.97683940642534,237,0,None
298.27483675470705,307.7399483262091,1669.7332314364196,39.499916544217164,150,0,None
301.87130372087233,311.625008491523,1479.9135186883343,31.84974952771301,252,0,None
300.6214507587388,309.57359027567,1387.2940022842986,34.8291066064934,188,0,None
300.4455674342584,310.23915825474364,1601.6050296175708,55.437320873278736,5,0,None
297.5411766489462,308.67589434796963,1682.7908666530357,35.74280760970207,159,0,None
297.90361170084225,307.72221907862223,1614.0132400670277,43.5813365904623,91,0,None
301.95541957214454,312.5632220727712,1663.0014947450659,42.8116616908368,216,0,None
300.6480834952766,310.200926066952,1529.96105384252,42.35379126321787,141,0,None
298.7585968836278,309.39275002053193,1282.5517112484667,41.87709122309093,11,0,None
298.54283905126726,308.6416388978371,1299.0328692795397,54.969608328156205,153,0,None
303.17328529143543,313.9138628558292,1093.0988340194021,25.599085314033374,206,0,None
298.27232278386066,309.0835993233869,1551.2437484405775,25.9485003401628,219,0,None
299.8258896245788,310.9352486793199,1502.9119924472702,46.915058216171424,95,0,None
301.1314841486753,311.96284470046186,1320.841041919926,39.909852196393764,246,0,None
300.964922334021,310.05836944906196,1402.9171762354752,38.30312605084064,236,1,Tool Wear Failure
301.6770692821593,313.5355264235913,1523.8776003571975,40.35833265842916,149,1,Power Failure
301.09910164869535,310.1686082556547,1579.6356239010956,21.988307093164345,220,0,None
298.65139669664956,309.32914893865427,1791.0994350327721,34.38403803179995,69,0,None
301.8472133707373,312.06828164848054,1893.1242121642117,40.31085997252889,199,0,None
300.2937928094118,309.3882386206711,1413.4406913285477,40.02578956823691,160,0,None
300.6146049471529,310.61873221612734,1348.3575843218284,42.023234509161966,49,0,None
300.2702646095861,309.7858788135636,1320.4542243206029,43.616639880666064,109,0,None
297.76076065809275,307.8649828343695,1449.0954740223801,50.772223747016554,240,0,None
300.22580887265707,310.76891788880005,1230.1018275781169,46.81865860297463,97,0,None
297.6082918880372,306.7785504117057,1365.7202758028109,51.08744572038746,206,0,None
301.4212109333438,311.8121770549438,1408.7815307297124,45.0322858012497,193,0,None
300.3946330069169,311.81846363186963,1652.450521179485,43.158342612979794,77,0,None
303.0669009237677,312.7865646701753,1447.1468030576334,36.44358831166073,151,1,Heat Dissipation Failure
299.55132429186455,308.0457470384869,2015.3131495949478,40.096920349289604,190,0,None
295.2707111452442,304.97824046992054,1247.541884098765,22.30672732116673,83,0,None
299.9106825402826,308.899239769583,1318.5666887602335,36.18766655623537,129,0,None
296.26042037364556,306.94698290186636,1766.0197994663065,30.2876839617243,141,0,None
297.5401400967982,307.8612109522884,1711.6799582481185,22.665403695757433,60,0,None
302.62650568494104,312.8883182276356,1357.3020416299619,62.26286441009737,245,0,None
301.24002802977077,312.7851511346953,1729.4611376407308,25.33375790062538,249,0,None
300.8655584558344,311.7877120412162,1265.3140243665457,62.92722838127768,208,0,None
298.22605485729554,308.02854737230655,1532.2019437400122,48.57585928916798,137,0,None
298.2080837335634,307.9641488244108,1473.5622122945592,31.71932642701784,151,0,None
296.4441930922413,307.2568899424201,1395.8932062400827,38.53577639538405,176,0,None
302.2959254584235,312.02437761062356,1440.443710586666,35.07423964214271,150,0,None
297.81317359196714,309.07921178869094,1766.578158187505,46.7447770205735,114,0,None
300.9924452384764,311.1236526115976,1308.0328196669848,46.43862424742097,25,0,None
303.9577915704871,311.09322972038956,1464.8382578857008,34.51211441012585,244,0,None
298.8812583545553,306.8707698068099,1535.931760740677,35.10025895933196,29,0,None
299.48278984165387,308.73696628649645,1509.8643955974312,54.54389536207722,97,0,None
295.1957928533601,305.98314219680856,1202.6934066976821,31.94326334165052,64,0,None
302.63804036920953,314.31897548088716,1322.1433370886953,42.02069968476832,235,0,None
297.84350122846115,309.58728840484537,1320.3986277656413,20.422273959854454,175,0,None
301.97695753073276,311.60158901993617,1351.7247987383937,50.771261074086794,115,0,None
299.2570014473472,308.8817328784945,1305.1656697978008,34.972710137442746,62,0,None
299.4213732002315,311.33112650827394,1364.5835560028322,34.90277730437438,64,0,None
298.4204841237663,308.2904984725215,1499.6270935024063,32.456573468410866,3,0,None
299.585448095619,310.8087731559704,1557.2337792744056,45.99654633312578,211,0,None
298.59900642612814,310.75476821216256,1179.9531620864104,29.939899533603544,154,0,None
305.150991963599,316.1076367012635,1503.213169123187,47.09332600474693,62,0,None
300.7105734635262,310.5447861229702,1454.5391687975869,47.04556894755548,47,0,None
296.30993044675614,307.53678295895867,1217.1627809048518,48.727173881677516,166,0,None
299.3817619385889,309.353391757547,1261.1402481184218,30.95247451149776,18,0,None
299.9076296606934,309.41181287802164,1665.6026356823872,36.07481402939492,236,0,None
299.1344064586119,308.5907048796256,1836.8796739047996,34.65130120941036,30,0,None
299.707016185167,309.468741882857,1805.7307331810403,42.02185456724584,122,0,None
297.76454546206315,310.0849265284528,1305.8922346304364,40.546976383026,45,0,None
301.99560790782584,310.25672469600363,1618.6014217673783,41.413835967610304,79,0,None
297.68705030461035,307.60075766750043,1532.0114040312835,35.64570816724708,155,0,None
301.47517308924563,309.7036019076638,1372.8429037985231,36.25627560601238,199,0,None
299.9793452063996,309.0794183532779,1273.7594251686446,35.95124918500498,45,0,None
300.2038782426493,309.24026781262637,1123.7995228759128,45.761926994623025,219,0,None
296.74383405788956,305.50250213781186,1553.7442393285846,22.896116586699748,167,0,None
294.5618913099403,303.13141370861615,1472.13559661929,15.180783800348756,161,0,None
298.0020232043656,307.74741085899495,1449.2511511313953,49.341582320951595,51,0,None
298.94222402248374,311.02541621304846,1608.328393322058,32.972750947977346,155,0,None
298.09947610503735,309.3710686410951,1567.8834523570306,32.41864545684028,167,0,None
302.71773342788686,312.11851897756276,1455.1988258750505,43.994982355857815,27,0,None
297.11486527920135,306.54576828906687,1563.5913106666726,43.054952274730255,245,0,None
304.7417799674,315.3402785423381,1653.6411003247172,32.27021428842534,95,0,None
303.2304857925814,314.79834709960505,1705.217518301747,31.899157738607105,162,0,None
299.4228757064639,308.0109673091788,1449.947329052618,38.32608748653221,152,1,Overstrain Failure
303.21417363355306,312.6351687215943,1522.389344215885,38.73422704876418,192,0,None
301.5763160424339,314.1379354145475,1868.1577626809133,39.53582035496125,149,0,None
299.324212323324,309.8063715518623,1523.1211493974733,15.97273579134431,153,0,None
298.0338705114357,306.806534346994,1539.2471079458644,32.820424836373874,134,0,None
299.6375259496159,309.09362462037416,1538.7690481804098,54.0689765678991,158,0,None
299.66903396300927,309.4075101331363,1679.2276485052364,52.30406282369028,23,0,None
299.85058653113987,308.4880105693008,1498.2398287793924,44.24353789400448,39,0,None
303.76436736216004,312.2764755678652,1683.087433960612,38.51889029676915,95,0,None
297.78525449653387,308.09572317835705,1161.8394921784088,49.703709828371835,230,0,None
296.79711855408016,306.78726675335264,1626.2576398783838,49.41340585879356,74,0,None
301.6547376048312,311.1163023019856,1513.5876749629754,44.46391698645775,36,0,None
301.2639387194938,313.3810944800995,1192.994529259422,25.79772085779571,118,0,None
298.15832166178984,309.52486836250114,1434.3696899945005,41.589558637832404,93,0,None
298.7834582819219,309.43390879162337,1573.1223784170295,49.18748717250039,41,0,None
298.8044747982795,310.5253743502771,1277.8051169673488,53.68966235013723,148,0,None
300.46701438109204,309.3694273183821,1554.4481951844562,40.45224744275446,176,0,None
299.4448166639114,309.9382932331317,1486.5189886842174,41.302033449034184,115,0,None
300.3906323499164,310.842291605945,1645.2547344445604,31.590888617681717,227,0,None
300.03289413899574,308.66872674307734,1221.205525139718,43.787584957967276,176,0,None
300.69733821625584,311.5744654032953,1630.0176586518191,38.39559733302877,128,0,None
298.98496045619174,307.67603887186044,1464.1286438079883,38.66551879667374,108,0,None
298.79821690099726,307.79671670502086,1454.5006990958768,55.63263833457479,99,0,None
301.40733866566126,308.8959411024461,1686.6797748274846,42.44224880462342,247,0,None
300.9938049433652,311.2902662618094,1464.2948186467247,29.809904763452536,203,1,Power Failure
299.4230405564921,309.9442625694843,1666.648415682435,44.68049565880463,185,0,None
298.2771223019769,308.2574539673246,1195.6110075918723,34.38044602610815,46,0,None
303.41797060642807,315.0972978598698,1732.0876891910289,35.88258047454301,93,0,None
301.8328922423705,312.0727906305524,1539.0804378899543,33.44949383870495,235,1,Heat Dissipation Failure
304.10686601220004,312.99454775774325,1636.1257313389465,29.09086025674457,184,0,None
300.346666497757,309.7397742534051,1421.1582601195296,53.07185107562688,54,0,None
301.01199361140965,310.94579488123793,1472.9843630121427,46.873132487874585,128,0,None
299.9645222760693,309.5707863387668,1843.0612531435386,46.35630064860488,256,0,None
302.0933186502995,311.226907937209,1381.9049335501084,36.83555115711079,64,0,None
299.2490730507357,309.84919134124294,1534.886919937477,47.149250450293465,212,0,None
302.27562706182886,313.13564423895764,1477.7078673969108,24.44238655756447,139,0,None
300.2665620686541,309.8985415654921,1374.4838017185468,41.472980005781075,221,0,None
298.52305080390505,309.87407244000764,1443.0513116919785,56.76374447863523,3,0,None
296.7936510697471,306.51769971232306,1320.8859351311771,37.15931456110754,60,0,None
301.0151509797173,310.9360977202962,1299.1588841533776,44.30013318184517,88,0,None
298.54030459155877,307.582419627963,1420.0197923097599,49.27241292055068,213,0,None
302.35415694562636,312.3616886905583,1477.5185018030108,30.9966257843218,21,0,None
299.7897539535287,311.5417414006259,1336.936352969056,40.074292485154466,163,0,None
300.4770785031771,310.18428317571346,1175.9411700095009,47.254030499088444,146,0,None
301.12924983501966,309.57409925701285,1581.923964867663,51.13047329948442,238,0,None
299.52342037616023,309.27900336161827,1348.1424103084312,36.889811596851295,250,0,None
298.5838218269913,310.1111240548247,1654.6692224329377,38.54292488006968,31,0,None
298.16230236285554,308.1532303070907,1373.7699033394224,25.26525120252589,207,0,None
303.3479313152481,313.4295021661905,1259.4755622791542,53.33857965439638,168,0,None
300.29859854637067,308.9669816461006,1719.7794926343036,63.953480764388075,41,0,None
299.8075034018641,309.5122162933123,1345.1062446861304,27.375690822534573,83,0,None
299.89911109729866,308.8723454842707,1323.9902879961003,38.233453248928285,52,0,None
299.36455991064804,308.867522835842,1492.1480122308735,32.975764460281425,219,0,None
300.36649269480233,310.8474463466402,1838.447225357732,29.671950116353095,173,0,None
301.56582085034063,312.00141746831133,1424.3331545393594,38.60917425169927,31,0,None
299.0495038837713,308.2566360223376,1523.28854949917,31.536972383396307,21,0,None
301.7394328367624,311.12045331545903,1375.0996778965925,28.442036735528912,124,0,None
298.6967609973737,309.8754197000417,1409.0001501565457,19.323245175657377,225,0,None
300.02887413432643,310.0115938055522,1502.5359612644997,43.23384529424051,14,0,None
299.00841031833045,308.3665423873976,1339.6079026528607,33.22704360643939,120,0,None
301.25001214768156,310.7767875280073,1296.090749651581,40.596006001362696,24,0,None
298.47945599140144,310.15999540927425,1558.4245484718874,46.97468094111325,222,0,None
302.4511343619568,311.54991703862197,1366.9389453172826,30.586526017091337,192,0,None
302.16636309276316,313.37348715567475,1629.3619261799945,37.148439472227366,44,0,None
297.8205947662684,307.12745644089046,1628.8306088650854,39.03681327654463,76,0,None
301.8106440906932,313.0527096319935,1783.3873230996883,35.8316245469714,67,0,None
299.8147555139135,311.14119313287586,1660.5548040151293,31.24232114486032,163,0,None
300.3023810714514,310.3597875057651,1485.9556341438615,63.04097693237371,224,0,None
301.4200722299404,309.8067910499242,1736.9600168942031,59.69172782538912,107,0,None
301.52662177716144,310.5945773241803,1589.5958799262826,36.646231561006935,226,0,None
303.5933244408346,313.51649244471747,1192.185436825158,30.521180846333763,206,0,None
297.7314842436771,308.8107976233776,1072.2893294640717,25.590877846631944,122,0,None
298.15846662922996,309.6159966354142,1487.404960526251,60.322448732935044,162,0,None
300.25464987914904,308.07789997803405,1286.5620247974218,41.10172165799625,103,0,None
298.9905651146733,309.05047810668503,1610.2959200310831,35.27787241911202,75,0,None
299.2397348305437,309.05312014612025,1364.04172970855,24.631993130463016,206,0,None
300.44403735463493,309.4862569336615,1831.1155065049936,25.39630476244352,200,0,None
301.6288438339214,312.3011820779083,1597.0320072799386,34.175280761296946,9,0,None
302.3436602929138,311.34060720953227,1525.8214459812937,63.09428061897059,9,0,None
300.9978954649314,311.36288275125446,1240.6930168999838,51.77853965547793,21,0,None
299.63472155122054,310.6374189998726,1633.8977280534564,14.35257466976114,64,0,None
299.7501595980424,309.46478881130423,1563.4181013165082,44.87090877329426,120,0,None
300.6371091841573,310.78124838876863,1480.978753730618,31.828695157079835,254,0,None
301.0564872825527,312.0092508195679,1621.1645022369369,44.68184228202761,23,0,None
299.50143832466495,307.59261624160365,1505.1649393311095,30.711739376874142,74,0,None
300.80355817098854,311.094190667625,1317.0952144136625,46.31655817201337,20,0,None
298.3512229486219,308.26448143103664,1422.7727215616012,42.94809243580031,136,0,None
301.3735034357776,311.2595034560097,1393.6135709650223,44.0078580691944,167,0,None
297.383214566641,306.566047228811,1498.1626126049812,46.01931735933468,67,0,None
303.57061275217416,313.03967487658787,1613.793926779761,47.319554836192324,162,0,None
300.36679076858144,310.08242026444645,1432.3989768515105,43.856793471928775,22,0,None
301.37816947888797,309.5913655354776,1533.8991376997021,21.486335994776272,124,0,None
301.1660297921999,309.5236592985653,1036.9526399367237,50.64245879181962,255,0,None
301.4726768251758,313.02918125718827,1489.0609030164637,28.059090373153108,233,0,None
302.176746956081,314.2257379065581,1889.497539025324,27.25531050924303,257,0,None
302.9992523990941,313.4221067980675,1619.2739451786003,46.894261605325084,70,0,None
301.9284426451227,312.46972878723386,1602.6802869549044,18.114894810767343,5,0,None
303.39008268412505,313.15308806749914,1651.972690603612,42.44367116622707,225,0,None
302.0549190065833,312.0583604696328,1484.191213404402,36.74222759994964,19,0,None
300.7535517133053,310.5140849098591,1311.0216207403787,33.093061137965165,169,0,None
299.019555359068,308.7834661515997,1449.0186775765274,38.16960022426644,133,0,None
299.6693245131811,307.96185901998183,1696.434074286559,43.69214591233299,4,0,None
299.4701798463306,309.3301770748808,1589.6373882900402,42.80304535232672,258,0,None
299.72207444013526,309.19308598516676,1562.6628660316735,49.59716291277303,133,0,None
298.2451363588925,309.0926421447986,1325.054807034459,29.997136936366264,247,0,None
300.25175633002175,310.6305829393184,1467.8401103747747,33.60783355753295,131,0,None
299.47560386977153,309.09603418295484,1590.9648428770245,39.82323264685539,2,0,None
297.45764335984325,306.7401551805412,1164.120908685152,32.97313058231829,38,0,None
302.06848635075266,312.05793671311574,1717.1055078169802,58.02855953821648,257,1,Power Failure
300.41082870147443,311.0207670687163,1550.148697149476,35.459564151138046,142,0,None
300.7276673343004,310.6404727006742,1262.9317885081878,22.833140701764307,57,0,None
303.27694084154393,312.73825022675,1682.0601429039523,36.34406176953736,246,0,None
299.62942090003565,307.83591556839906,1583.2294852793464,41.05554956697517,213,0,None
302.48122876583324,312.0211536927063,1552.3728052713602,28.061371179861148,135,0,None
300.7417706124973,310.07701064690235,1441.8419284178233,39.902450801065335,70,0,None
302.22217955871423,310.7897743332176,1456.2183469594647,39.2165165723999,202,0,None
301.41976771530767,310.6822663183033,1592.9119392009222,29.676124029618755,107,0,None
302.3043362873497,311.45867534623113,1188.537505125526,47.24251648692741,93,0,None
304.16078667772,312.6673518906525,1708.9535352436774,32.11974795808751,63,0,None
301.1649536262013,311.2823589536372,1047.6363160837686,53.27821258781338,85,0,None
299.5757662655839,310.51194768437466,1757.6080546129563,56.44088809415544,13,0,None
302.1361533390122,311.36370428684785,1517.2704677446536,54.8655498168541,209,0,None
297.18285305005173,306.91998325552606,1526.481723906992,49.08607356663307,144,0,None
300.0110907661576,310.3174276648251,1397.1131906645196,40.756952866643516,91,0,None
296.5629192588028,307.20462642709765,1564.5532868179648,28.19357591591224,66,0,None
298.4080656279723,307.51167819979054,1403.524433699653,49.70367491815816,240,0,None
301.6109763248242,312.25159838372036,1354.6062738573319,40.034767174901454,166,0,None
303.4789454466768,312.86929855634247,1547.366233939353,38.52132273667719,165,0,None
301.484553250992,310.93362895280194,1757.3289192940404,52.396304264998946,211,0,None
299.9162055378668,309.7815220367222,1557.3541721111555,44.9425051673263,236,0,None
304.04451009736056,312.6299716665127,1486.8443319469827,32.91839495234358,34,0,None
298.1482363277188,307.9981457765116,1111.824235271545,38.24380806480125,219,0,None
300.86445916812363,311.4334463366901,1209.4441670070532,51.50869317657232,126,0,None
298.2663768979357,307.3614671367074,1541.4949963038612,39.16930284995658,258,0,None
302.8045019425305,312.224838047978,1678.4985817088243,59.040568697393056,105,0,None
295.9569066687404,305.10842552643675,1728.0037206450836,28.16255379798711,251,0,None
299.9743180726573,311.1820023646315,1684.361090479273,37.03576482125584,156,0,None
299.228836327805,309.74489092743846,1720.5753381450734,37.552029106406344,137,0,None
303.4284178895176,313.0241081715576,1587.4662451480738,51.42965694676904,210,0,None
301.7045566903095,312.266629928589,1396.2058415243082,32.88931646882381,175,0,None
299.5143350857441,309.5674994232491,1592.5883138443373,48.611726680453756,23,0,None
299.85342163836464,308.4662998880017,1430.1936384597564,50.931741070839124,126,0,None
301.5384107152207,313.2446836863113,1475.0360083170754,40.538258277502784,89,0,None
299.1279259990911,309.82005746213014,1235.0018839074107,32.256533681215856,155,0,None
299.36819485560085,308.85522290515706,1169.5051588823308,23.619415239130458,2,0,None
299.5927503764746,310.4970648560785,1631.8669732463604,57.83020871995706,131,0,None
298.58851720748373,307.6607365462726,1520.054067731854,49.983895892694406,217,0,None
300.3115749487355,310.37835136015303,1586.9099673607689,43.99579742908527,72,0,None
302.18719083709755,312.7717752021053,1445.392572132298,45.80616136993767,180,0,None
295.03428516352875,304.1669450725391,1308.8163182624685,48.79456891624551,236,0,None
299.3888107727595,309.6135408081543,1152.956414820949,60.52532476470921,113,1,Heat Dissipation Failure
300.2979863558294,310.39779423594354,1630.5072757833448,15.654558767979093,229,0,None
300.34038518151135,308.73431513522155,1314.1306231069989,24.62216012481531,225,0,None
298.2803666643067,308.3023826521014,1694.9063453705332,30.59278034457098,233,0,None
298.86626451477287,308.73868963432665,1353.160892370499,28.07606664863367,254,0,None
298.8747343121649,309.20815800618783,1371.228522283722,33.90654628983765,36,0,None
301.01752550700417,313.3018572772031,1203.7716052552062,38.14354411306718,256,0,None
300.2772269903179,310.4519621514319,1950.6177449287236,25.057947643863375,187,0,None
298.9434197027794,308.5275912879365,1553.5346031998388,40.64145087917187,113,0,None
299.6302070425918,310.1949897514973,1515.584094495315,53.43054231146059,223,0,None
302.6629487269059,313.37139079338743,1273.7497832725599,51.73447079916711,133,0,None
297.92337153575977,307.3560980692982,1394.7767939587893,38.38545999043567,225,0,None
302.8202086674019,315.01735260231806,1577.6827504884807,14.561342854827949,188,0,None
299.3819312988588,309.49482933938765,1598.0338424448332,44.59551600030609,239,0,None
302.11274261166653,311.79266195136984,1579.002963252783,48.57055898780504,42,0,None
298.161696195949,307.7602961490286,1396.5068349777655,18.78677901536995,38,0,None
302.2852910554394,313.96286176916203,1761.629190698981,39.808656763778025,79,1,Overstrain Failure
299.3507400156667,309.93807634094367,1741.858331315861,31.59743779743495,215,0,None
297.8547715298068,308.76790002182327,1490.8780531395855,53.77676275472254,93,0,None
296.3309468209011,306.7429807493074,1846.8000446515412,54.876989448071235,174,0,None
297.65647244031436,307.71965089912777,1251.4327072344042,33.074628616766745,240,0,None
299.99654011578775,310.3415998778422,1354.52885302976,38.02412882806884,216,0,None
300.3905169943473,310.6384258943444,1888.7854557937274,37.21797622742898,7,0,None
302.04411912874326,312.35435551906636,1642.5013261247534,34.25965565450489,198,0,None
296.898610868218,307.9923878118847,1635.8452183108152,35.593747211529724,249,0,None
298.79982795211436,307.79723528782284,1563.396657720471,20.933006533370172,61,0,None
303.9471688191643,312.3821518245635,1525.219398437225,43.209578047922676,63,0,None
300.9497472495678,310.40949406104943,1367.5034932942142,32.23429197140934,232,0,None
298.52758002611904,309.57437591490225,1669.6537967500287,54.87263773384938,91,0,None
299.1090542823685,309.0297083442174,1646.7760095739752,53.28866902932069,68,0,None
298.3659130663076,308.80329777399857,1521.0656611378809,33.61469919617571,64,0,None
303.4252792495001,313.7062073646289,1518.3222109531516,31.193663098925605,151,0,None
297.21323493501944,307.5969201384598,1354.9823695677687,37.56363015012708,97,0,None
300.71610264098314,309.8113708264865,1460.4885005468807,26.717067613575068,177,0,None
301.1293637829979,312.0673186266896,1485.9624999245343,40.953799035567435,47,0,None
300.9295696793245,308.55339635945563,1375.3080190420128,36.79057952792949,8,0,None
297.83871791296116,309.32867635814546,1612.949214932208,24.89967390642633,77,0,None
301.10682170609357,311.5326309094962,1495.057378278129,32.47784983368552,129,0,None
300.01554377445007,309.46753968994665,1129.1762480744328,47.984258751770525,188,0,None
300.10060123758495,310.5414560313576,1266.3393928535793,62.927065327138074,194,0,None
300.2382418770568,310.2087443165247,1780.3180951148129,37.10166079875843,156,0,None
303.0141710589864,311.79343645622765,1417.2025809952747,50.45156690136769,77,0,None
301.34796628100014,311.65692122475923,1392.64258705514,52.20500950261894,242,0,None
297.6173685920538,305.7137125371359,1302.4507879120508,32.87432301745706,232,0,None
297.62265003486215,307.0002385388715,1268.081611997334,41.000499608849125,178,0,None
300.337609252149,309.9393277638834,1560.1127615408961,40.87454058045803,34,0,None
299.9286576915941,309.23358297754277,1451.947131288196,43.361563524223534,39,0,None
299.63108250395584,309.82928852591925,1219.6065559826895,43.90655756892321,93,0,None
301.03378930334554,311.7856423273196,1655.8641727873712,48.9702780776745,87,0,None
294.7898651894929,305.37931042149796,1699.6644900036126,26.443648436446164,74,0,None
300.7950687917291,311.65797893868233,1413.1934105083105,54.85811194845313,119,0,None
298.574420466629,308.2518999099726,1003.9735029545307,35.52570674147548,169,0,None
299.5050379461701,307.8837549708599,1504.0445808053169,47.97358337907272,66,0,None
300.71909925631684,313.47783622216815,1368.6525003234924,62.575681629227525,98,0,None
297.6396734794996,307.99750265249,1606.7996987785084,28.124228655250093,144,0,None
298.32672366135404,308.81356901937585,1580.8099831426398,40.58573619677897,60,0,None
296.13255345682387,306.76761910585674,1407.5811633080425,46.392831943925444,87,0,None
300.09824445647985,308.3282887080051,1330.9774516128025,49.090944349477574,233,0,None
301.6935475254278,311.14060071787134,1649.5051318553667,21.192870441338613,72,0,None
300.3652273107578,310.7466317219874,1156.897986579622,46.59473650558647,45,0,None
299.4348835823653,310.39618708752084,1594.7780694578332,33.95088804413849,178,0,None
300.9438557882837,310.69139021350566,1821.2211375458664,27.52905234276492,87,0,None
303.9332106040853,315.02036577500587,1535.9630759757492,25.82610465383767,7,0,None
303.9228924257162,314.03030077317766,1499.3887796698189,30.81540806604346,203,0,None
296.12141447813605,306.76583078330526,1702.7611311668081,46.92224374100364,27,0,None
298.4813697418205,308.2938725302238,1687.5669224265291,45.99023918729459,220,0,None
299.5886625979711,311.03250024646314,1913.3446804088226,54.604186184138115,162,0,None
299.56246330071576,310.58936903966475,1766.9151393086775,42.47143992071693,200,0,None
299.55868334733907,308.82708878958687,1498.2745033651588,43.567613480799054,250,0,None
298.0320770112113,306.90525458876874,1396.8829369752134,33.28420200337825,108,0,None
300.58699777905593,310.14302450208226,1750.9456622018681,43.9178998120833,20,0,None
302.4836386287153,312.46869239507794,1506.3246428070483,34.75892501174997,201,0,None
298.66920515628,306.98944655363294,1802.6401479856768,33.12689763912791,256,0,None
300.85815181861284,310.5393355683059,1401.9601590109946,36.58735051060126,75,0,None
298.7336144610304,309.6577816604599,1468.145313143068,50.03720785665995,133,0,None
297.56940309575657,306.7667966844073,1506.4714916559492,42.08839988941706,133,0,None
299.4384626014084,308.81552836216565,1655.8606584768079,53.84967723375624,109,0,None
297.3066126966501,306.18066931362034,1905.423546019915,42.112686440232764,37,0,None
305.23071039502577,314.3658378658079,1563.485378151078,35.40005504437447,237,0,None
301.21462368928377,311.2542907371713,1723.4489918150794,38.93011377059662,135,0,None
299.0195802754168,308.22123833982937,1457.7925089015773,29.941660090682625,5,0,None
303.41164476707604,314.37213288900057,1345.6902023323214,31.5323078778196,105,0,None
300.6129283305456,309.8711179219312,1261.888415270559,35.34797377890415,5,0,None
300.00453339718325,310.69153957439295,1227.3068859130763,25.762542819161034,207,0,None
304.59882534984547,314.0710923113827,1283.7735516654361,35.23689786292836,197,0,None
298.1820538174916,306.7534487597135,1364.2497957799324,40.02650236144316,25,0,None
297.7500483347706,306.60167869452266,1377.7489015374333,44.83328035669386,52,0,None
299.7863318595898,310.34380248875374,1233.5292321318661,42.056992100635554,29,0,None
298.79988692229654,306.9965943916793,1066.6365242515694,52.16169333986835,206,0,None
304.2718213008903,315.93326092243393,1411.1651279935759,35.838457044004016,70,0,None
301.4893160977533,312.4425925301742,1503.1561994963122,36.15686688392945,209,0,None
302.2912349418621,311.37858677989857,1631.300796972521,39.54025789536568,38,0,None
302.20608062855524,313.32206327264333,1473.1843792391153,42.27749472930872,211,0,None
297.1039776326424,305.9618341569921,1733.5201525561672,53.849698457534636,186,1,Overstrain Failure
297.6266948090091,307.08032590167744,1491.1609746438023,40.48231273504515,253,0,None
303.38039363370433,313.4886953905542,1489.6922551650189,32.8715360969355,213,0,None
302.9938414417268,311.16330053708145,1430.4170660659897,32.33495224091345,131,0,None
300.019645481915,309.5321897672432,1515.265252226529,35.4310631121932,172,0,None
299.03126391258184,307.87707770952653,1613.654697247221,39.17737733455778,198,0,None
299.85927987621164,309.52090973553084,1432.2567594250415,31.177975999242197,176,1,Tool Wear Failure
298.77494429308604,308.4959866773004,1545.4941235124204,46.49235783343101,230,0,None
299.26679540447134,309.0244289582929,1607.1498367975198,30.278858060941282,33,0,None
299.9986247237784,310.3437142688527,1456.7056299665237,38.94797937388953,10,0,None
297.5361506598384,308.9039160909654,1471.8583468737284,35.5044957566758,75,0,None
299.6652552545249,309.37119494887764,1594.0998041817793,38.12575918542596,175,0,None
302.474233193607,313.83707659944037,1645.3796336840503,34.24515000284679,15,0,None
297.0413553207494,306.87666100464213,1853.712838124116,48.768273694259506,105,0,None
301.3839890929347,311.2325149357306,1302.251040297862,37.978489015021914,91,0,None
300.5623645719829,309.79057269218197,1349.5494141035892,46.183195590769856,254,0,None
301.1542168022773,309.4747420532852,1698.231727510734,40.658016557638824,197,0,None
303.8150784490016,312.61041399278287,1796.988149180469,45.455964520093374,28,0,None
302.7214474128417,312.79736902008466,1779.7355706725116,55.34876899074793,45,0,None
300.5531302218295,310.99541433510336,1667.7422608898216,34.066049421079285,245,0,None
302.14889080620696,312.8197390683232,1749.440477540499,42.91124578443114,196,0,None
303.0575550759797,314.8593412302028,1346.123654763532,45.204080427198505,174,0,None
300.3859346634388,309.6005658418469,1280.0849891973237,52.413091073139924,50,0,None
298.23826256723424,307.8511158191421,1453.7170613342537,42.411563489017254,106,0,None
298.95276698397277,307.84597260246545,1497.3489102405426,37.11199935045671,237,0,None
302.2739430060427,315.43238554649804,1699.8841961798848,49.00245415054445,225,0,None
299.511201693996,307.93028249122136,1423.6215568053356,37.116653235871276,99,0,None
302.01137657703714,312.8603671123211,1591.3665482899182,56.231930688315714,129,0,None
299.02582341338245,307.9706990273354,1705.054323633739,38.79729317622198,154,0,None
303.10031616253025,314.2938809114123,1344.034336014132,52.611822256842615,44,0,None
300.17511374116293,310.5991216869944,1365.9367776346717,63.5622251038204,82,0,None
299.32210330276985,309.0055666773086,1353.0413104796444,60.60899246261805,81,0,None
301.53036808394154,309.8985520832169,1897.9647971436252,49.51818305073954,203,0,None
300.21485146750973,309.6682537709321,1533.0593390873491,41.040628948145894,91,0,None
297.62304306532656,308.17016513269135,1773.0274342871069,34.736677651340976,103,0,None
300.45567826454254,311.3064732782358,1651.2951556502023,40.64397475410477,88,0,None
300.07373873088045,310.08228778480276,1437.9914135071617,36.72469631437808,82,0,None
300.6994413816099,309.95514206160476,1501.5050870859113,34.075563556897706,203,0,None
305.27747858635854,315.5009627271004,1751.3841648438718,45.61002910133579,160,0,None
298.35237957871186,307.9873528790197,1781.2967969874635,42.89652890246556,55,0,None
299.8655773441449,310.7535622085954,1778.4216806289996,49.49541726115173,149,0,None
296.73439379116724,306.99933577283844,1388.4311643953251,53.0247605811157,82,0,None
302.02553809311814,313.4830349559933,1461.3940087035996,52.59201323260215,30,0,None
298.8367076246904,308.8758355193339,1717.154174861357,35.46582630930202,128,0,None
298.4348924357255,310.26712901207566,1706.0622065460775,45.33535801651259,236,0,None
297.26675555713155,305.57205971484416,1258.6589926670538,55.153021878985925,76,0,None
299.9760245409228,308.31758757774685,1684.5368116144598,55.80290952552627,225,0,None
300.9218201025846,310.95351017002264,1546.6283376217125,20.09314450200071,259,0,None
297.7507199771755,307.7653765555401,1643.7267841011478,51.29156225973365,120,0,None
299.4564997645297,312.4544962900365,1756.367009421942,22.850459815229655,3,0,None
296.219133869501,305.49373711265355,1541.1475478848195,42.930304115080645,107,0,None
301.64474970515613,311.421682675993,1542.0850452336035,63.514034870746805,178,0,None
295.2530559025612,304.9535084301498,1536.8066154137866,36.301072886741906,128,0,None
301.22218652321226,310.98882820978577,1306.487198516418,25.636476603859293,54,0,None
299.9469473055745,309.11765641629466,1461.686907606114,42.71277517607801,85,0,None
299.02175876973973,310.05781072687677,1311.6126448953664,40.40301976310868,13,0,None
300.7216701447372,310.59030704037093,1617.8879572950273,18.769477633552807,194,0,None
301.43171899144096,313.49508010257676,1670.5298151352736,30.09731716582165,254,0,None
296.72828057013743,309.22828272273466,1188.288377021109,31.725171212744605,201,0,None
298.43528741681973,308.96189707549553,1719.6041888551451,40.939019942537364,144,0,None
297.49276708920024,305.0783879630338,1474.5754103182533,33.84821398023903,143,0,None
297.1447484043127,307.40471607875037,1441.06638540371,35.70435146457198,215,0,None
303.58595245210466,313.80138602266555,1180.5926995690284,39.9235733718403,30,0,None
303.17687767307314,312.6050823222941,1569.829974522345,41.020930157539,226,0,None
301.012889059165,312.28330952705255,1415.1940174824626,45.31347216283161,78,0,None
296.8557898068418,307.2932738268081,1611.0447983043791,41.61414804726807,210,0,None
302.2471088451891,312.2314688375431,1460.0095956173961,36.74206550929565,198,0,None
300.51010884873955,310.98343797748424,1359.5195786467498,29.62025599959556,69,0,None
300.4229331336685,309.94748589219023,1435.453458870972,56.65126975570843,84,0,None
300.1437852519997,308.430895160714,1814.2119859478962,41.15333755778974,30,0,None
298.7625115967486,308.52802339710007,1260.7872851494008,33.44370883420684,103,0,None
300.31339944884684,309.358134463454,1410.0591254056742,60.57495522027334,161,0,None
298.34456315242755,309.73820010299954,1640.119812733913,45.53261379071052,242,0,None
299.02537408346103,308.7783306887604,1421.0649668740618,47.88404602978052,244,0,None
295.9614844526915,305.90351755606883,1437.9863200922043,48.1751781714344,210,0,None
299.8249542731221,308.9927745307373,1540.7804726676802,58.66799241260373,110,0,None
304.8513701297483,313.4249899281099,1329.1156877971375,45.59483115547299,226,0,None
299.57095720239465,309.0088444857823,1449.6826414036395,33.33925812805396,243,0,None
299.2689821741663,309.2299197375358,1751.1893391526362,35.37938443993942,90,0,None
298.19909669581244,308.49817809871985,1621.159844311607,37.31913982689821,241,0,None
299.12794157409394,308.52223846218334,1323.7252861372076,41.63862376844442,224,0,None
299.2996877545862,308.88867995690595,1890.8735891626866,36.78082742623726,88,0,None
298.8697826998646,308.4560770627708,1533.948340079378,45.793491992449624,31,0,None
298.85734000179804,310.0016860182471,1605.9351433703496,53.41124321311181,177,0,None
299.9902166152826,310.8655350848077,1412.9708877643588,42.24609819426308,163,0,None
301.0211459254912,309.5768442224352,1514.91389124934,44.46581581385484,195,0,None
299.810007279306,308.7829609355961,1781.6032459932849,44.60817872737479,195,0,None
302.2263333309538,311.04681917206983,1421.5760995706974,34.38745395738138,78,0,None
298.8760016096275,308.0187445564809,1209.7182921714812,44.8148951389254,96,0,None
302.44351085577495,313.17562518242175,1675.1490242154373,44.1105283292847,157,0,None
298.06006847534906,307.3043095022798,1410.5673874273568,31.58083838076417,17,0,None
300.016229201315,309.1873298402769,1624.2289733942744,32.82781509673992,242,0,None
303.8990822748326,313.86053208057564,1598.2061458345363,44.73013688221207,132,0,None
297.98963371034307,307.5887457841834,1680.6904796434228,46.45224011384483,109,0,None
301.2859854728077,311.57687869575824,1482.0265522835705,42.67676857673496,240,0,None
295.8989717893104,305.8585003807832,1493.1602449706147,45.86707651629483,59,0,None
299.573722763678,311.1549030246247,1157.9077931970119,31.34498890870747,101,0,None
299.9537282280366,311.3290466871988,1718.5772688229245,31.234777294110046,93,0,None
295.45653963726164,307.078651463475,1524.7694678193664,32.50554534104669,154,0,None
300.75775534230445,310.6404349564244,1466.9227805077421,41.92154181676926,180,0,None
295.75466335852053,305.20873352321223,1243.5494845864562,55.121087142871694,66,0,None
298.90514005649607,309.0087965447398,1012.9974953655465,41.68411954364038,32,0,None
300.3290324481257,310.00768566922653,1103.3658038021094,27.635911074354865,52,0,None
303.42332563401413,313.3349255587849,1684.8151902820478,37.17834644571199,255,0,None
297.71031716383675,309.0029858868386,1633.866702572303,52.215818471591476,114,0,None
301.2595804761929,312.08526966656717,1481.0107503528761,43.39365401794361,36,0,None
301.441174516148,312.14904024349516,1580.7053473417445,36.32365505928739,80,0,None
298.8259814014143,308.3382113662066,1444.182514260302,34.58557616898424,150,0,None
297.33898287540956,308.6807697838446,1302.6203493820922,51.69308346983705,47,0,None
299.93636340559755,312.2415663292776,1506.1443946746929,46.70452293000788,117,1,Tool Wear Failure
298.0367756311214,308.82579053307234,1409.043841565828,39.72491444212705,165,0,None
298.230193835653,309.748868834944,1616.5079653166965,38.02038935654847,242,0,None
300.7676059255647,312.50342865876274,1433.1894771632958,49.38461994665037,233,0,None
298.8933570730512,307.40366478350165,1481.8453344019902,30.13456053552041,107,0,None
300.770679620775,309.4121152722928,1554.7465730798676,44.98139330262687,63,0,None
300.2136767167526,309.46337030528986,1578.8533166597988,41.80738766498088,27,0,None
299.2996415099027,308.72548070600146,1603.9734474467277,56.4658979127305,23,1,Random Failure
299.59760652587266,308.4849922201105,1380.7345112158164,51.7860602909948,102,1,Heat Dissipation Failure
298.02406390340144,310.6290530295496,1308.45763352706,32.811447967223195,100,0,None
299.30534535420327,310.7427996173078,1415.703339768267,29.93281058128374,26,0,None
301.4674769772306,310.42246006983424,1409.3345474287726,51.80240552296319,236,0,None
302.37721411104843,310.4276144132702,1056.3174437850978,46.01547895815013,15,0,None
296.0655265124586,304.3685788058525,1651.16162683958,30.95183242056399,10,0,None
301.06841185603383,309.82285856282016,1382.705854056689,47.47431979923016,81,0,None
298.4564953705684,309.6700134752442,1932.8909581772607,42.61754954144953,249,0,None
299.67987665973516,308.66749250594137,1804.9657767272788,53.027685279636614,143,0,None
301.90099486841655,310.17081856533065,1132.1940629324017,37.237242727457044,139,0,None
296.72233091483395,306.41900843656947,1217.8073830431426,41.651483034280275,247,0,None
302.1254809326048,312.3191711957729,1681.2016453224985,25.433834020367115,114,0,None
298.88716258243875,307.80509935374926,1586.5851467509,47.877769094002325,200,0,None
295.7572381016308,306.79226508458885,1515.4153522478184,41.258529495041344,110,0,None
300.51461047935385,310.8133389358507,1603.7640294032503,26.766176612180423,57,0,None
301.85018776518115,311.6390244872693,1418.2771717265955,40.15386766981285,168,0,None
300.47851573344406,309.4167211836265,1395.1382815125203,51.4663874892904,88,0,None
298.1418465241216,310.926010683734,1564.4984420185424,16.382177018744123,198,1,Heat Dissipation Failure
301.48956700430404,311.10466388859163,1407.224208875466,18.842572422730974,170,0,None
298.57100606005463,310.2457382494755,1611.099172197784,41.834314278119976,49,0,None
301.68172011392403,310.9605054605358,1505.564082590035,45.56357677411106,70,0,None
298.35830816079573,307.7801446070614,1365.0406849635717,41.86760017789372,251,0,None
300.4991911849122,311.33460550568054,1476.9470510895214,47.60929691729543,202,0,None
301.199920783623,311.9988439487999,1962.862379506199,39.94039928838281,165,0,None
299.6009892328699,309.85259220090967,1283.9537169711289,45.55021088495303,223,0,None
300.20466146712914,308.6652913365165,1497.3898074998847,60.50066134979236,179,0,None
299.861128892362,312.13780521575256,1629.7673738392007,39.20823007075817,8,0,None
299.67283716827126,309.95822033931967,1399.9938259439934,24.561031335463298,214,0,None
301.38216291238757,312.54878589836363,1490.2196074798505,38.479256398292954,224,0,None
298.960351734734,309.9452139115621,1687.5288364941762,32.373338033046494,256,0,None
299.164222049057,308.8460086709353,1528.0267525713139,38.24895301805879,124,0,None
297.18402700465356,306.50146663513823,1311.2140596733748,32.7159633199905,167,0,None
299.7723302822397,310.95629373380166,1437.3750916694585,34.60499787186721,120,0,None
300.23012478634126,309.80174715159865,1345.6417379974266,40.61506842198932,193,0,None
300.4762180562697,311.35413297536553,1457.1461751317188,19.939906836890806,0,0,None
298.0477158081746,305.90404033893003,1423.3370085808115,37.29261366053131,118,0,None
301.4175867534659,312.43355543673886,1497.0666243236535,30.861392387398897,112,0,None
300.9243565360064,310.22254325723515,1588.5003281469335,48.17726551941214,96,0,None
300.63399401215554,311.9089964760389,1182.4118794121348,26.536312125926454,196,0,None
302.4778370865873,313.28477689224167,1653.9471795849438,35.56702110400526,129,0,None
300.8686763536463,310.49104997197674,1452.7254805008379,38.44718438884138,97,0,None
301.2065208158691,311.3733969883594,1368.559505854866,32.962553630375126,222,0,None
299.91841926811,308.12394402142354,1542.9776439302318,42.89815595332819,28,1,Tool Wear Failure
304.6357941362517,314.2898097617058,1640.9471325116485,47.283442141967875,166,0,None
300.5275493770511,310.0132332128658,1432.5578822270008,47.49232500564435,240,0,None
303.35118452037653,312.4195341243504,1289.0870225887927,37.14293104804902,230,0,None
299.33686078164743,307.97599548599993,1694.8924648652905,41.810049890921675,214,0,None
298.79582784899543,308.7448396043135,1268.1053885863398,44.173596844979805,48,0,None
295.123264258287,305.216413647339,1687.18371561069,42.783387389361366,116,0,None
305.004002996285,313.00952976663166,1685.8230810256264,49.24387253438441,2,0,None
301.99657760669015,311.52772742856007,1732.440712123269,57.781315315583385,69,0,None
298.08223837575684,307.28007383126925,1571.273950653091,38.09786309747027,111,0,None
299.1085945182911,308.664693066667,1125.2249392593167,41.82797471399669,134,0,None
298.27764740823454,307.0777932021705,1485.4197859050473,38.73246323640828,221,0,None
298.55425320165193,307.2824775671936,1668.5130965684327,44.815447334029535,259,0,None
300.85897025019835,310.2407209274362,1424.1980499765589,48.70988238015522,29,0,None
300.6055841362174,311.1358521566631,1436.1545419737495,41.696700339587686,44,0,None
303.436313470866,312.64803233740247,1480.3773325692464,49.67997039738609,21,0,None
301.62908351704874,310.4513180813189,1716.6689021723932,40.253625399390266,31,0,None
297.48518406648606,305.8867066920528,1836.2215801519624,43.338701004420244,167,0,None
299.5370096009167,311.00739091994564,1435.623441741703,22.451790487674124,182,0,None
298.18801797611485,307.39172484452394,1742.432348720919,47.76662186494809,81,0,None
296.2691193957109,308.26737816145874,1424.920713051435,41.093830622586374,206,0,None
299.51545077724643,309.29856280305324,1045.5366280946673,39.86005633330507,10,0,None
302.94320353339094,312.97262806428915,1622.8833588890652,42.75106757501713,151,0,None
302.2135359328119,312.8720183070535,1341.4084322347996,36.93935967957743,106,0,None
300.88638271280115,310.3639495343808,1652.0808334585192,33.21453164184899,48,0,None
301.5811649933524,311.6566869288229,1806.5755867739376,27.09261023707508,157,0,None
302.85330801799415,313.5730550428321,1650.887009193252,36.11385107671709,223,0,None
298.290109216038,309.35642320814446,1674.7406047598226,53.29169057444561,26,0,None
300.11935372700793,310.77043721710623,1429.4105551292457,26.712674590211915,98,0,None
297.68739667419806,308.1753532361452,1420.0590855331066,30.830771349465987,81,0,None
299.92984644423046,310.733829092616,1630.7009309823204,40.8750969031477,221,0,None
300.2585509676299,310.59150822739355,1325.651436174291,22.375653011241553,221,0,None
298.9512169451233,308.9292968028253,1738.7605955565068,52.01270771649337,11,0,None
299.1713139616404,308.35489922325104,1538.2639817185172,33.556843491088785,17,0,None
298.3322484389883,308.0897315664481,1692.6022762427883,24.69429277120024,242,0,None
300.8504870793733,311.79442524377487,1312.2248502261384,37.39248819440618,91,0,None
297.8027435462316,309.4799604651213,1699.0005757664333,34.35526166663644,27,0,None
298.9287218418129,308.6026714718158,1377.2070578620455,43.20929755261422,139,0,None
299.31533963335437,309.0031526618303,1228.8087192755754,59.65360110074762,25,0,None
296.9955502530352,308.0230459382763,1351.3199302142211,44.350032047905515,86,0,None
300.9209397519587,311.73922989571247,1376.7059848695067,34.246813994518845,202,0,None
300.4923115932669,310.6109841424766,1453.7138958899627,34.1837484632216,124,0,None
300.38169653283495,309.2710170148488,1565.0189058680846,29.841206102772574,244,0,None
299.88030843190796,306.9094853383392,1413.3161284248013,43.68719200601359,55,0,None
298.92210376125854,307.1745254716158,1236.3885439909332,43.66562464122136,48,1,Power Failure
297.2918056733922,306.6216929152909,1471.5920157876697,42.61593515711501,213,0,None
297.4049525289979,308.1074724265298,1657.240849596205,47.57346761075313,205,0,None
298.5497579165508,308.8999123649451,1373.3809697616848,46.33295255767177,7,0,None
299.8210630054328,309.11149918520056,1557.908274540107,37.682667542392764,45,0,None
297.2279385311493,308.43717726466014,1643.5165275554418,39.92412229263112,97,0,None
304.0899182834218,313.47333057035905,1476.4549396093194,60.42671923505749,85,0,None
298.7832519010316,306.12075700807105,1579.683652896506,38.246419846724045,29,0,None
302.08883394291104,311.8078912548979,1564.0708754099799,43.018598364448295,4,0,None
304.6963619085312,314.833013188854,1561.09101856304,54.503812805621834,78,0,None
298.1240891660643,308.9586677191751,1425.8608839843976,31.718264390323377,155,0,None
297.6197217201334,308.318830454041,1093.080075895326,36.190620478853795,39,0,None
297.44607673622426,307.9406122858556,1330.2686711571303,45.92067992264496,141,0,None
299.6626975623962,311.45049730666113,1465.8020292624046,49.833044829239896,115,0,None
298.368281540838,308.68524632927546,1385.1955650480108,44.35505997035834,97,0,None
300.96976019991644,312.03589515255874,1566.5014906873682,55.41010364959926,192,0,None
300.6288465190634,311.1388714924327,1453.6129356938513,44.72179499265471,126,0,None
304.47591051348263,314.58623810428134,1280.3613260718696,27.720838588793963,181,0,None
295.96402584097575,306.2374992977257,1730.5693489075018,37.57653631482681,56,0,None
300.07467377945363,308.7964731643042,1540.1593143263622,57.40310251548624,236,0,None
300.78590495400266,311.0159672988784,1422.2356837865423,42.73107094169762,91,0,None
295.2643667223742,302.96075085554645,1470.5338123501854,34.85040708743711,203,0,None
299.248050631985,310.2858655708499,1231.4445050168654,38.26028532921889,16,0,None
298.3627392365063,307.2031619671986,1514.7750501600124,41.62651476971205,144,0,None
299.3652101695261,308.3489702398469,1412.7485012964896,26.545841467714624,145,0,None
300.50912197787125,310.6533344638653,1612.694609379039,43.12106341504976,139,0,None
300.0947304205989,310.6546993103666,1538.3115509212892,43.527346801588216,177,0,None
299.81187707527346,310.48146815996193,1262.9205419763016,58.075647884057105,236,0,None
299.54666080624423,309.82371894165095,1406.3386146242642,40.391688021453206,234,0,None
298.5103109548579,309.7158808151725,1655.792846861253,54.377069116304355,243,0,None
301.9669008186732,313.0849166632736,1633.474406065757,43.52998726288104,46,0,None
298.4154306938152,307.7679082538639,1619.970668082896,36.44329467431074,219,0,None
300.83448855145355,309.9097490666322,1552.7058203727038,26.918906726982556,172,0,None
300.31876607244857,310.509916010817,1227.6186723918754,52.782771411150826,3,0,None
298.3059585160107,306.9907033322055,1434.6682344816732,50.575366327915255,193,0,None
301.64930397264084,310.8676342308835,1336.3542761632905,49.90659118600263,168,0,None
298.47119918439023,308.4338950810847,1649.246745955135,45.98679961418055,43,0,None
298.1872247665315,308.264302044325,1652.646072563628,39.435652495502396,142,0,None
301.693670934771,310.9305776703067,1696.7735728810449,35.03631195535878,251,0,None
299.68546082116956,309.49685072255335,1435.456214416005,45.14126850784361,219,0,None
301.5871912354258,313.83787272713465,1450.9813994732558,30.810380689358812,247,0,None
300.2368759934408,311.26563956537336,1643.8451406840995,50.15402232826648,228,0,None
295.866466494417,305.95825347458293,1437.6194839509253,32.30653647813757,5,0,None
296.51152615939895,306.9047715700856,1531.3728856495752,25.917685248998946,167,0,None
302.5573254391724,312.10920152759076,1587.04364371634,29.833419762492113,50,0,None
298.75737918956054,309.2086672023372,1487.4206089467198,60.24074014851917,31,0,None
299.4869567254044,313.53012588517197,1658.501402578954,50.4561425627515,152,0,None
300.39085722416615,308.9299482307657,1475.7955146517909,40.71070279242272,98,0,None
301.89836003909045,312.1980487318721,1761.0726533055397,41.10123978881608,11,0,None
298.10575985555215,308.3132020732374,1605.7126821524794,24.334233791017198,97,0,None
299.7847535348509,311.24866597677675,1334.488668556435,34.993353158520854,110,0,None
300.10001299406963,310.7996336286955,1644.377969419567,53.61256425053031,205,0,None
301.8530862059464,311.79596133705144,1612.430209366831,29.24096815899209,227,0,None
307.68061327031455,318.43808002172307,1532.9312725314753,49.12067601749544,49,0,None
299.31391732291894,308.9141364517387,1425.3659392175123,23.095793665417407,90,0,None
301.654999038658,311.70512258349487,1602.1563088836049,40.658472522790376,58,0,None
299.16410410162644,309.6418906472037,1686.7984919766818,27.20682545498743,258,1,Random Failure
296.9127335001229,306.9388397989264,1721.6700672378329,52.00043581993651,225,0,None
300.488976134112,311.10832549993853,1416.1841241491063,39.48015221532929,249,0,None
301.51351398277893,312.17412981854307,1497.0665339834027,41.21435635272447,70,0,None
302.45775075965224,312.9750781177346,1414.4912913790574,36.394998037935316,62,0,None
296.84311783402205,305.5690166034498,1560.0441714612552,52.52626621005693,33,0,None
303.62770482229274,313.21477736351443,1254.8620867168245,37.90049082136827,27,0,None
300.19971187887955,308.8756895027866,1408.0643999157194,35.35871060553778,130,0,None
300.02898977190824,309.6628866422134,1439.5692038139257,27.73820164125089,60,0,None
300.98164477696315,311.7912556875667,1715.6126738943644,40.81168198413468,0,0,None
299.8018604433172,311.21237430624063,1673.7552831676576,32.127373866342495,26,0,None
299.2847585840152,311.03093404826484,1254.39780555999,32.37443230548284,183,0,None
301.64412243843657,312.1892480436798,1652.373467846359,31.14227740889038,178,0,None
300.8221220452974,312.1709568206249,1243.1335636156336,38.975245678521226,78,0,None
302.5774588908822,313.22227890235166,1436.2864092392583,43.573400868508756,17,0,None
298.6374223309089,308.7260058694762,1373.3845640996994,37.04785670807627,256,0,None
298.31339805647264,308.837133268223,1271.31896487227,57.3235256881544,57,0,None
299.5664466784,310.548769266078,1398.7726805746847,49.496886550955885,94,0,None
300.0822628425552,310.895621655582,1364.3897461877457,46.35890236652693,107,0,None
301.64950359328327,311.1383937289459,1813.2631762093813,37.38282684604862,34,0,None
299.93712294029797,310.9928291716067,1506.5616209967645,38.82438915614036,103,0,None
294.58952062903944,303.2993418780279,1312.377779434696,47.98761627517983,16,0,None
303.7750411869603,313.2457427222795,1490.3840903454873,45.45833056884587,160,0,None
301.13006045038634,309.9446371138669,1508.949914722064,41.20072217984202,217,0,None
299.5149108422808,309.85560298419006,1334.7289732779564,27.80082606792175,37,0,None
300.8325759507752,310.63412212378546,1547.4935860679268,66.97233466311268,16,0,None
302.4713456543327,312.97880048594357,1255.6702862064044,31.427577905746382,172,0,None
303.3867848297919,312.66406407587715,1567.2997969045412,29.709242581779446,113,0,None
301.5640112883308,311.4157280585523,1605.5099880249675,56.56595392227742,82,0,None
297.15841419350363,306.6826482218707,1411.6185183899604,20.72734528980223,23,0,None
302.5774912747611,311.35131101194725,1581.7288377593773,47.22878379514797,212,0,None
299.90204134151304,310.9042748174572,1420.0693540078557,44.936843731121115,251,0,None
300.20819596183156,309.6411497097175,1212.8335991056747,34.25362731272368,117,0,None
295.0802822698607,304.663916949274,1675.7705170835764,32.815129589439124,144,0,None
298.9826865104411,308.9284679766905,1931.0355558790857,28.902016985657674,175,0,None
300.6965399651372,309.96442221021084,1511.2814413198141,33.21047479087838,193,0,None
302.9069872045662,313.24766988943594,1422.544109350042,35.22933553643407,234,0,None
299.07159265272725,307.31271365389847,1360.8135258055925,55.98727087981405,24,0,None
297.81431987982813,308.0154655250581,1489.2130394606809,47.211194870571624,190,0,None
300.5249504256154,309.899265071147,1709.014224118024,42.76851246138607,60,0,None
298.27760329935995,308.39880888605535,1377.1860946179895,38.865271036742094,122,0,None
298.1275352224447,308.2260419324483,1756.4167902417948,47.4330950112522,181,1,Overstrain Failure
302.8095021798553,312.1021886765459,1256.5499267640232,24.296637548232027,177,0,None
298.6994158988031,307.114799211395,1489.7323721033117,36.12923921327772,128,0,None
295.3966608642009,308.05742863699936,1378.6795232236934,46.25719504550475,124,0,None
302.5952825305791,311.74196983482676,1733.7037343961686,36.996769505632486,256,0,None
297.9082722883229,307.872441096974,1511.668884565439,49.43824649851362,240,0,None
303.68434838107424,314.6169498627728,1623.5930716362063,33.67951069885801,249,0,None
298.52155993642117,307.9841145246709,1516.2967682117412,36.58824433335375,33,0,None
300.5130016980783,310.7606702000571,1239.8225644986524,34.40343335116838,94,0,None
299.6833583722863,308.8197648538361,1476.4496933113912,55.839885021727596,8,0,None
299.78177702849024,310.1700642403523,1706.790146272987,40.70703609020586,62,0,None
301.53801230296295,310.8057000330024,1687.238971209104,29.381541549047803,51,0,None
298.72971973475205,306.1778662703881,1505.2751898929107,23.10024759129861,219,0,None
302.8195799976447,314.29320377746177,1475.712870209348,40.47918270427842,73,0,None
295.6854372750737,304.2546021286522,1482.0314911337884,51.966333070537516,255,0,None
299.7098828400094,310.0146114785157,1893.0882603478349,25.015350845011444,203,0,None
298.8553703068186,307.4160246875728,1465.4210436785854,39.83433308563298,37,0,None
304.2686303807373,314.4229004470654,1614.1342376182863,30.96359086973748,220,0,None
302.7064813754371,314.77149900958426,1516.6891638474424,50.31049640785558,192,0,None
299.7681806837376,311.0523785588196,1355.154039341133,29.11024490372608,91,0,None
301.86508852269174,310.89218499619034,1565.9402727507147,24.136634135048464,11,0,None
300.8098045472157,311.5084894669308,1452.5769500859815,49.1824348512223,58,0,None
300.40401299431727,311.26719551096375,1927.7041287427694,64.13153199535412,138,1,Random Failure
302.19230980403023,312.1136517341162,1486.2489824720378,41.83360025430729,101,0,None
299.79985892229365,311.477215444628,1633.2445075699432,31.15532634982111,132,0,None
301.87904055292705,310.8912892954735,1480.6606044527807,56.02371756273915,3,0,None
300.16163260924725,308.1310284691008,1551.68946049857,31.72124705676552,111,0,None
303.06521776274315,313.71872973839226,1452.5954181054879,28.917514899580326,149,0,None
301.05243585218193,311.7306017666662,1525.8531201124292,37.1415695075544,39,0,None
299.18337013456744,309.2371746428192,1598.1440537132542,33.31534042845957,79,0,None
299.7658861170704,308.21783321200195,1362.790222357845,40.89332715132359,3,0,None
300.9627525206774,309.19511232156214,1939.9111522280593,56.881774586263546,37,0,None
302.8957575885076,314.12723575563746,1404.5116585764958,44.28794790720921,256,0,None
299.12019335632385,309.13818143981507,1580.6383053170725,43.38557539725061,199,0,None
301.43597518472956,312.24173660111285,1392.4627889245348,36.859060260823966,79,0,None
297.7803956587653,308.24310206170827,1165.0163331875565,30.954608124760675,204,0,None
302.8587588246645,313.0838587769874,1422.3733945088802,35.98647835554898,167,0,None
301.4010227899941,311.55533506708053,1498.6600637753472,55.594987635449726,188,0,None
303.900205930774,313.4842325609956,1579.2448247641546,24.46930593180108,230,0,None
298.78059117746585,308.3942412309376,1388.3303054326025,31.281011500083586,219,0,None
298.58617712774725,309.47802401993346,1400.593338130075,50.930267313084386,214,0,None
302.3508924144817,312.20172158213245,1574.9744852059434,39.73810703034007,80,0,None
301.15389075979095,312.8678714745941,1929.0812585237763,40.00185649625208,60,0,None
300.20001075304054,308.88659260707703,1591.4957717281682,32.88963467142586,38,1,Random Failure
297.9416874767772,308.78594987332207,1394.8482009948293,36.080910140896506,142,0,None
301.41351406452685,310.7453300592178,1596.849144971904,42.705903455909606,11,0,None
299.09937491671917,307.83467808020276,1289.5094551888162,40.64281311923819,206,0,None
301.62980447415015,311.59161409780313,1112.8829504014216,52.22308267926943,111,0,None
301.2723237059415,308.95059764068793,1753.6853610719158,26.390984130992248,259,0,None
301.3315086765117,313.23327959251924,1594.6151789664025,47.0489916105102,163,0,None
301.0266973663856,310.8167973608934,1645.2925863907174,32.071401895638196,255,0,None
298.3979687024759,308.52096990582953,1498.7004528290195,36.842325640732405,125,0,None
301.63804377623165,312.33241417023464,1526.5744290330333,61.59397982133645,239,0,None
299.75469686235755,309.3031680991706,1369.3223314737854,28.656493850998324,66,0,None
301.0189080626981,311.34551031464366,1179.663297463127,44.806263552653135,94,0,None
299.86895208615806,309.25036285407054,1682.233723235773,50.395910487665034,36,0,None
303.57876034044966,313.77689223326485,1873.5160685984042,34.41815869280607,217,0,None
302.5077683873891,314.4389620144758,1615.462390514301,46.60524139900992,228,0,None
301.5631139882427,310.67587895091873,1495.4138423074817,19.700756524932235,155,0,None
301.23715320683453,313.6576792208452,1745.8262604972153,41.81406866164352,9,0,None
301.7434498737013,313.2051320916333,1453.1742956143169,45.006461532225615,13,0,None
299.43572813596603,308.73645174120475,1269.4912476046925,30.202729082119994,73,0,None
298.27629861295554,307.8685790027966,1721.0606224258536,40.14890365320108,134,0,None
302.80925972382084,313.4780112140188,1408.612404658588,43.608555861301745,76,0,None
299.53399095114537,309.59249185300615,1223.7099380925551,45.37753149979613,177,0,None
305.06604878316335,313.28802266041504,1539.933798000749,23.823945511330496,139,1,Overstrain Failure
301.7243213484437,313.8177634453931,1377.6216280820731,31.246871773117967,167,1,Random Failure
300.95524088868495,311.3696676762316,1373.4804869953734,23.423638567331487,61,0,None
301.16523117458246,310.344480395791,1584.5677876315044,56.16415389083493,178,0,None
301.4017050953404,311.25196236230994,1333.2923654896063,57.83531404880397,31,0,None
298.36427970333455,308.6892855512183,1292.3110426986016,53.19283053259458,10,0,None
298.21161942936146,308.54180215344024,1524.709841648318,39.80487162255302,194,0,None
301.59670227557064,311.83631929763095,1337.8797949518355,26.15654958593274,85,0,None
299.15364988716766,308.48192895222024,1551.2757101648951,46.21776077796255,193,0,None
301.1575862856152,312.5199870337809,1310.4155967744973,38.74407814327766,52,0,None
299.9030248152699,310.13627312155324,1243.1797873916853,32.748163681888734,58,0,None
301.17871872112124,312.5555335068648,1468.2224858435459,35.50550223482094,67,0,None
300.7453727213485,312.355062438801,1575.925591109838,40.77794233032632,91,0,None
300.5964731641716,309.73817119246866,1571.6110393064428,34.676583693191475,28,0,None
300.63741095806523,310.1155975924096,1183.077420988368,39.46439176899719,215,0,None
298.29079067674434,307.79053068780104,1675.946543795667,32.52130919912645,78,0,None
299.70154174758494,308.92075769952777,1486.0240626545951,20.950427208184937,61,0,None
299.72752486123164,309.31543072672457,1579.3299005207818,30.725172781158513,45,0,None
301.49042755828725,313.4452415680888,1347.3776152960686,18.73317209930294,176,0,None
300.901713141732,309.4586047559955,1407.8945093951147,51.77842791026142,32,0,None
301.0547630066916,310.44853942244765,1544.2070280159787,21.483910940331747,241,1,Heat Dissipation Failure
298.7468265875813,311.55390596465264,1440.3941419437017,39.17021830904699,177,0,None
296.442749123695,307.4900713131744,1711.4960167698541,52.48236515143088,244,0,None
303.3603869149966,311.58110283177524,1773.7679586998847,33.5666706161474,162,0,None
294.4818521372584,303.24876913600644,1389.5424456264116,47.62425967913819,37,0,None
298.0218914637336,306.7435267376961,1415.6303686729455,38.1617675453784,54,0,None
299.5388406165491,309.45539924410866,1333.4258518344645,34.32234458327437,4,0,None
301.78630472258845,311.4352621058833,1654.0393106304173,41.545082521460955,3,0,None
299.6829607159097,311.16746672904236,1608.5955463039543,53.1978229103263,20,0,None
299.8477956815602,310.4139928282611,1292.2779187882686,34.07937995059936,250,0,None
301.0920517150962,311.4533157985584,1581.3841352104262,28.361173923640248,217,0,None
300.25864041039614,310.61557285266457,1306.6239831231853,38.23168968196461,40,0,None
299.2349711716197,308.0899074029556,1518.145211099521,29.505665509864393,235,0,None
299.234431765103,308.80319435331495,1492.2064541881693,49.326921037099595,84,0,None
303.5829438334587,311.7891938860033,1541.9646110696021,26.928059176949642,18,0,None
300.0743823089379,311.0071329214449,1171.5925763634627,34.52253586249438,72,0,None
296.7068746753932,305.60728157793153,1366.295147780267,39.85895282724006,169,0,None
297.8357844699297,307.9544881746087,1235.208239305107,51.557125739161805,214,0,None
298.34347267335176,307.9539196652815,1491.0141954412936,55.07905908892978,49,0,None
302.5185389772036,312.8074299592171,1403.5480224664277,46.4541632261049,256,0,None
299.169218538653,308.4591994765642,1369.7720655935645,30.56481618208932,158,0,None
298.74191400918437,309.9080210865651,1625.6566208011075,27.011336435433954,26,0,None
296.84992834439043,306.8405056061172,1753.800263479905,25.248565321040335,90,0,None
299.7219477918778,310.392904919712,1662.2972492706192,31.544939864967837,214,0,None
297.4920177608983,306.18812476842743,1312.43731661718,48.1344607535653,39,0,None
299.59863332054414,308.62381840802817,1473.662121863269,55.1154500560539,193,0,None
299.7188906395208,309.67143721986423,1554.025325789168,39.54337032144768,11,0,None
297.7450263888128,306.71635244155914,1502.3015897672653,33.014401482346344,70,0,None
300.0062239059086,310.7593739548355,1706.5550493436647,21.664822706061592,129,0,None
300.2713753006944,308.6948422150845,1283.3730322752108,56.44615385531117,17,0,None
301.85995206491845,312.09814086468015,1486.074456215126,42.09804568825143,165,0,None
301.2365564732861,312.83454876436485,1788.1341861049327,44.908606761969814,244,0,None
297.88292924781905,308.5331891726924,1479.502966330636,60.93474898905875,0,0,None
297.5932958700361,307.0841675896467,1666.962832044348,25.21298150527759,34,0,None
304.9000211045807,314.24204556777056,1808.284587478314,38.0147036782865,237,0,None
299.15008647407285,309.6337078405037,1318.6987653727863,34.86605222608076,170,0,None
298.79945809420826,308.73074032594747,1258.3629522258673,33.61935985636913,229,1,Tool Wear Failure
301.73380620385535,312.1697689128557,1594.971232940969,49.10143160910866,220,0,None
301.94440129391285,313.4821862480487,1339.3752079800804,37.2764014639821,126,0,None
297.83085746800276,308.48887431067504,1556.5600181663494,40.751448883090504,121,0,None
303.016231026251,311.1572467344687,1422.8833890481005,40.21758467816593,47,0,None
300.6248220569766,309.19104958032517,1462.9721376733578,46.33719472339236,16,0,None
300.7115383025905,311.1485343708702,1648.383428274006,37.76890647878721,95,0,None
297.19217297815254,306.6236095822358,1542.1168879088825,29.388252809101097,159,0,None
303.2068094442582,313.3885121415213,1661.4709318882858,41.22448260895274,234,0,None
299.50652343454834,310.1108319492865,1472.3246841710777,51.67492334909977,256,0,None
302.1315917265144,313.21464854153203,1129.2652553369442,53.87351650558405,85,0,None
299.72703178569265,309.8481151221614,1593.3822092667333,49.93187631398555,183,0,None
295.1149220022912,305.4660178794148,1175.7047731750615,36.00678786223757,148,0,None
299.6245167753484,309.51935621631935,1463.5989926413472,41.198020886455346,36,0,None
301.90571116289476,310.740356013383,1704.2963851071106,34.237608357155736,135,0,None
298.35415375474236,308.6503126245463,1480.660110046202,36.122714307466595,135,0,None
302.06335701462297,310.67249135526527,1243.0334031794087,32.16135865982338,191,0,None
301.6996023203678,309.81231071543067,1658.0220806107739,32.85571122626776,126,0,None
297.1395727145574,306.4980838967649,1501.313294012518,59.201161051356365,209,0,None
298.36163471045415,308.772316438333,1554.6138580256495,14.528373809208702,60,0,None
297.77209762314,307.3215651803669,1530.3950813726822,40.074794639289934,17,0,None
298.8355995706189,309.3745178125781,1482.6461920361326,31.13228143578066,173,0,None
302.3586146355641,313.15518082430606,1579.420555925994,41.16103614418908,223,0,None
300.9033483321484,310.6828080582695,1619.3194603459926,42.618835954534106,88,0,None
296.7888893172021,305.7450405268292,1713.336193725761,24.174225684811574,120,0,None
301.29296014845977,312.70148171079427,1539.3370088498577,46.49286495805016,171,0,None
298.60232987705047,310.2592749658704,1434.570221201949,19.3258594160633,10,0,None
302.98271797003116,312.34340560838666,1497.8469061836115,46.18752140106114,229,1,Overstrain Failure
301.3658852445772,311.90893531309496,1261.4691019521538,34.248035356886966,164,0,None
295.911415328958,305.77900070874784,1719.0070201580916,50.25386786945,223,0,None
299.7216944258555,309.20596434569256,1470.5290126657728,37.95823039960402,250,0,None
297.6594176420412,308.0952702789194,1349.3243205500644,41.4411847125256,155,0,None
300.0392788241684,312.34372382110735,1698.9375389555246,25.803604724839488,196,0,None
298.129583283253,309.2270817036861,1784.1829230028184,44.900644388460044,235,1,Overstrain Failure
299.7995765949753,310.6989309333542,1595.2798011189248,46.98983791522447,247,0,None
299.7173256190327,309.3039706099949,1357.1661637981938,58.565855393107114,139,0,None
299.4074970115216,309.4969868662084,1857.4160222480575,36.56112065995445,162,0,None
298.5504225402124,308.79592205020987,1411.4358251660592,38.92203418367723,250,0,None
299.17860379536427,307.49358620618096,1423.8522970261383,40.96007899989163,2,0,None
299.92426634422634,311.0491469549416,1587.9940714699271,45.21056746632066,75,0,None
303.15554822662875,312.66497073248007,1499.1062848036208,26.973320508139956,125,0,None
298.5379968812453,306.4427152103036,1560.3229728171323,27.004305325103267,63,0,None
302.05510968936704,311.3617816485349,1644.7106951389153,33.89591441665637,98,0,None
299.6853137571157,307.6391613781424,1785.5731574526922,33.72083928083563,36,0,None
302.33640144242753,313.8880795654614,1575.0846753035462,45.38062567778904,102,0,None
300.65735500756927,311.48742983405145,1715.4047281012301,18.215702415828446,193,0,None
300.6732668977639,311.6015612872434,1589.6019511212878,20.668497387120215,14,0,None
296.05426413846743,304.80749794763034,1376.180380756333,55.24715582890382,131,0,None
299.45181739073695,309.0708792837118,1480.4737803187727,35.22542321868471,216,0,None
298.2159224102855,306.622154414608,1457.278967964654,43.61432008297832,241,0,None
299.7098802164304,309.8838363097232,1572.3190203887768,51.63229062563109,56,0,None
298.33368712256356,309.89041083887247,1677.8784875614815,29.091294565720883,241,0,None
296.2992177824209,305.49161296255176,1037.1549316720987,32.48938177749474,101,0,None
298.32190849899536,308.66782429264435,1463.560499231409,40.81585863899223,189,0,None
298.24094301122614,308.11360696326693,1322.695730531314,32.96306022556215,63,0,None
302.53183177880493,313.50720829801315,1505.4233914605138,36.99090767018143,207,0,None
298.7017909144799,308.58423757721516,1306.665134566189,48.627834942255895,51,0,None
300.08100190990206,309.028548358791,1291.445931050303,24.417075511269715,130,0,None
300.86932446583285,310.86062082773117,1345.0300859138683,52.81010942246293,100,0,None
300.9658105953721,309.0998201333912,1457.894097406904,41.883242026762225,180,0,None
299.54480704046324,309.14441097387976,1363.8160808028827,50.83812291769659,223,0,None
300.12451592585813,309.76010271310236,1250.8192490966,24.494240342012194,79,0,None
300.17269220630305,310.4633075762917,1216.6855244247179,30.277763374873636,37,0,None
301.3390008864423,312.2239546752275,1459.220700133716,37.718081823324034,203,0,None
296.50147155790154,308.10791407564534,1652.49398832957,21.649770651111407,140,0,None
299.0932835644501,307.94449916895013,1684.9218543750885,50.83616253373999,247,0,None
297.59464942937944,306.36360804612127,1478.9539110282317,28.885291122193934,48,0,None
299.51008309897503,308.8854286496779,1780.3409056973012,35.93715897564484,5,0,None
299.9431560887187,309.65471312951007,1715.1598434843672,30.99691412066354,257,0,None
300.039925949356,310.7799881641499,1328.816385235578,42.23888399467283,86,0,None
301.87364604118056,312.4690020667311,1313.3588718868812,40.000223074967415,152,0,None
300.8922608664633,311.915952290451,1547.6055034339079,32.487021990183315,211,1,Tool Wear Failure
302.91920245517383,312.8336000534428,1442.4541966313175,20.584991598002166,69,0,None
297.1245001369594,306.7727413833642,1661.8045775090695,40.523773038452184,36,0,None
300.51108603787634,312.4851423655123,1586.2578255810467,36.24376005364665,72,0,None
297.80621093797384,307.01635521416216,1421.0144825537525,39.4529821147914,224,0,None
298.9614962087069,308.34887411376434,1564.9169989026589,52.28914920076599,102,0,None
300.4379077790207,309.0887761146829,1902.2421021099908,56.027324792526386,112,0,None
300.6122338324649,309.7152952389584,1758.4592877773441,34.850959254959825,244,0,None
300.48017071609496,309.7629720814779,1455.1816428525328,45.269987583756404,154,0,None
297.763841537835,308.49022470752897,1309.3988885097333,47.91589515650179,37,0,None
302.29261869147587,311.0334860660817,1750.1443257195685,33.0339427758153,96,0,None
302.9593312508528,313.1466538371403,1635.678810449269,21.46651524503089,220,0,None
300.65337421751315,311.2026166047134,1452.6189767133146,50.06397831732525,164,0,None
300.53212692910813,311.58314234708666,1571.3700475605792,46.08171290590876,80,0,None
297.6685594092616,307.3786445878743,1513.5638653261317,63.83444922899279,104,0,None
301.1018517866535,311.7697170955765,1674.4373677272104,58.48470334754794,19,0,None
299.10344486709226,309.56970642615397,1496.914848597696,56.50489723510019,214,1,Heat Dissipation Failure
301.8760415836227,311.2282649377948,1469.6858549075491,40.4669266603337,70,0,None
303.77425254605606,313.98124856660075,1319.9286298040697,41.068539666322124,78,0,None
298.8204760047851,307.541533325623,1604.3994485711153,16.35800612990172,173,0,None
302.5665373162634,313.743677807519,1556.9597529186735,19.9322831868993,179,0,None
298.94306514245085,309.3258337702704,1491.2253484019452,34.72968528349301,33,0,None
301.7659591605284,311.3372304972974,1321.1719101594226,23.032592245898588,125,0,None
300.7416621816766,311.81085471795586,1376.426707613554,27.90100041409199,218,0,None
299.4646672592477,310.21831073985817,1350.0031182198522,38.97922759561632,93,0,None
301.74511975600166,312.4514944443655,1194.1306514999346,38.245360754107324,165,0,None
298.2495375783834,308.23864759647057,1410.6566786563126,36.29978430732078,54,0,None
299.8005307185219,308.5040140304944,1421.9989715861493,40.95255605476311,18,0,None
302.2591302656075,311.41171356755444,1382.7770780700864,34.761308088104954,123,0,None
299.02529037501387,309.90721623420546,1800.8965822833075,45.24371130078198,51,0,None
298.2495429553929,307.5995981680557,1660.9025576150473,26.148902413866892,243,0,None
298.5594383780071,306.72705098596276,1444.0363990851206,49.16152661780855,82,0,None
298.86725601098703,309.4010328339081,1220.9641279775299,55.0134282544257,219,0,None
299.5618610618318,310.9454731326066,1592.7194754312825,47.04896915463199,3,0,None
299.8005816125132,310.20843124431224,1454.6652004682962,47.22943209012357,96,0,None
302.621452122045,312.7117282389504,1491.603043526566,40.92119912337549,234,0,None
301.38175191945584,310.524170055771,1588.392081146952,28.662975156141883,189,0,None
299.83695235969685,309.41143765386386,1721.2734159322642,55.39089163646566,48,0,None
297.7301274767757,305.9989014532349,1498.485849500516,28.38265297109529,216,0,None
299.5561841816929,309.23578102892753,1880.5382503456817,64.45585975958089,174,1,Power Failure
300.88102086337835,310.598818209714,1044.4270535449518,48.64494310000797,203,0,None
300.8960608569947,310.78896431773137,1442.289294265798,39.59476647388884,133,0,None
296.55067363763845,306.9859390151885,1718.208240791553,42.82225726335698,140,0,None
301.6204283000471,312.56136997077823,1266.661268412627,39.091401437273895,56,0,None
301.6014948224358,310.9367848255263,1675.6568395885142,51.58448624558541,121,0,None
296.33396642123046,307.46549521552464,1660.16928507887,41.48925780871412,71,0,None
298.38195977673735,309.27010952970505,1432.2629725993345,32.400141566805594,18,0,None
302.15421158016704,311.08835113310295,1143.4443479768725,63.13567557697075,50,0,None
297.4823877371238,307.88529433080714,1589.831062079054,42.04796117667818,210,0,None
303.19409545790575,314.2118826893139,1290.5630624172034,49.6018732906915,202,0,None
301.8914656343492,311.99934544346445,1531.6043280979034,51.507917684383564,90,0,None
302.3248252292535,312.0933861628761,1852.427816209213,43.72805344777732,176,0,None
302.75918279419653,313.4640115034789,1441.1735814471706,40.1679281080455,173,0,None
300.2890430487001,310.75858958299636,1285.0679489376364,44.50023079853863,160,0,None
300.09848016790164,309.68898761120886,1507.0323640929873,30.752870921303657,223,0,None
300.4827185847426,309.11603957568656,1327.067679994384,31.18273667641763,179,0,None
298.2821990729982,307.9379913559017,1616.2227823827525,49.979631431978646,151,0,None
299.0391847564636,309.4621220703246,1558.846597146655,34.03240948928659,22,0,None
296.9005821188594,307.48199682145275,1643.2952945635645,38.24929429657689,251,0,None
301.6747589230499,312.63826891606635,1416.423428294955,33.998949589281764,80,0,None
302.33608936703456,310.5126195048931,1343.5816765726745,31.570992982447667,76,0,None
299.00441442496407,307.31227471240896,1661.4610517788365,51.78370668456533,121,0,None
298.4365000506982,308.94807171090446,1281.117696153559,29.543194293566494,222,1,Tool Wear Failure
299.08848772927354,307.6441294192288,1395.6035035094387,47.504296555878184,141,0,None
298.9139333908047,308.4744501884283,1227.0465959258058,45.21615727223685,176,0,None
298.0006467068653,309.3558889102059,1368.5350178058018,29.839309844631014,156,0,None
299.8180150977594,311.863216444722,1782.3237990638065,58.174281276879604,155,0,None
300.2558682189927,309.97444701901946,1724.6067378761793,50.01577805041937,189,0,None
299.9533369843197,311.199097141083,1329.3159518786435,33.102748845512934,214,0,None
299.0198335865566,307.5789672136323,1671.1834714839708,36.85910857298543,141,0,None
297.7777193024445,307.19841166454,1857.4862406034686,38.07744752439116,122,0,None
301.7063308059512,312.39629147579063,1439.8369294686183,55.750004304544305,236,0,None
299.5258160568342,307.9023156859075,1484.43444154591,29.481718668544513,90,0,None
301.62719840967907,311.8773532894911,1701.0060240741584,47.315349765786785,69,0,None
297.35350563737467,307.63953740763446,1339.59075973909,35.0563355697608,7,0,None
299.69074877443137,308.0618988146388,1659.2697556267349,61.15543178191808,239,0,None
296.98403032406156,306.58800002709273,1466.9182459679625,37.82231267683709,183,0,None
302.82953929937446,313.76512693633754,1830.524446248633,46.20480397371979,7,0,None
295.95540661851254,305.7372956271238,1502.631977141143,48.586574545297225,255,0,None
301.9064176203161,312.3497313956165,1140.1577671573566,32.11967654461567,49,0,None
303.48068146405575,315.4577867164065,1275.5538212697534,43.25423256569148,155,0,None
304.17852631264134,313.4393613572427,1344.7148469197796,29.580177021389474,104,0,None
302.2901213429887,311.61754818095477,1604.7596153850147,34.63487856207723,66,0,None
301.85466651053775,311.4526346249526,1215.6880530671638,34.86629921623658,170,0,None
300.3378367559155,311.4255799204902,1335.071493692834,30.43692344609436,259,0,None
300.1114154639131,310.71050987513684,1680.4846334261306,42.669794719052994,197,0,None
302.1719891208082,312.7126410703314,1615.9175122695492,30.35657295866502,229,0,None
297.8910745843419,307.8057305710919,1207.8558851537368,50.841894661524776,121,0,None
300.59467562063827,310.87182567449787,1424.436537719212,49.91018296396028,242,0,None
295.7974524092858,307.55671216900254,1487.2872137731497,48.71544781247842,3,0,None
301.594645575459,311.1346442812608,1694.887918993448,37.51250223721413,209,0,None
302.1125930227941,310.98922222903695,1479.897506444495,38.53116458063655,218,0,None
305.22183874491947,314.2958578644747,1391.4970104937352,45.059575069668504,181,0,None
301.4280749018067,312.1569271285202,1381.5103449088397,46.04534205341565,99,0,None
299.39434073205837,310.2021711499952,1818.2809716136976,31.564575261450937,216,0,None
303.8052659665891,313.40902060608437,1653.5516032921428,49.50535669205493,54,0,None
300.3894787054449,309.9848386078852,1344.7654383941378,37.14101528601116,62,0,None
300.2278301452603,312.19550163836647,1636.4550160985148,46.199051775901665,18,0,None
299.39646698501537,307.48774493335134,1234.1606349844842,39.75351446118168,102,0,None
301.2747174554573,310.6990993844106,1716.8615486877518,36.82135059791822,130,0,None
301.05675500924656,311.31998437947516,1583.1855708544135,39.41704275658,64,0,None
302.3314825937873,311.62827270196806,1551.6826850830303,18.693144083097486,123,0,None
299.0527923211003,308.6852475600929,1209.5279280966893,36.38293898632139,46,0,None
300.13316328145004,311.88517121920785,1318.291901730827,39.41086435989602,245,0,None
302.35759142653893,311.09924428596355,1725.3440567510995,37.45836141464498,98,1,Power Failure
299.1389925058657,309.7608916353525,1612.780575469378,42.74387973372031,230,0,None
301.6110104532897,313.34398655538456,1713.3536833785622,22.637845823661937,6,0,None
302.6327845963441,313.12963731744554,1587.2247728590482,61.91331399946999,17,0,None
294.9103198519226,305.588752166634,1410.1227280940705,33.967744144788085,72,0,None
302.6090643605003,313.8223252935399,1183.9165070935815,45.12490524335432,250,0,None
300.942029309818,310.2465851061179,1186.5630186630492,50.96984446201586,53,0,None
300.1701846221563,310.67659546997277,1670.8623625161886,39.70940473495131,151,0,None
298.6388227550476,308.72039511007233,1329.6010379761512,29.802593742953718,29,0,None
298.5439274195299,308.38037512938115,1639.5983337762004,40.74288501253207,84,0,None
298.374317232444,308.5608465800996,1239.9402597129351,47.217054031028354,230,0,None
299.09648396569673,308.65961131082304,1322.8956648172225,36.36936270620237,136,0,None
300.15818570308517,311.3984378494383,1399.9779763940603,46.9554605114258,154,0,None
300.68614322333724,311.6187925936083,1756.1087330919177,25.305092724355397,253,0,None
298.5543023686068,309.4396185921415,1480.2050097771914,33.44914750568657,96,0,None
300.00816519128153,311.4040785813626,1498.7003538693991,36.630059468041175,180,0,None
301.395252682339,310.2990005315499,1238.7460329497576,30.412857237132798,52,0,None
300.582210299837,311.2256362893007,1132.9489521095281,53.63090197510978,186,0,None
297.94827071300904,308.89700425337765,1110.9834968860619,31.72835454713437,58,1,Heat Dissipation Failure
301.5478722331779,312.40505423558307,1645.7072622684607,34.112206313984,191,0,None
300.19807810834396,309.3474439875957,1287.7530216797845,52.42159012416703,125,0,None
299.3112111023191,310.5704922487054,1747.8194433596486,37.970964985430925,28,0,None
303.1922885272775,313.27340165739867,1232.5860012448493,45.65597137754798,114,0,None
299.92133570170154,307.7556504712088,1523.626421887454,49.22474995063055,187,0,None
301.2910137828553,312.4495455184415,1453.3978552167932,27.369909309181104,64,0,None
300.4704916650986,309.7236788898908,1284.508614844807,37.41717696601776,56,0,None
300.8678659041015,311.66110562239857,1376.6260611628106,23.62194760017513,173,1,Random Failure
298.26720390631317,306.52597133944346,1572.7411746337184,49.239330033758634,221,0,None
300.2249102785902,310.18530542412344,1759.8690445458428,36.60618835237022,201,0,None
296.0531556661395,305.8930732471517,1530.4146686076572,47.35191259823578,41,0,None
297.130793421599,306.7980926555639,1538.5472954426054,34.54020237572283,215,0,None
298.30891676586106,308.7597508711983,1318.8752071848112,42.84925635673639,72,0,None
298.7786938518128,309.782813103348,1716.5040103815966,33.68277596283495,202,0,None
297.5069360902545,307.31337182935255,1512.044184262454,46.6116620788464,237,0,None
299.1815380256483,310.0154313026038,1536.4882212996567,44.93307841296556,46,0,None
299.61108225371834,309.49986529782353,1874.9391361179046,37.16683337370063,200,0,None
299.160857561376,309.21186722072196,1307.8533232682962,58.58554777344919,27,0,None
303.14367232565394,312.71306741195826,1383.0215341187065,32.24687242786244,245,0,None
298.2935221768295,307.37505919400144,1448.8869604688248,39.87386384170224,170,0,None
296.21589803292403,305.7274409059184,1499.2222516669897,36.31869854755841,37,0,None
297.33498211605826,306.2606605105985,1419.1963222272773,19.094994018488745,8,0,None
302.9346830646416,313.9443038105853,1447.0992792576415,36.27989601470374,75,0,None
300.7416508723438,309.21463397801034,1582.2761575730897,23.316235622490534,42,0,None
296.20332567749136,306.64904640619125,1568.5177815727268,50.68234595358909,215,0,None
296.2430504466254,307.2889009394341,1329.900820339726,28.86636027875239,160,0,None
304.80099667492607,313.1512990732416,1013.5727960280815,35.231644229075584,224,0,None
303.48451615636117,314.1818760704341,1395.3898743666434,48.11108945818869,145,0,None
301.5525526383129,314.98826846522246,1333.2920659357635,44.43003020217719,235,0,None
302.0311935389034,312.44709444286855,1247.1347303782472,34.27994352931875,44,0,None
297.02975762401564,308.2627466721658,1628.010420298979,50.168299965068584,134,0,None
302.050901403014,310.77754126505505,1242.1885835553492,40.15319922094876,137,1,Random Failure
299.75517055434995,309.5368542648296,1562.594167196979,58.27196681416666,247,0,None
300.63054564096143,310.31773486797925,1817.3849249475597,57.14007496225477,76,0,None
299.60933872363984,309.3345362544208,1601.5530250464524,56.74314251438932,199,0,None
302.87913757810605,311.60228935720795,1224.3048559168155,38.222907728933635,146,0,None
296.3200101001268,306.6439163478419,1470.2479325409097,36.600060642693926,111,0,None
298.6244159906237,308.1082831907802,1546.582907950112,62.09501993755868,88,0,None
302.77742913467546,311.67516574950156,1791.07880838312,24.589565194708456,243,0,None
302.85679096239284,312.8349784263017,1251.2015405983825,24.076695298911545,135,0,None
300.1918873430871,310.6884895159093,1359.980739728428,43.98001232568232,149,0,None
298.2742531253506,307.71040571111166,1480.5397073167167,42.33733863885606,83,0,None
299.6656110975305,309.78458178091154,1588.0921663596228,42.24249048777307,95,0,None
297.89215670371004,308.1788323681013,1361.9310733893558,39.27025152601039,131,0,None
298.4398455501551,305.8653863560439,1618.044922986552,42.18047902722342,56,0,None
300.19968730257267,309.9010547296102,1557.7427066129317,43.98298041687114,167,0,None
299.7882659846412,308.79894633806293,1539.466431446658,31.37763227555846,123,0,None
300.5719034765007,309.2709497856816,1610.9399396022145,51.183608815173635,204,0,None
303.0546906454554,312.9269848255913,1483.7018086961707,44.87696506638799,228,0,None
295.59126797094336,306.10604637881823,1777.3350591106812,43.939747968642415,243,0,None
298.76320393971184,308.4970184703306,1713.4861172206415,41.26101390258625,132,0,None
303.04738664109937,313.6059834829872,1697.3941509159545,23.846807086724667,14,0,None
300.52212860130254,310.01631771565457,1314.4430999420235,41.464212656375025,9,0,None
297.334432131552,307.2419181016518,1435.5476326801906,49.4395778261727,238,0,None
302.6160703623507,310.50154939454063,1661.5615209360594,25.77216772629816,196,1,Heat Dissipation Failure
301.00070017231656,311.0051053737351,1609.8377335488722,45.47642539588841,40,0,None
300.39528164090945,310.5254740144798,1677.341624662125,22.82851600075243,215,0,None
299.46801057017984,307.0282278508473,1453.125586201814,52.46737319557347,153,0,None
300.2131730837291,310.918981416548,1408.2424443632203,29.19993581955719,231,0,None
299.5347084189453,308.21015871111285,1352.4174259308188,20.618388501414955,128,0,None
299.6682896425976,308.9484628921765,1261.465193448264,48.34702074717325,124,0,None
302.4411675448535,311.49842898774335,1710.3922594547291,31.762154022539576,150,0,None
299.807170218219,310.15894386230036,1484.6010633679957,41.804063727263504,94,0,None
300.23538977804554,310.663322205856,1561.7247249330937,43.99453353973262,140,0,None
299.608694183707,310.87972586976275,1361.6624135889545,49.3093250081244,152,0,None
299.49239292245034,310.69378234678317,1420.9108057590176,30.05420607575991,53,0,None
299.8299020637664,312.3397107152595,1543.6698545876006,47.433099683010674,1,0,None
300.9457876123168,310.3378575161688,1434.9455456415649,39.58176595437033,167,0,None
299.1928368739309,310.2160372749438,1385.1833084776833,41.04347164618365,135,0,None
300.9141713456841,311.38324173077837,1599.7798731147814,46.059724922059054,87,0,None
302.85749321974436,312.8202776878972,1460.4822997726624,29.015551698521307,235,0,None
301.3459691217249,311.76308609414036,1365.132439486211,36.48025040788441,59,0,None
302.20782995588195,311.8290233553698,1368.1841159517535,33.25016567231141,105,0,None
300.0227081697571,310.88991005253837,1175.4585283453127,34.4952310613788,107,0,None
297.14572424146206,306.30950625206816,1491.0819776138833,38.752815687475035,23,0,None
299.27622152181846,309.2110768735649,1234.6194537168235,21.301507646006577,59,0,None
296.3596873968662,306.1951706001034,1586.9617955293984,53.715306513874836,190,0,None
301.454231955505,309.6048607893299,1505.7878412246812,43.88397896975478,206,0,None
300.30894676455745,311.9000058458069,1722.3441745652308,44.57751526306294,169,0,None
299.095724413566,307.4860334954608,1685.86839360963,29.373280120730854,110,0,None
298.3817656168545,307.5480999069968,1292.90396600087,50.34746825929755,38,0,None
302.24121440760734,315.0795173624097,1449.1375779997911,50.916751446490714,183,0,None
303.2297342609412,312.3931454908485,1200.7064416060223,54.72855078123611,240,0,None
299.3823049307516,308.5665197191592,1287.2186088399149,47.239263077291554,117,0,None
305.1082527674666,313.50875837623215,1165.4132638615301,45.12065544675426,98,0,None
299.6600263345669,308.8784577227656,1522.461537175292,49.642567306633865,161,0,None
300.7804084084823,311.83000977540576,1423.0626298143752,42.339685812586104,144,0,None
299.4407744485478,308.37699211067525,1447.314358874676,30.435088579461965,2,0,None
304.4438174246048,313.23363086736265,1219.5873784336065,25.048724488599078,38,0,None
301.57652263464183,312.7790185474871,1447.3811495290436,32.0793218929308,183,0,None
302.1309041509113,311.94338918343755,1279.2033910125028,54.97947340477106,197,1,Tool Wear Failure
298.12523561282075,308.65330812946996,1717.3783624046555,70.43333719362018,196,0,None
296.06079460976554,305.61611127751354,1612.7179386696412,44.59666868208608,108,0,None
300.9134386342786,311.73820853661016,1326.1645351700092,34.84213930081543,245,0,None
300.19653654358837,311.1417277489091,1530.4944138523358,29.443934010511825,180,0,None
297.5869965522027,307.4401500315025,1384.6024030682725,35.10200947766127,100,0,None
302.90744969744,313.4351690844973,1311.5074834765803,41.40238124350993,142,0,None
301.0700437339761,311.331862782966,1359.7845094699906,34.441703845076475,242,0,None
298.0279795700813,308.20529720335907,1408.1764694212916,31.499860205843362,231,0,None
299.19505505944005,307.09957049328875,2052.754885311858,36.335656614970276,253,0,None
294.3091349911338,304.003674223371,1483.2042146590354,31.031507084433073,143,0,None
300.8610226930133,311.45612932840413,1225.7098880722676,34.02029325733495,140,0,None
299.2586403221183,310.9136973073123,1417.331985221824,51.351160191625304,216,0,None
299.58943049619546,311.3903113531218,1611.9034961838377,43.72559048082541,180,0,None
297.35419870105915,307.27761713300373,1308.6136080486776,36.10243123973862,117,0,None
297.34905022303366,309.1570240182001,1676.9266550579914,58.24275324388945,63,0,None
298.23202207983957,308.7492393216739,1354.4266385959472,29.643380882281452,97,0,None
298.11079061439204,309.0533360914407,1375.4631393453597,34.59863599431526,159,0,None
301.0023049001046,312.8673927276729,1648.2209824384154,27.302919438723478,180,0,None
301.4582576030392,311.10276018008113,1714.4872439481426,38.60604168639546,198,0,None
300.9805151760868,312.2678425721363,1362.634089341914,51.17573655358032,85,0,None
301.02729171008855,309.219926872034,1415.2593499697193,25.106086136370756,84,0,None
299.5198903994534,309.1444724226443,1420.6774722885045,44.429930905145945,105,0,None
299.8460613752144,310.84827780650585,1397.6753600837435,58.11878250515208,171,0,None
297.7602168214382,306.9028171343468,1414.213042181449,39.18451290001798,36,0,None
301.6021478551294,310.5025743928018,1329.795343974884,56.9612637287405,142,0,None
304.3658682750324,315.30383550171587,1560.5149750070782,54.558329216265996,190,0,None
297.69446910083843,305.9543088887783,1688.6773194165633,52.006026295032385,188,0,None
301.78804676782795,311.66086350318193,1768.9715791893002,19.133706230403057,114,0,None
302.3616047136554,311.481563178049,1596.530143849189,59.39086730593016,126,0,None
300.5069759565938,310.3396620385141,1191.544487115881,44.642289824520496,159,0,None
298.7584884387429,309.0675947853092,1517.2470882476225,23.402033866846363,46,0,None
297.66077834336534,308.62306979606035,1855.4056563394993,30.78772698968407,159,0,None
301.68305935353345,310.31299114635794,1595.3927518291391,28.919802029997577,38,0,None
300.87862109894024,310.5902712420565,1378.264833690678,31.4494155237504,172,0,None
298.6441511897414,308.54812562044816,1812.8570992978105,43.348642856246165,40,0,None
302.1183833765531,311.51363764220736,1538.4354690096131,35.87919540027808,254,0,None
302.47938030829073,313.0275151300142,1451.7315846975832,43.347359224919515,97,0,None
300.22609406014465,309.9356685451505,1499.5756509196133,30.783389508008327,250,0,None
297.62336082032704,306.29169422343887,1541.776834544431,43.38870643958599,91,1,Random Failure
298.8684212005485,307.8958194122857,1427.3747432445166,25.632733287190348,68,0,None
300.43791940962257,309.3651127916196,1533.9731466128967,41.02872565924232,96,0,None
300.1321153227383,309.0271296868756,1347.0488151695026,35.316992440344826,64,0,None
301.20929336624,311.20279407454194,1458.7262985929888,59.41644347965243,236,0,None
300.93141395584945,310.37641818461873,1561.0279523936147,39.91045805672235,170,0,None
296.9879133722717,306.5495691465218,1303.239042210435,68.41505675930584,125,0,None
297.74301904401324,306.4612248333239,1507.1420089495907,37.15462203880279,29,0,None
299.22910140261604,309.8924009511054,1729.4292661470727,31.68521158780542,136,0,None
298.5957053337378,308.32031466557123,1741.2005225012929,46.88902036344969,98,0,None
299.463342469377,309.9944213291875,1693.377504588673,43.033218501070046,242,0,None
301.44946395508276,311.33283375632567,1788.6260359846078,41.80190969585294,167,0,None
301.61803507891807,311.13778346339365,1291.3742305661617,29.65710870314259,49,0,None
299.68305734855176,311.1499491045733,1409.4149947358032,50.18781832676635,130,0,None
299.68318086601363,310.4897537227071,1474.9043205316088,36.78198137959296,87,0,None
300.82265219012754,311.1617662826552,1674.690201559329,19.823525232393187,97,0,None
299.75583068337403,309.72929573615903,1382.8490260958322,28.403152257871103,228,0,None
301.2722405415232,311.6169848777707,1721.0960253450983,44.253970913711356,94,0,None
301.72037694438046,311.384618141842,1274.9340636468232,36.2809361849125,162,0,None
298.68627701311254,307.9627127330018,1448.719517892377,45.66362779398507,69,0,None
301.90845282427154,310.41109109135834,1247.7396285534155,27.98506934083846,49,0,None
298.3683184256231,308.6818457591709,1767.1326570331746,42.2153717598698,121,0,None
302.12632344171976,313.37662240986447,1540.9294914481532,58.84838252692143,118,0,None
302.82562661076435,312.50860070803566,1469.2313264071322,11.909760844999077,241,0,None
299.2451194818324,308.31286841529834,1485.85523727917,39.29908471110032,32,0,None
298.23373693800335,307.79174857102754,1387.3595755654828,47.77909341219374,201,1,Tool Wear Failure
298.81909471102335,309.00929482754356,1633.899926852035,45.8112712461957,17,0,None
298.615686712666,309.1347235813274,1644.0409975281375,41.68067494932116,144,0,None
300.30792369080774,309.7567351833156,1751.888496803455,32.89381091793921,257,0,None
297.9848021844881,306.62325845913375,1928.8876935980497,43.37328571310163,169,0,None
299.44016996546003,309.4298982065276,1532.021110905642,41.29396421128284,13,0,None
298.84733028430156,308.6477662276872,1733.3494597749263,35.48003306632923,62,0,None
302.5948674639105,311.89354150198557,1607.7863490453522,37.749895569969254,60,0,None
298.08102465681094,310.2608468959851,1532.1622482228386,33.354097256042685,87,0,None
300.5684494197369,309.64303044404875,1423.051518376809,33.91623701966442,50,0,None
301.79263427050597,312.6210933800707,1476.252674910836,37.99178828966528,111,0,None
301.07100736352356,312.13212874571514,1791.8010860312882,37.09765334719628,59,0,None
305.3125220241621,316.4972670829506,1597.660233378665,24.2101972088985,148,0,None
301.15520068702136,312.4741688361875,1130.892882733153,34.720158025622965,164,0,None
301.9217731029093,312.30820045136403,1560.5774200679375,30.37830957992212,152,0,None
299.71705976880145,310.20812424379636,1319.9431419443915,41.49507580944892,39,0,None
298.4564298982693,308.7684867864959,1264.5318944420983,44.971286335654156,185,0,None
303.5481765548122,314.04114537290326,1525.0598333813828,46.55078241875262,153,0,None
299.8811823348221,311.13872141758094,1435.4005025551867,46.26568639611329,192,0,None
298.3353080292068,307.7083088540303,1614.2924926590154,38.61571238261802,79,0,None
300.1303169564051,311.0249586328899,1547.7051433053578,54.978691268226235,61,0,None
299.43922145818186,309.1649413192216,1474.021991603383,35.87336770451218,16,0,None
300.95249676960674,309.9910394164796,1235.3578527110185,43.97398388699717,200,0,None
300.784306212609,311.94265821592177,1659.310455460275,52.75091425929682,78,0,None
301.50734794467076,310.781439887656,1502.8446862192163,52.48822220387579,119,0,None
301.58165109998737,312.5961482504313,1527.764488214962,48.7604340215169,218,0,None
300.56090492850916,309.2005167406032,1561.095605302184,29.302214960164648,254,0,None
298.2724665298449,308.8319940301654,1539.9633019560608,36.23585030833699,172,0,None
300.59709414155,310.85051417685236,1492.8149644288505,43.26996915021408,102,0,None
300.4197661153381,311.3301218454493,1743.6173463941,54.246941610995385,70,0,None
299.85888285816935,309.9298428914519,1619.1831530660781,35.61645889154408,80,0,None
300.7353141522639,311.6624261036356,1785.6621428676183,16.742584742603373,16,0,None
304.5838999392886,314.08399484366345,1378.0022099983248,37.75933513054022,99,0,None
301.5874091568198,311.08596468986445,1693.4767933391286,12.736825772412047,41,1,Random Failure
299.9814395102076,308.3827967596842,1487.056726589885,44.76807148659558,21,0,None
299.8181654048336,309.9999256665939,1362.2182388098345,39.43334184779106,57,0,None
300.5718297072865,310.62731070602257,1366.3659331695133,38.448569390278074,35,0,None
301.13315837740777,312.0513275134499,1758.400491461353,49.41188688152653,47,0,None
300.3188855374221,310.40118838274026,1703.087795159999,54.13149278163564,40,0,None
300.4425029363919,310.4130133836602,1388.325405964316,31.92343597259888,162,0,None
300.5303317418806,310.74208091947787,1296.6369426873787,30.44696178176245,163,0,None
300.34099215552027,307.9512200150285,1384.8917466826395,33.3308580323199,177,0,None
298.9285489335433,309.3483099457292,1483.0355745189459,42.8229984724352,35,0,None
298.8519673976037,309.09196753473753,1202.5678113440053,45.64599647531555,217,0,None
300.78171418686367,309.7228912954864,1579.376596442635,53.075780069897334,190,0,None
299.31185826820195,309.7567702531967,1506.739121194741,38.78580806415937,19,0,None
301.16439771620793,310.68587594332956,1562.159212138726,21.46578230246297,102,0,None
296.4549478431981,307.1980345955579,1256.6789244870183,62.286084701408114,222,0,None
299.9551121408608,310.702594665501,1410.7949796291225,40.89926974994283,116,1,Heat Dissipation Failure
299.64947170656194,310.1189673405568,1632.3242057464433,23.879117482454127,6,0,None
299.0569651478869,308.8196301811051,1227.1464632716034,36.71457227882848,99,0,None
301.70325075241584,311.38329180298217,1407.0116169673736,32.21942510652427,114,0,None
297.9611617685658,309.5459049942993,1694.680762337407,33.90047350561831,185,0,None
303.5531165123489,314.17742164854087,1706.0724556781786,20.841108557434023,158,0,None
296.2377063548608,306.98334238670725,1644.2309452679403,33.49471817434036,84,0,None
298.7847751735524,308.19022663318356,1344.9776382119308,28.011167930791178,64,0,None
299.9356890138695,309.49144370825223,1273.9568876547344,36.54467565196983,208,0,None
297.810574729882,308.7478865705186,1649.1225648500097,45.5430754597641,90,0,None
299.6736696417032,310.1686551612624,1614.2881432759168,26.205132387881463,145,0,None
297.01191271356123,306.0930151393875,1548.4752697685205,43.236795216532485,200,0,None
297.76398232861624,308.59574897092585,1386.9983026114494,33.20585738894525,151,0,None
302.0850740411016,311.5178857181982,1496.584263674401,41.70896366801599,218,0,None
301.53551486599645,311.1535743581887,1787.9384815055962,48.13616188672923,154,0,None
299.66652871445274,308.8380731381197,1493.0826524059526,60.426611158559346,137,0,None
301.7740883350403,310.5592329652781,1330.963957305531,41.14306911887461,158,0,None
300.90621052684423,310.2878036594461,1295.0313260968708,45.778870484934785,248,0,None
297.02669380944326,307.28123693185603,1404.522733211812,40.989815607469815,155,0,None
300.25062884881504,311.14177645370336,1381.023206520403,20.79890299753884,40,0,None
297.00194366897693,307.007632812758,1335.3825836220817,55.23241113090262,210,0,None
302.40454609679654,311.9166245046526,1124.2035298524595,46.58763647452493,145,0,None
297.49960823994445,309.22350652370676,1263.341073335552,13.844334264905363,238,0,None
296.73976834306717,307.12980270006096,1542.2851165694851,33.23790072466206,69,0,None
300.41595298183205,310.10556850035783,1628.9684356170826,26.96099113747909,154,0,None
303.31351165643315,313.90969695290653,1637.6464348597794,35.8370364423554,63,0,None
298.42649015469436,308.71409008680206,1737.4973921185292,31.519373444522504,126,0,None
300.281132426677,310.1977506514688,1550.343597143404,52.62469040538608,72,0,None
304.2555111113778,314.7555025165177,1375.2017333319773,52.64816320178796,202,0,None
301.02641992369365,309.8623173076724,1311.8470492680485,33.252949296738905,222,0,None
302.3878909295818,312.3803810656831,1837.4961889996114,51.43182057176436,164,0,None
296.8970690296788,308.5391937033262,1526.7976080971393,27.83091584022455,239,0,None
299.9567390294059,311.3147661740396,1444.0877674893159,33.789524176854115,212,0,None
299.36308660617425,311.5721418298579,1340.658031914703,34.827122807148314,126,0,None
302.70587426148103,311.4717439269971,1233.7867301245362,44.20076749302253,73,0,None
299.1376330837216,307.8235466468224,1238.339384456543,20.171350238898757,136,0,None
297.7341111003259,308.65602175320333,1415.899713369518,41.553804736615874,165,0,None
300.4177825339911,311.01624925263314,1373.0295377605808,32.35427427184109,214,0,None
301.7506150758454,310.1006938028769,1095.8650270054313,42.55696708055414,179,0,None
300.0829485331633,311.3044691509978,1370.8818202410619,33.88192559205475,249,0,None
300.4056724997997,310.9588535978291,1387.4669151787261,47.97085936734504,221,1,Tool Wear Failure
302.4723397192027,311.7627438331145,1814.6904589950013,43.809932507017834,129,0,None
303.97198531888904,314.9794586411895,1624.8382886080365,21.776810621728156,247,0,None
303.2415094512648,314.27721250178155,1538.3502706958245,45.733019523815,137,0,None
299.9131585349705,311.29149645891016,1340.184692362402,39.76271179657361,214,0,None
301.3155516119727,310.2557345834681,1426.7238002391489,46.40052012551036,144,0,None
298.2511631315485,309.8280416074279,1783.9844578934187,49.052099043414756,102,0,None
297.91261522201665,308.7438268325589,1516.4345543435381,32.200515388374484,130,0,None
300.4371838263728,309.9529567554253,1673.6001410793515,37.50714212694738,157,0,None
301.0451142581817,311.9451346650601,1789.0059655732928,36.25876174345897,120,0,None
298.3927869727153,305.53703159241877,1753.4991199896776,12.83045423980738,250,0,None
295.007920933482,304.53510417837293,1523.2056332401535,47.87705490959764,229,0,None
299.3144527573221,309.65524923719244,1716.4070051888898,46.382930879832564,81,0,None
298.7904870730181,307.97925967114077,1484.280857308872,29.880735251929796,230,0,None
300.9506819839955,310.7479380986148,1364.2404678976993,40.907125343100866,93,0,None
298.7640181548859,309.4817544803705,893.625011988257,41.86219826831958,56,0,None
298.9204975687456,309.12135400462824,1536.861626639186,35.80921276214741,72,0,None
300.9179602985991,313.0500071569394,1566.6332414591996,42.97297054583482,55,0,None
297.8550229586983,305.7985876064585,1528.5758578525827,39.85427483366975,167,0,None
297.65905773478926,307.19735107772783,1495.4112931120185,37.2810945312003,113,0,None
302.0197918263334,311.4663603983022,1585.8417726160862,39.13644485642864,179,0,None
300.07964921317705,310.1425693321596,1338.3460322491223,32.94234207176041,252,0,None
300.09075109984684,310.0584306795973,1405.881834939253,34.54285342464044,118,0,None
302.20579973939795,312.69308928722256,1238.6723739314577,30.06891114119656,24,0,None
298.5410547860583,307.35968125303106,1713.4936783949513,42.613860392569066,53,0,None
301.5490567534747,312.74169700630625,1693.522905946898,49.86135227053003,62,0,None
301.5509645519371,312.115491904213,1377.2719233282023,44.58483973731516,132,0,None
302.1480738416132,311.3870474804561,1747.7540766225832,30.170115272035822,139,0,None
301.26047830342566,310.0637855504529,1775.3262239045775,16.036617681528252,211,1,Tool Wear Failure
300.1643897610128,309.32073343122147,1660.1031528402482,56.36847554654723,144,0,None
299.1971401705703,308.4994267866387,1557.4953306353468,38.76499699085141,49,0,None
296.47935134917856,306.75257438924115,1800.5767070436816,43.64996407526169,150,0,None
299.07241532444885,308.96212966494244,1480.008365939734,43.35459394890172,35,0,None
300.73352143871824,310.3055934705414,1293.4651568328998,26.78439817059858,119,0,None
301.85058209225423,312.49776803202144,1226.7632213794739,38.890732888168614,109,0,None
302.03425310853555,311.3790546881957,1309.2184884866015,39.08175795013805,150,0,None
297.70276364534175,308.062992798994,1673.217450329665,40.572041838359134,69,0,None
301.3179320010302,311.6028624171361,1695.925399466147,41.75226890061121,126,0,None
299.35737389409,309.44599704074705,1244.4132245190983,53.134664370482064,42,0,None
295.66083812643694,305.7134383139679,1173.9081135821252,50.94413520934858,197,0,None
298.1307417068791,308.1437702790167,1828.6551666742262,52.282457659039494,200,0,None
302.18434857475387,311.5164995635523,1785.5754071022384,37.858775226474435,130,0,None
295.3453528292449,305.36992029305105,1719.5470479311311,36.41469213302142,198,0,None
298.6308918486554,308.313661604622,1380.3869923809584,57.69280491712678,141,0,None
300.7570081799247,311.55336155932275,1761.088057112918,40.32827505276476,24,0,None
303.3296845048608,313.78953987681155,1398.0139663759885,45.60404165896645,72,0,None
302.5268451686738,312.0255544588445,1522.2940999388895,36.21365091761215,34,0,None
300.03529425651953,312.14845009927143,1827.4027396648012,38.398467742275486,211,0,None
300.2780850711259,311.90799320186136,1316.5926380262508,42.97591924568131,132,0,None
301.72089478976363,312.1998595680215,1640.1708854529618,40.244789055629305,148,0,None
300.05525947311526,309.6611829702115,1517.6911361025147,54.566574307933706,76,0,None
301.21057715317744,309.8360664424816,1484.7684736851254,36.067570890729804,80,0,None
302.58805649101663,312.5179321032594,2081.016717436803,33.102941258502156,150,0,None
300.6759555266259,309.7009565234822,1730.861661591921,30.544243147149732,130,0,None
302.42054163134725,312.7585116483189,1695.5461803812036,31.38064209764785,178,0,None
299.72483253173965,309.51558266184287,1086.1461817751185,55.59209395997114,135,0,None
300.091551315112,311.60498717077076,1315.6374863167348,40.611331270006524,128,0,None
299.8430534469836,311.12575890616654,1491.179860607708,26.353833088636684,30,0,None
301.30229413555793,310.6402512296546,1730.1096691503644,39.738660668356424,105,0,None
303.53310368976,313.35079928657666,1847.270805955274,49.6031234881615,25,0,None
303.34106785138096,314.1819078206908,1184.6806546286386,56.447309369653844,253,0,None
296.0734534888069,306.90745953894634,1757.7843045865288,49.74213179239298,28,0,None
301.0194818352124,310.92528566788184,1726.438212855611,50.733708708944995,45,0,None
295.93320904436155,307.0765256591586,1558.650425744541,43.41950207016369,240,0,None
299.0547369880987,308.89205648124687,1327.3518556126915,51.122805707721554,232,0,None
296.1036139240957,307.6620214843226,1592.881321536199,48.92221176087391,16,0,None
299.0969505623807,308.297013996113,1919.066822867271,41.965411096589605,150,0,None
300.1239259527947,311.2073559574352,1223.6586308571195,39.79852878485883,16,0,None
299.0841348133746,309.40023526221785,1560.7244629597817,12.695533645045295,113,0,None
301.7110316887037,311.0318983380702,1597.9027366980997,61.299723830819154,249,0,None
300.7818678192638,310.8425012180552,1375.374602167348,35.12255670053702,64,0,None
301.7059083050073,313.4445644890427,1556.549455077955,18.446871342904494,213,0,None
299.44164075008194,309.2748988414111,1588.8952887042437,29.783805374833168,93,0,None
299.491624500503,309.49832987560507,1857.9366253994058,50.329935365017356,53,0,None
298.0261053201107,307.4117484079786,1275.8530761800891,55.94903421102529,41,0,None
299.29419498592796,310.5945246816356,1777.95375009915,46.17157238559471,188,0,None
299.5394574041795,309.31622299657977,1542.5953567278523,25.664323560189608,129,0,None
299.16191996718305,311.1160382086591,1747.2365121520425,21.61133959417024,204,0,None
299.8298360671001,308.7146652486101,1606.5488485149526,33.60067689877831,237,0,None
302.322600325505,312.6141758022565,1506.4913872449358,15.931089343783462,30,0,None
302.9120697840051,313.8100621585329,1444.2858617557438,34.67094173534075,250,0,None
299.1735554626436,308.5865926996139,1501.2905142699879,28.811582301312356,245,0,None
299.40804681512464,308.8963941849129,1681.4117731338995,48.13402860548736,203,0,None
302.05965734475024,310.85344382148503,1310.6917054269418,43.04983439553646,85,0,None
299.70246665129065,309.4967996275948,1477.891174979497,25.03407017054914,120,0,None
298.82054706914687,308.5258291834722,1395.3269339009585,43.19504143894827,140,0,None
298.0397778217782,309.6898561017435,1637.0272392626296,36.89055640230137,50,0,None
300.5856873842839,309.82369492041136,1757.730202981877,49.72812983239601,209,0,None
298.62976569749577,309.9768552803952,1478.0056209047605,30.510877536045975,68,0,None
298.4911752583095,309.1867637285909,1641.9807779707721,42.37870055873841,220,0,None
301.4617859161764,310.9172204168663,1225.8444914973463,50.96603176237782,160,0,None
300.0460649500414,309.93010257809215,1545.8078133369581,42.137987819062715,234,0,None
298.3465377411951,308.5852820858478,1838.0057324735592,36.23453333004259,146,0,None
299.3127810729405,309.9733898153589,1609.5841944265667,31.783674477313518,43,0,None
302.07521082353395,312.3332530318976,1578.9845271440852,21.56625940900388,231,0,None
301.2137597769561,310.5434910629358,1465.7687807620125,31.439409705037388,223,0,None
302.8694890159146,311.7579846976869,1444.981128319436,60.765467194961445,121,0,None
296.889695276448,305.82511968049045,1490.1687964797322,20.36592388070482,186,0,None
298.6587096891216,309.15907763273964,1350.563904337848,47.11041593362303,211,0,None
298.0530169191799,309.03284190468486,1278.3499978127034,41.05338813266088,193,0,None
298.8349638228709,308.8542404319807,1678.3426943816123,30.0833713730498,40,0,None
303.24529219917224,312.7391197283778,1440.8692483674959,23.643083237265273,0,0,None
297.52878145596765,307.3757674486224,1189.1509530476496,35.8451353592785,73,0,None
300.96940332088434,309.71298194856496,1573.9366015924309,44.24315614089655,69,0,None
298.8698477918109,308.5910011876354,1624.7710238480488,35.24013509176501,181,0,None
302.04059989748134,313.44117885578333,1614.3931847465055,34.77513200029682,30,0,None
300.7015946416862,309.8682691631426,1505.2882893225376,58.85335163118013,67,0,None
297.9955503804951,307.89893173726784,1265.3838094868406,28.089310616789966,191,0,None
297.7094336802413,308.7945320493511,1686.6301531775784,48.17845541554588,76,0,None
300.89594538398654,311.6224655658197,1594.3482908093717,20.219892017419355,51,1,Power Failure
300.66617383233006,310.91517283218957,1215.5932280694515,36.017664061611505,94,0,None
301.2235370123889,311.3634086817661,1602.506676852644,24.532642376524382,146,0,None
302.0715755967713,313.90685448711224,1786.2822509488324,31.57509655255525,181,0,None
298.7204423247223,307.49784963023035,1336.260452357159,50.68007729313763,33,0,None
298.1966270230315,309.65287005083144,1031.8080960181937,25.82121062397639,242,0,None
299.7904564303545,310.1715658526849,1798.8482979034852,25.878175140814903,145,0,None
297.4467705667727,307.87305448172845,1762.1360546425494,22.97164884755231,238,0,None
297.3584248983432,307.19035220024296,1366.287619804221,51.83404309077691,149,0,None
301.83100360101787,313.95885398599614,1672.9001620507188,53.23162217367926,95,0,None
299.1936741192904,309.2262802872145,1522.9228909018636,23.46349304369314,215,0,None
299.2295806507991,309.01436614168097,1233.3312649712757,34.003584050340166,230,0,None
301.1614504847492,310.0221213570658,1625.6508284267143,36.45827287823771,57,0,None
298.9686394878031,308.703515850902,1690.287518462068,43.61165692380751,142,0,None
299.95456708878476,307.6502630320713,1166.769455416593,46.11009107960895,174,0,None
299.3941376257896,307.6876543814136,1630.3482488375037,37.51592897688268,5,0,None
301.6963942829709,311.73237743602016,1381.4958151626022,28.993991361193086,98,0,None
299.60577222538996,309.30781321847917,1464.9319246263021,32.72596610936301,169,0,None
298.69416880454355,309.76828839936195,1263.9163944568243,29.33879190196386,235,0,None
302.0424748368352,311.9400502375283,1358.0126679098146,30.06365330981724,40,0,None
298.18004613855186,308.160586890806,1404.4446823269527,38.107040513358626,84,0,None
295.3782231038993,306.9473365381459,1389.57038906859,41.18897796712784,16,0,None
303.24778425684525,313.2766436364047,1406.2495550915364,46.22293160192433,39,0,None
300.039550165174,309.98809160590537,1476.2515350797557,25.34640116396666,39,0,None
299.88373605181494,308.4190027975677,1612.5584241908136,36.07595466684669,132,0,None
297.4786265480232,308.339574827144,1394.078629091577,43.758014141713815,244,0,None
296.97281397515724,306.9942369010784,1560.6834539598462,39.30064033901173,8,0,None
301.0835197509374,311.6560943890982,1456.4489470744522,35.29640445372197,237,0,None
304.1630582208346,315.56199638767526,1424.4165136965241,39.24673706672886,195,0,None
299.788229989903,309.94198563807896,1411.0248870615922,44.21976481027433,210,0,None
298.1674240050781,307.4788843966055,1415.4905960662236,31.797565717950064,15,0,None
299.1127192224754,309.96234433379436,1559.6599489736288,33.38102456247349,152,0,None
299.0957175691965,311.9676630171013,1279.6604968163988,41.42171100881326,76,0,None
301.3395951702417,312.40497798019777,1408.400242494191,48.94785283443939,38,0,None
301.46887728117724,311.2457267359541,1278.07426483836,15.034786051134077,236,0,None
301.7860100160343,311.27658158862664,1613.0397328635133,36.842197284866465,251,0,None
298.7280953860715,308.0040720949654,1429.8802615653212,26.308709599885443,126,0,None
301.3042833421461,311.8191003324823,1785.5940067288666,19.115833152397705,39,0,None
299.8999884319582,310.0088452121136,1582.0016018344886,21.13044179768521,39,0,None
301.03720856633595,311.22567781795783,1285.7419021192973,36.97447272055429,72,0,None
299.954923933966,307.74202906469907,1694.4500153362706,39.56338490433034,78,0,None
300.1821935939437,310.6065595947955,1863.74733049873,39.07079545815787,104,0,None
295.995050054419,305.41571170289615,1643.8071527813522,45.434579983028534,89,0,None
302.7087994497626,312.9325275632263,1274.3262481573752,45.628129318879694,132,0,None
300.97651301497393,311.8245060295985,1635.8185746695854,35.92007272779804,120,0,None
301.53982819313154,311.18261943473584,1403.8624937194552,29.96127177122454,102,0,None
302.8607241089036,313.82312206131473,1652.6928133215242,29.762179794596207,80,0,None
299.03994437386154,310.86428836981173,1556.982666812756,34.165017003611965,96,0,None
301.9049523845732,313.2652062737409,1443.5311068547123,41.88810149066267,201,0,None
302.2135503677079,310.2472390447986,1517.0530932419883,43.35663946460308,33,0,None
298.00642609789514,307.7525490245269,1646.8058432053392,44.577539620728864,163,0,None
299.476706327297,310.5206068294747,1815.0561139109245,28.085648952714585,218,0,None
296.58053901842277,306.3972580541904,1469.552097766042,28.744899867204943,194,0,None
303.1600467923057,313.4201589380762,1297.1519094960324,57.877950041782654,119,0,None
300.1733322523222,311.4428932388477,1553.5070576591631,29.38696707110494,96,0,None
299.02465194322843,310.4922245730324,1588.3685508805502,38.255968351639815,178,0,None
297.0384424941509,307.484494302718,1241.891942299967,35.253387411820995,47,0,None
301.66524541315755,311.04513557234446,1487.3459223183486,37.89820521262325,59,0,None
299.5073878238011,311.44814855411306,1501.7061040796668,38.57448334056846,1,0,None
300.24449865833105,310.82158079730857,1633.2220633077532,42.89625399622286,127,1,Power Failure
301.4215363386991,312.2673866987719,1795.768002578194,21.75065366609196,93,0,None
299.39064735767494,310.31879450646795,1499.2409755480842,39.11118906807057,82,0,None
301.18483147514246,311.386201571666,1562.0629732280038,29.97205002250223,75,0,None
297.1994813770082,307.34199619691464,1513.4161964946563,45.467638491651186,143,0,None
296.2420082299487,306.8692322787628,1316.4656783164264,52.368895816807445,238,0,None
301.98358639931877,311.4200298614576,1743.948992626417,53.531112584689666,52,0,None
301.86715928116485,311.4184457422358,1513.8789592409748,35.603428729730666,38,0,None
299.9483704298527,310.34375309443936,1569.1577433282607,45.97351639678466,124,0,None
299.9180490367309,309.68298691807865,1442.7191449681366,29.165255571915594,99,0,None
299.8972191101011,310.0905710231205,1273.6596207902726,38.73775882447665,29,0,None
300.0586459388699,310.56060104183064,1344.4692496470989,51.30294589573555,207,0,None
301.5531718038189,312.0303859376693,1428.8469889701041,41.525363926071606,140,0,None
299.9054394871133,310.11029506540217,1414.1058381208688,26.122864333650597,234,0,None
300.37096332320715,310.5122688864539,1450.6799887505151,23.66728770715396,197,0,None
302.01128248074457,312.05911157336305,1021.532519524588,39.151333213916715,162,0,None
302.073008548946,311.7372680850687,1576.5284494804228,36.182438333486104,104,0,None
299.32115416222575,307.75787229829376,1391.1337730733542,27.276827273861528,45,1,Heat Dissipation Failure
297.3272452077873,309.5524642627967,1519.7917190076735,43.343681625450834,65,0,None
299.36475620701805,308.56927678515734,1245.8839141149795,32.31694276724833,252,0,None
298.55076102013396,307.6691064425959,1791.0439478478522,25.171673700502687,141,1,Random Failure
298.68386748564296,309.4621527420667,1565.2449197763335,32.514458711632,196,0,None
298.11245806739305,308.8181364725718,1433.073626148646,28.31209370853234,187,0,None
299.54083587269935,308.93050830401893,1137.9857139243572,52.42808577021481,214,1,Heat Dissipation Failure
301.9581432561462,312.77553228377354,1423.2262616126975,44.578075734764944,176,0,None
298.07647139181114,307.82282773762137,980.4593466987521,44.13190835946361,65,0,None
296.3437143417699,304.46426570813543,1465.4584740265027,43.3437243920487,121,0,None
297.4068577369088,309.45313515458906,1636.4936111101642,24.75032805720685,48,0,None
301.522063127425,310.69636149271327,1275.3611075219148,40.4274509124374,3,0,None
299.7747277126217,309.30526738566846,1510.9798108262041,34.97700718864296,148,0,None
300.7803244935262,311.8780600512575,1445.4233022136673,36.05108857684746,228,0,None
300.03890872982754,308.9386579765234,1882.609114168639,25.641398794151613,242,0,None
300.94318231970334,311.3282092403329,1397.796178143454,35.14267085446458,252,0,None
301.1499421602781,311.7610977135032,1344.7104930289433,43.48283162908334,145,0,None
298.5180043622938,306.8819792692018,1808.0205877704623,29.668065876632788,150,0,None
295.9271421832404,305.7324903315464,1652.5583704026537,44.179826488864734,106,0,None
300.14735850191556,311.83628573135604,1626.4067017318428,28.54352791464573,156,0,None
301.4366065943183,310.8567395195091,1646.1166586640854,69.66515836792561,243,0,None
298.4761510348635,307.3793302781622,1334.0724004257718,25.213443260157437,46,0,None
297.622088174058,307.3557463058024,1664.5660348344202,69.8575337689903,236,0,None
300.5924815535819,312.2635612408689,1511.37130177389,39.04432069267701,28,0,None
297.8317066208759,306.4774204483204,1434.6280276497807,43.06850640411893,107,0,None
301.4124096008223,310.9862340707482,1579.4688380424916,45.50589357149457,257,0,None
300.60158560240137,309.3745957614996,1508.834443375126,18.783452783883867,221,0,None
297.73968468669875,307.9368641209685,1628.0700559402824,58.9975593087013,229,1,Heat Dissipation Failure
301.3175296689236,312.4903703297399,1201.6450919405802,51.426470682458536,143,0,None
302.1371487533842,311.22342942022914,1915.8689053008507,39.38299528324767,19,0,None
298.3296528034561,307.37327008695956,1618.7571715367185,22.205194535578112,253,1,Heat Dissipation Failure
304.35407371656106,313.6925336963547,1324.9185035918235,28.549942409759193,202,0,None
299.38843696168726,309.82651899366454,1482.572544563722,31.348234475368233,193,1,Overstrain Failure
300.9249976389944,310.42195248862316,1526.0024679012506,39.50813522202428,191,0,None
300.23624499941945,308.47734866358866,1863.5306522510607,41.7914695389381,163,0,None
301.0453403399609,309.8621826085736,1237.6081972603993,52.28775285184496,199,0,None
300.09536661823154,308.96653632109565,1172.7572842735303,36.20374057369925,155,0,None
297.66753531129046,309.81013047832727,1563.8265503742784,53.080994004137814,108,0,None
303.1472644026456,314.32793962080876,1221.521446369103,52.69006147810616,4,0,None
302.9322288177193,313.33275337135166,1695.2856487040995,36.16222549459888,183,0,None
296.3586684082934,306.75967433415286,1614.3854400101186,28.040109676819263,164,0,None
301.8202896006464,310.52626064321686,1679.5268794364663,30.319858727429885,128,0,None
298.3699194997243,307.9771247073168,1795.400489310609,35.17370270262049,117,0,None
295.40909923347186,305.3493399038972,1682.0597853303684,47.3091670126744,241,0,None
301.98196174019915,312.82990145004163,1495.1226800683405,30.24742633345616,145,0,None
300.4554945431265,309.6904784178792,1629.1461850863723,43.66862744576233,103,0,None
299.8092341674885,309.6603106294634,1194.3796364263605,44.16261172237007,184,0,None
299.71876376557066,310.3489000312295,1529.1969737124555,44.31810463843612,229,0,None
298.09875522804265,307.76048062594845,1738.9525808420403,36.32050214959214,142,0,None
299.6961230111751,309.1652619725969,1253.672463985556,41.410149733897,61,0,None
301.7060141692889,311.7254813776379,1487.5844717833584,43.559601389285966,240,0,None
300.5581959320891,311.52389840754535,1477.952778057282,28.275147773775004,208,0,None
298.98604554691315,309.0952146245448,1434.8685814881806,59.017396405981295,59,0,None
301.21922813884925,310.5338550855314,1242.8607563223272,54.663746345292225,132,0,None
300.1088098955803,308.73132267498846,1410.1945460793975,54.598861076035504,14,0,None
301.06492115100775,311.1924222294639,1410.0076961004654,45.42254873033856,234,0,None
302.33433672651086,313.299571795234,1448.6816403531961,46.721231450732375,16,0,None
299.2102687876923,308.90793306733093,1556.0279439988049,36.49835858101602,71,0,None
300.1536197180354,308.03721043893506,1298.6557031659552,51.14582557906465,48,0,None
298.8017158025049,308.28028293086413,1580.5981937839845,23.837589516249686,135,0,None
295.38195563714953,305.7681382816973,1555.623726226861,41.01446119250811,129,1,Power Failure
302.3796948881139,311.7877883130196,1485.222781433812,34.5544716811886,94,0,None
303.34913797208185,312.50795595002006,1717.5798962169165,45.16283717374573,245,0,None
299.9289901117954,311.32259146599665,1581.7143519071792,48.84204699200891,145,0,None
301.5488207364335,312.520197457154,1581.6950833244566,54.209528125352115,86,0,None
299.7035773236818,310.7176110625461,1354.5865332269004,41.655279603463725,243,0,None
296.6823410022269,306.68737557044784,1311.7888493443993,47.97466072450987,215,0,None
294.52482006430915,304.59445991939106,1324.6955572922352,15.69210617075833,177,0,None
298.2479679950134,308.5988539525804,1777.9893289571662,42.716901367666466,41,0,None
296.991043055557,307.0825862821946,1256.289714454184,18.191485585623216,92,0,None
299.80818428927654,309.75982697208093,1745.207206989394,43.165788451949055,213,0,None
305.01871178208023,315.16524498860804,1504.5298332259451,52.814912840076275,58,0,None
298.25628130357137,308.1337567320742,1792.6986757604611,44.4412669904696,102,0,None
302.1914227220782,312.6253134814031,1425.907913142903,36.26384467389982,174,0,None
296.7931491270894,306.5929097144092,1461.7807988298064,38.297756052436576,231,0,None
299.05588789549176,311.9373616266646,1531.426592253748,34.806765794584955,160,0,None
298.694720260229,308.05904960087213,1215.6440211121899,38.954031978859966,219,0,None
299.0186748243084,310.029795315989,1378.3634429984277,42.81744511304211,97,0,None
297.0750875413436,305.70026076914115,1722.1544763227507,32.87569935153898,226,0,None
299.33637166661,308.51812069784677,1492.7046312212556,35.794380746051786,31,0,None
302.93723193284734,313.49071499402646,1435.0288548487222,33.529572675510664,138,0,None
301.4613258667815,310.7949646866794,1393.5374107373993,44.398944046118125,187,0,None
297.7625943597769,309.4260734559969,1866.7347418378804,50.519517342780226,173,0,None
298.1244881101749,308.4756936624897,1123.65574141842,48.419552197860405,53,0,None
299.00015062135566,308.70368963561685,1251.2774731045904,38.30513562473462,206,0,None
299.49142455111127,308.3243981981082,1380.6475361566384,48.1111949837315,236,0,None
298.2434371460314,307.06236098433,1433.6899335258763,33.33642071557653,254,0,None
300.9827573594084,311.75747233298057,1635.7297880635135,41.60652566197295,176,0,None
300.5287163110092,310.8962307719113,1485.0662962075623,40.279509109439985,236,0,None
299.2328720469169,309.73532640983024,1596.2414493878923,50.778240123421796,26,0,None
298.4824939859316,308.3685930163732,1292.496772923886,38.56949204881449,168,0,None
300.3649251266722,309.8615029048392,1395.237431050632,37.12673183045039,18,0,None
298.5539820714609,307.56933434190563,1730.7134039086145,32.25419859168842,33,0,None
303.6874578272583,313.5550517343177,1404.5440011277115,42.9164674024982,31,0,None
298.35414663094303,307.51235542299287,1471.6572469741513,41.24306060509829,143,0,None
294.85672074554685,303.55086504788756,1507.2648854892661,52.53780020447479,123,0,None
297.25558700691585,307.6353112523603,1243.1614531335981,43.00129502534769,60,0,None
296.4433481825564,306.27400356282874,1568.2963620425855,25.10126446600016,57,0,None
299.0987662390002,308.8960111170322,1687.931088518268,42.79308445461539,76,0,None
299.9237849581594,310.23872426517426,1477.2194473983398,25.172075362630686,201,0,None
299.4440133778193,307.796322707235,1433.972481664441,19.288506886897974,192,1,Overstrain Failure
301.7663454415768,311.9588368524239,1454.4996031231412,34.785768056694906,6,0,None
301.27141995804453,310.82876086217453,1581.0816300056813,37.11793590076207,68,0,None
302.78226642662213,312.3878427631912,1606.7920517833404,41.67465482022955,201,0,None
301.27223031474426,309.9006999425522,1754.2620204858113,62.74724805063336,5,0,None
299.9041927406309,310.8306942242053,1722.0020156285473,31.012999640733366,107,0,None
301.35265917367025,312.2255630973373,1349.8223218244088,11.49689406143225,172,0,None
298.70500610741504,308.060181226888,1030.1214327510336,35.423426048061906,70,0,None
302.1657778438433,311.70468926067866,1743.150418658722,26.130126688540116,173,0,None
300.38988090929735,311.0054332789676,1350.4104856153376,41.92312008033731,247,0,None
301.86047930492737,311.53587413215,1379.7560145720877,55.3550435723303,83,0,None
301.4009550724957,310.9516907581742,1558.5588695994613,44.104260960437415,122,0,None
303.6319433266412,312.35897538090455,1847.8247787521332,34.8744234535821,180,0,None
301.24421114117257,311.62947713086567,1548.9356598090899,27.172131153682027,226,1,Random Failure
300.91278372901866,312.20419044154664,1634.4791203902353,45.23402715687767,146,0,None
299.9730647729853,309.72946807608037,1386.5089581688928,34.689604985243356,148,0,None
301.5535644842702,311.94383307910385,1497.634864492756,65.01892082627396,20,0,None
302.5372564477523,314.3738849873129,1490.4968731223796,29.665612225567912,239,0,None
301.86192319248323,310.6193880797169,1161.7124288678815,38.4172495869717,126,0,None
302.17412212566825,313.1984462280473,1251.5960295166954,44.379168481006225,144,0,None
297.8225988858999,307.82628863479067,987.5780981015067,39.53955563594919,94,0,None
298.03846576469533,307.52136560667407,1801.181027693543,44.35576691195519,214,0,None
302.7103457058129,314.3579655131418,1202.948269630189,41.1193011899694,185,0,None
299.32923461074415,309.1005952957982,1695.2789911094599,42.26085833763927,152,0,None
301.9012999261757,311.3592633791788,1430.7047067856447,41.50057830831249,144,0,None
300.44120938085103,309.7959571615612,1448.7983752705009,52.896000486414046,170,0,None
300.94204104433305,309.83371771471593,1571.742191994108,33.50606285642832,172,0,None
298.78745139149123,309.29249883021157,1422.2073140500981,43.34270427316241,59,0,None
298.8141823111621,310.28805231027945,1519.7939940679564,42.379106167512454,193,0,None
298.5211971467537,308.3917796914765,1359.9817848057985,39.48136384892862,18,0,None
297.11814975286745,306.460629300684,1667.86569974924,43.439128024984214,0,0,None
295.61047908616223,306.1582626754164,1460.173635051899,33.20005050850121,197,0,None
301.47947632596146,310.97479007428313,1635.4556377009221,25.489543267151745,198,0,None
298.98062587864337,308.81595863657697,1427.1025172114723,27.2050996717374,132,0,None
302.09864458085997,312.25905091591676,1111.7328586457088,30.837649194832593,228,0,None
299.63804765252627,311.12206035931274,1999.5470684630259,53.506711655583096,15,0,None
299.4081418116625,310.7770575049185,1313.055444416002,42.15982157121434,229,0,None
300.4046249263078,311.5140951679529,1439.8119968103717,30.816520390757162,40,0,None
302.6481268393187,314.54582163872493,1518.2031101433738,42.03733139543364,107,0,None
300.7182684810283,310.70313419549507,1444.4532873549724,46.83657789721932,129,0,None
304.71474610964,315.4742647472279,1310.3178467451307,47.337860951071235,145,0,None
302.90552470857267,311.64023534564535,1210.5665585139027,29.42260300537099,32,0,None
296.93468348677914,307.29698071432585,1160.2156106758503,43.00059265757347,4,0,None
303.62166401463185,312.9664273683254,1309.1878424469805,39.6854682062205,51,0,None
300.90589194099897,311.6449430196161,1424.7672592723002,50.17886308303082,43,1,Power Failure
295.5314256605409,306.02526690100535,1270.8297416260339,19.097305285800616,192,0,None
299.8915501192085,309.07315089381575,1520.7921841288821,52.67607349863816,89,0,None
299.7641724548769,309.88034014253924,1495.1587144895461,45.80144698657216,143,0,None
300.22071213216554,310.123998813363,1656.8510333477407,46.86590204934914,199,0,None
297.58185193052435,306.9361271731981,1463.6374834883075,36.85210402510358,220,0,None
301.61842725454693,312.29906640449764,1488.819332862066,48.22553156790094,259,1,Heat Dissipation Failure
304.03499605302454,313.218162596237,1224.44207979582,37.61912911392173,162,0,None
299.93621948056824,309.3388780031948,1730.033162948727,40.6462736893094,84,0,None
301.08976266783156,311.8053219647434,1642.9239404127175,27.823315248356458,95,0,None
300.53723597609905,309.4598156324361,1424.593841490617,39.4171438048247,86,0,None
303.7175259251716,313.80920643741115,1361.0510245531973,33.83513275897643,160,0,None
298.20189313437993,309.744976162473,1327.5850588592748,43.45159768146791,215,0,None
300.3688302692852,309.86956585462895,1623.631332414596,43.32094305671811,215,0,None
300.5100418272914,310.82295017277204,1244.8974974643459,29.423076493517428,240,0,None
299.87339501924964,310.80703212721676,1614.6721947956407,35.847609106576726,190,0,None
298.3159562749978,309.6827733486972,1444.012952100888,27.21746431719521,151,0,None
302.12142385990484,312.36515521747333,1773.4511172928972,44.93609531285194,239,0,None
300.5078014908285,308.7962089129397,1416.7446842743327,34.81849244431067,99,0,None
297.6262250966592,307.2226111223608,1564.8000793522754,28.270479309702225,53,0,None
301.9434068877447,310.61953308331147,1618.9260238511838,41.046145809921306,259,0,None
298.7985552558467,308.31290134791465,1795.2569889535162,61.418583186167204,249,0,None
301.8970990438013,311.6220943163667,1648.3832065715628,16.55444246232202,177,0,None
298.4955767179562,307.3299922163449,1354.6007842221607,15.787367958092492,21,0,None
298.38045686079244,309.0168751542375,1178.89026751167,41.47764288598124,207,0,None
299.24413614723545,309.01152545545085,1447.5841965601776,48.58044906349493,70,0,None
299.21862193077953,308.55271291553385,1318.2431392728254,37.876744266678266,247,0,None
299.34952324369317,308.5178482369889,1556.1391462390764,39.11789655429203,256,0,None
299.0449075160397,310.5139593058695,1577.192294200053,41.40943433029506,66,0,None
300.55788640885095,309.63889407693154,1478.5000801180693,17.366272565503763,252,0,None
296.862280358887,307.2126859915326,1557.0598364493665,29.04746516092686,218,0,None
298.11524670100545,307.7418699765732,1714.133897679544,35.60449217573227,206,0,None
301.1924146300443,310.78309640504665,1658.7637983135953,31.244564100942466,71,0,None
302.7984424320031,312.26439442626344,1526.3496238577895,30.727305846663487,50,0,None
299.0548861812387,308.16982420515666,1593.1297130512432,54.70425754899834,130,0,None
303.6095560946385,313.6008326848574,1556.342813529508,24.700818266102054,121,0,None
303.3086414813894,312.03212488500145,1706.3907697482352,41.06998797694075,206,0,None
302.1237463519635,311.4327398741904,1359.5665591571776,41.42474512622793,191,0,None
302.4542555689027,312.7520648125204,1304.3211331272478,26.964292397712647,73,1,Heat Dissipation Failure
298.0443711856723,307.362669477476,1637.9252659237334,42.70470040835808,190,0,None
297.107319431898,306.1129675385491,1449.1603663749931,37.099243287347754,6,0,None
298.63335320493485,308.47693807456466,1410.8234008349264,30.35096143796711,206,0,None
300.56648166677235,309.92084270566687,1426.0099504384589,30.080119148283718,202,0,None
303.8474006459648,310.7535289722939,1686.725339433783,50.671504228319364,137,0,None
296.12167684921104,305.99966376667555,1409.1018952636514,43.48517449438321,98,0,None
299.03496155412944,309.6200852307531,1504.5382515172791,31.372145318097928,82,0,None
298.85640426039697,307.89381770740306,1340.8416768345005,62.41862772730246,112,0,None
300.13231446550884,309.9986549761243,1358.6491076828586,31.907269218759353,75,0,None
298.9495217078524,309.49950761792377,1773.889033634791,47.183531252530294,197,0,None
299.7509733268082,310.2561289901993,1782.8616117347055,32.69826557697603,213,0,None
304.34690254971355,311.9438072905917,1503.5451622339885,44.47218560651835,100,1,Heat Dissipation Failure
301.0403020749813,311.73451404782986,1261.9947739190525,37.32928819177593,213,0,None
302.6238310437292,313.60178329099904,1329.0430029372594,45.88705225083463,65,0,None
302.26345282648805,313.3023966550574,1567.1881858362988,38.55121279735487,220,1,Random Failure
300.10816677447616,310.6791163936385,1489.0194183189215,40.25460733180033,24,0,None
299.9550216923427,307.91164073625504,1391.7242481786427,37.372999986319705,216,0,None
301.4250191712479,312.2859759233464,1765.4217384824233,29.40244887223948,209,0,None
300.6992844780993,310.2097173803656,1417.6393938672936,35.38561982967101,47,0,None
300.95191312041914,310.5420467855453,1509.879506122999,53.9116493642474,0,0,None
297.05860025751656,307.7270184071398,1199.21499615348,24.325415139020183,9,0,None
299.3939393706883,310.39099844923004,1567.9945590713385,46.804348221218966,160,0,None
300.72659088151727,310.2811181743714,1422.3834194520462,45.58001169599956,174,0,None
301.4936061137504,311.72888378229374,1602.4124953986538,65.63801906288826,217,0,None
298.7539923102303,309.6305261227678,1268.7359984099055,33.836308287174674,172,0,None
298.8818147317752,307.6963212341634,1588.149509978012,37.345711264467774,237,0,None
304.31526758763704,314.5119441661216,1992.6291465058293,39.17792783856298,82,0,None
299.1515555935283,309.7681517902366,1581.9232476558357,46.52053989957764,91,0,None
298.60017434651166,308.08458014707827,1596.1282794452886,42.18561334982252,32,0,None
303.2466561512746,314.1750479746124,1462.723076740305,30.552140047692756,65,0,None
299.2980515131197,308.5875554419568,1407.1714203563329,26.049181127654144,101,0,None
301.0571098574024,309.72468370205024,1194.3928663842823,42.69073344187866,28,0,None
296.61108964413154,306.7703486116181,1705.3216980751636,40.17880342389673,69,0,None
298.8058512147057,311.6042473313958,1660.483073890211,42.59650278167678,83,0,None
300.43655712913164,311.29140258837947,1487.9869299750096,42.01710626004543,78,0,None
300.43399237002836,309.2538820896081,1583.873097126997,45.972372398341406,137,0,None
302.4487559111111,313.32206049134777,1402.7951426105833,23.807617417932384,70,0,None
299.91562453180825,309.7738454436236,1665.865242477994,46.545784401055606,25,0,None
302.5354325823568,314.35364685472456,1487.470790522663,33.16488859953586,232,0,None
301.63636245370407,310.1587828759344,1469.7119251880993,27.842453586828913,187,0,None
299.41368446588365,310.66619389615005,1309.966794040695,67.40157294205996,108,0,None
298.6344754723552,307.2816659050997,1406.071859112891,48.96676207770294,204,0,None
299.236031717189,310.314136099163,1307.8526807539329,32.81209800686618,144,0,None
300.8923625643271,309.35005678871596,1660.9143321417114,35.506050104696236,28,0,None
298.48774558492426,307.14192088713617,1372.1346769792142,42.947545610386776,32,0,None
299.82570477256706,309.80337829807956,1411.7530996723342,42.643955747621895,32,0,None
300.1278190681382,308.5282669436601,1279.682493552035,32.506902225232,51,0,None
299.12288250560704,308.68669820820816,1353.4634366215494,43.987040466690274,142,0,None
302.16415894184405,312.0170157786088,1259.396783313414,24.124618429338476,143,0,None
300.1690567098095,308.84283891684805,1447.3889873026249,56.62079917207431,124,0,None
296.30531307000285,306.8607645944656,1508.1914848954143,33.64754712349956,197,0,None
300.48375430430156,310.60610150106237,1477.6128119279697,25.701746464444163,73,0,None
298.2283258412611,308.66038259817157,1145.59137162139,47.076832213318966,2,0,None
298.5836708939757,308.1863241504818,1835.8981909154127,41.827431367649915,154,0,None
301.1488473703412,310.69324612772124,1559.4117771020644,25.728226180145818,246,0,None
298.3522105191883,307.25960341372064,1603.12752978231,26.47693387854838,50,0,None
304.36628852401196,313.9563052784179,1554.8170171191475,31.669828152932787,45,0,None
297.49917109113375,307.2135934894848,1062.1004001132983,43.28328852672703,138,0,None
299.534427106243,310.2353123778663,1531.8047838272985,28.3374538880104,191,0,None
301.72662728559374,311.57321945113176,1242.3255730783599,43.7656981153815,185,0,None
300.4958807298032,309.9071731449994,1366.7129018351618,43.22334715460909,200,0,None
299.3039269609563,310.55539551350944,1882.05585274101,52.6726915032722,110,0,None
300.73644440455803,311.4162693301275,1639.4951025555674,21.037650734761723,9,0,None
303.26096292094553,312.9467056529638,1591.6173775071077,46.67315069432805,111,0,None
298.8442565542128,307.53054880914914,1691.494316829166,56.38451271579913,119,0,None
296.11185576040117,306.53814313180726,1396.6477924798987,32.83307058493958,153,0,None
296.6970109653551,307.31267047345506,1651.8704046850607,44.403891934025836,230,0,None
297.2972030509761,309.65364079374143,1648.600191779899,53.11881614645063,238,0,None
297.33467244607107,308.1000193999994,1514.517776077224,37.3690220641064,116,0,None
300.48167130361776,308.58514203702106,1423.036465530255,28.477096439089163,222,0,None
297.60878081576084,308.0309560162944,1442.3488164629066,36.935415411267684,197,0,None
298.3212752312273,308.1282343104277,1744.5984010986322,36.34299855805685,50,0,None
299.0756625104129,309.117541206698,1500.7550943787762,32.378855213276445,106,0,None
304.4497232381527,313.29181037837134,1472.4906798247937,33.88737344425691,232,0,None
302.01629490636606,312.6973411384474,1532.9572774634664,52.93496853415104,238,0,None
302.9509679910497,313.64321382668527,1714.4264622016033,40.79124404992946,216,0,None
298.72879926973184,308.8676328350611,1324.3182015709995,49.03325556372968,208,0,None
298.2418951035987,309.6137732770572,1385.9201514288002,18.115918116490608,251,0,None
300.16001686149804,310.7023347822532,1470.945817438933,27.786109696070145,108,0,None
299.9458967573125,309.8525361627448,1587.8116464750988,39.04618700512987,230,0,None
300.00396102637654,311.6643777163478,1735.4407386112243,32.36518582329528,186,0,None
303.34951646507005,313.18769276119355,1526.6926665114063,24.988578356142515,185,0,None
298.3211719790599,308.34590274660445,1793.3162778029478,29.867626948861936,4,0,None
303.4936573858957,312.7972475837131,1612.728256073631,36.78454618740655,189,0,None
298.04406371361864,308.23198913825263,1560.5152611006617,62.15305816270431,117,0,None
300.20251820209296,310.06365769294223,1653.7494121005764,42.9641960212336,221,1,Heat Dissipation Failure
299.1240236170393,310.3095422443003,1425.4374358525783,52.65146738834248,72,0,None
299.59536358800483,309.14155695557156,1608.6594875264586,34.10777473289578,245,0,None
297.7871184801269,308.1580804402968,1449.2514610943904,50.96831731652976,245,0,None
301.8833100147038,311.9560607663724,1682.9886949815882,44.35843998966534,16,0,None
302.06108452269996,312.56642484627974,1570.3072194209246,27.514076086052526,236,0,None
298.201576761456,306.2444674678444,1532.397697979229,38.843167143347394,75,0,None
296.624725196901,307.72810388092586,1531.1947073114366,24.826324692088164,68,0,None
297.36416060781886,306.41560834913906,1837.0068716033288,32.67378204870863,224,0,None
300.07213531239097,312.5272529381917,1336.2457677031964,23.68074943319817,126,0,None
301.14205019809026,310.3870733086413,1732.7355098333223,38.286028657155256,186,0,None
300.79134249247534,310.7243184178604,1321.3049692594864,27.473192348691178,74,0,None
298.73303369889305,308.51590168469806,1613.7715908059572,46.30936539681172,248,0,None
299.92775907435856,308.84256423795495,1435.0112578858234,38.10500192726058,139,0,None
300.556448646112,307.86469439226306,1510.2773524254437,35.02461517738891,233,0,None
299.5773365800553,309.0142199293839,1589.146653368306,34.37593373182672,206,0,None
299.8068540888045,310.8365169654019,1250.4897570721844,43.58847510052419,30,0,None
298.84755848850125,308.5097425308101,1495.2215087472991,35.42810815005992,88,0,None
300.0250682043971,311.2530213403695,1357.4294861858702,38.285348190319105,254,0,None
300.41522938807014,312.47841665714657,1532.2835978338069,30.799049301431666,108,0,None
302.07770349542517,312.70645039526045,1832.407223856899,54.903357761193945,92,0,None
299.0212486908102,311.38762319889946,1541.8423872708267,25.278079378226884,119,1,Random Failure
296.6847679259972,307.55530200326615,1402.6614352489173,47.74770095135132,204,0,None
298.87535364100546,307.36051603611537,1511.7187765507535,31.23651467060937,171,0,None
300.2186777054643,308.1427481901208,1795.8321139915033,49.116391510966,126,0,None
301.0004952399799,310.5439419016911,1759.0803207825882,38.49658681982425,211,0,None
300.8258221282702,311.95172212417043,1573.7613813943672,28.004111292372073,250,0,None
297.98014410137097,307.6668462980928,1414.7756805552256,30.244817384812077,57,0,None
304.8928024103535,314.65682551148836,1498.171045449887,32.323137805985866,174,0,None
297.0548974596689,307.55661317209876,1345.0494132606282,41.974549071831404,125,1,Tool Wear Failure
301.6433859007372,312.39782210041056,1394.025827078635,33.02308701466011,118,0,None
298.4671542412678,308.50740211131654,1815.8219695243524,61.50120198826984,231,0,None
296.94835672700117,306.36469721086183,1473.4144757910167,30.64703708973599,230,0,None
296.3404330688222,305.98402354093685,1681.7910655054443,42.85156454852979,224,0,None
302.90710682865347,311.65204770471206,1675.7866117389517,42.6547873476211,195,1,Power Failure
298.7456635241112,309.7810067557801,1324.1883091581876,47.551084592457116,160,0,None
298.46466985251817,306.27139683965487,1675.11959651163,48.35680217166133,191,0,None
297.3925586903399,308.5953472644372,1768.426462518256,32.945508316068896,242,0,None
300.0001297583872,309.02046256350485,1427.0714757980209,28.25781806913664,185,0,None
298.34327755934146,307.5977100977693,1467.0328995034865,38.2396144690551,23,0,None
301.0477126551846,310.91425839971134,1443.052643601106,30.39284473252662,210,0,None
298.76006802513683,307.57446493165656,1355.5354795785254,33.67653207220916,49,0,None
298.6690441534814,308.7214580955512,1524.6372152811098,53.585093012111344,26,0,None
301.1483833520023,311.81412543895885,1458.987589521366,41.49980918995459,97,0,None
298.5708981852918,308.20268934455686,1710.2885311003342,42.4870659226555,43,0,None
300.3747685949057,309.0038391727241,1682.7091584302802,32.872646376768614,19,0,None
301.76476211907345,311.5183208378827,1296.089352476754,41.45388599353335,82,0,None
302.599992410172,312.1707444860352,1702.7995688467604,38.66748008801359,195,0,None
299.73854332626854,308.5028818594389,1367.9212782568823,53.300753629035775,71,0,None
299.3536360048133,307.37338594458686,1681.4768121777045,42.03296858186926,122,1,Random Failure
300.0350734168014,310.84343215640706,1742.7141268070354,36.488389177409125,178,0,None
302.86211771114745,314.86664697268895,1627.440816529018,26.64683336522542,214,1,Random Failure
299.07066009705574,309.2007632810597,1517.192368019046,40.98451556564781,55,0,None
301.1570299880872,311.71088329975936,1391.9919125689898,29.479113472997632,128,0,None
298.34737133922556,306.6456001766771,1579.1441566710787,62.66829130311115,0,0,None
302.63118694195975,311.35067854786564,1657.5753302451049,46.36803163626893,15,0,None
303.6982361962365,313.3058113979363,1546.329510142329,49.300525184186995,41,0,None
303.14329814014076,313.4081451374605,1457.1222025747913,41.768743862831066,192,0,None
300.17023313468115,309.6887639957718,1465.9992019914316,41.26683292507522,55,0,None
302.4349991260578,312.1805234139143,1545.4591494678677,37.75783905446166,227,0,None
299.3114414838231,308.73437161010975,1430.8269316148114,37.24127476525012,199,0,None
300.1870972062737,310.2153549928773,1513.6112429243021,41.149937232275455,117,0,None
304.07445415885974,314.96148823093233,1282.6519556828314,39.26708116533836,212,1,Random Failure
302.01832606634696,310.247378966395,1250.0123915386382,41.639905067632284,65,0,None
302.1015254007514,312.47599127511,1639.8396672655094,51.36033790599438,90,1,Overstrain Failure
298.9803956254354,308.6802786011092,1611.7300492919167,35.826767105542174,226,0,None
299.0367631712868,308.9907570403837,1517.4870113165548,43.46540062122168,111,0,None
296.67516752765306,306.92060356156287,1605.0013417206126,36.953903520468934,229,0,None
302.5714369431857,311.7738130034004,1716.5552934472626,30.937288002774828,204,1,Overstrain Failure
300.23286559415493,310.419050167747,1363.55005890443,51.37618426856926,191,0,None
301.4841624548383,312.80329648108113,1607.2820098453396,27.9951548994973,186,0,None
300.33721328087137,310.38853856808265,1525.272465884961,37.296855470449984,158,1,Random Failure
298.24730525019913,307.93719677897633,1495.9460308130933,44.43107639730802,126,0,None
297.48995866964356,305.7007186381401,1866.746580241274,31.939574730009774,107,0,None
299.5137775352103,308.2464210996081,1497.7730464335968,50.945770718057375,223,0,None
297.89592792195714,307.61758043873283,1564.3864556620817,41.58659843087225,176,0,None
300.49644990018294,310.993676356796,1503.9718762381533,40.90401057929415,87,0,None
298.65881623678456,308.69932036441895,1760.091694928077,38.46043634407166,90,0,None
293.8153710964971,305.20484211572034,1548.0597645757323,39.25190891479787,62,0,None
302.48294606154025,312.2985898634202,2112.1752638662306,50.47342835612203,233,0,None
298.7154122569748,307.18455444979145,1622.2804187369745,57.28282672845825,214,0,None
302.17102906450964,310.63788727269696,1580.5642679437506,35.68004341196378,106,0,None
298.09562396926447,308.358881150611,1328.7117223603868,45.63502050754124,241,0,None
298.19913461454655,308.0903392863622,1294.5714886404105,44.23576682668568,252,0,None
299.6714406316574,308.77777592052354,1780.7361934832668,46.76070683179527,148,0,None
300.414517564625,309.83624030404746,1626.7018724592872,53.75185383278446,179,0,None
300.05004797604005,310.15064460843166,1671.5130605030695,32.58372429625027,73,0,None
300.0090900518895,308.69125108756253,1123.5079673706318,36.415316555918444,101,0,None
300.28015027619404,310.6821854562023,1531.3381845784281,36.46017735827783,204,0,None
298.5469683719357,308.0806007688019,1417.3700771491783,27.502216062753963,243,1,Power Failure
302.84728758234826,312.97703356328424,1265.7831979152463,46.54550038780414,110,0,None
296.9625560839697,306.6768656351708,1638.2808249454083,25.004818971136725,122,0,None
298.53014520025897,306.52809937605457,1471.1110720682452,44.84608150000948,10,0,None
302.66381184350195,314.1425950559424,1154.517221439136,31.324779612081507,89,0,None
301.02507890600015,310.74526495096575,1925.9847597427415,40.952204872817994,106,0,None
300.82775646090516,310.8975226069997,1485.507144147678,60.67807308916538,220,0,None
300.85284475322896,310.18054686768755,1380.2497013709767,35.02692752632821,258,0,None
299.56702188292,310.46569835750506,1704.2205444167903,48.8916424605302,241,0,None
298.4659001198306,309.6679125287974,1813.2384301376483,37.57831769274769,220,0,None
301.1432846019289,313.10110241826555,1117.4984196060873,33.302637995779904,135,0,None
301.101880268264,311.51577983649565,1387.1034402774658,40.138282655258635,124,0,None
301.8097499459619,312.3044022221906,1387.5953968625238,42.71703114443392,99,0,None
297.19858814451646,306.71401421157384,1478.7154984457552,32.93326072757641,146,1,Overstrain Failure
296.6080458763622,305.3555110184195,1473.3759012029843,40.13759285539086,1,0,None
297.09611178634,308.64941241457825,1762.1194849307867,52.546744980260165,165,0,None
298.1265675412533,306.3798814726823,1590.905723916256,40.40971379076362,6,0,None
302.58217813986323,311.7166393258566,1219.5965021819966,55.32127608895699,45,0,None
298.11371167094444,308.6392101882137,1213.3198944993521,46.46549558139098,183,0,None
296.93543383736005,307.5455967097501,1410.807896085,22.714945733794664,214,0,None
299.27497409814026,308.4819139279855,1738.2720257958201,58.580813956203755,254,0,None
300.98806976145056,312.4678014755704,1621.3734473547315,45.429267848262974,31,0,None
304.5111604158754,312.8565975187886,1378.2492508877924,54.703902409994704,251,0,None
300.3424902724054,308.014101494472,1525.2735705146733,48.91399579767335,140,0,None
300.8942062705146,311.14879303995775,1810.467648877955,37.744136308211466,198,0,None
299.8551661312588,308.8096798399001,1451.8264492012615,31.99944009178728,250,0,None
300.65526510216625,312.75876612381944,1546.4110926557948,15.052741698774852,143,0,None
300.04308903676724,311.27496075360267,1626.5333923574206,16.89533731912092,126,0,None
301.66984890669244,312.0772486338663,1590.1286885718919,31.22385868041555,120,0,None
300.246728992828,311.42398346242516,1532.6687236731077,31.494223389540025,56,0,None
300.17671317192094,310.44644916126305,1596.9905786014542,47.52969073264249,204,0,None
302.6272469955637,313.42289749782003,1527.1371507869187,44.945791047201425,51,0,None
301.63187297100285,312.28806057777797,1688.7580520009894,42.592244577590385,113,0,None
299.2552457046716,309.9282585416879,1566.0805038097706,26.291164201023754,9,0,None
301.0184068422197,308.128124736262,1379.8546297796017,27.274710914663622,144,0,None
300.5426154292237,309.85386012624895,1166.5079045612597,27.42330537207049,108,0,None
297.3379973146214,307.52936852549544,1492.043652207555,35.39883693531239,126,0,None
299.0977710381813,308.716144800553,1763.3569952347048,40.625844088037404,115,0,None
301.4874801273347,311.81404279881843,1285.416705935229,36.78524326459835,211,0,None
300.6608565692142,310.41897698669834,1607.8622076140505,53.071356897397244,162,1,Power Failure
300.42504974036734,312.08325290568223,1271.205900793757,48.76329324506036,77,0,None
302.41583400705304,309.8854832759488,1324.124009522104,48.07053586029816,56,0,None
302.9471314006601,312.9110986365187,1673.5857481704015,17.363228555098384,19,0,None
298.80912991270964,309.675612069248,1300.9010963326282,35.760567120765806,19,0,None
299.21521802278664,310.03235005840367,1726.939360511747,37.81488391725428,55,0,None
300.57840981388625,309.8427335170671,1617.403787875174,54.28742450441711,85,1,Random Failure
296.53633728432584,306.14714489461414,1449.5195489400473,54.22710318765694,176,0,None
300.1873892846725,310.31346443962804,1351.8260198749556,38.54330713861743,34,0,None
299.3994733917766,309.77265558214583,1605.3492890202367,52.230659822570296,88,0,None
298.5593036851756,309.51690868028004,1294.7426559393023,30.232916328776184,241,1,Overstrain Failure
299.16006074985,309.1428779742922,1262.931578017128,38.028471998303836,1,0,None
301.1128148699306,312.28602229912707,1488.6463248546277,52.53797089785209,8,0,None
299.6159328707951,309.84838472662517,1352.348341120612,32.721746892573734,117,0,None
297.1072947472815,305.80413857071443,1627.6283864191541,42.12142264849173,154,0,None
299.17423569454553,308.7269884408799,1228.6402712214172,28.55287437138942,213,0,None
301.09991706494685,311.04596279639617,1848.574266670164,36.884257426545474,229,0,None
298.7515279558324,308.49187414955117,1749.1589721970718,54.58799305189157,159,0,None
300.2962621543998,309.69949254711184,1555.3118938339594,38.360448859970205,83,0,None
297.75845185473685,306.2982968223695,1576.8137848161016,35.71536105393322,205,0,None
296.8282263131246,306.38115062443876,1494.993027510856,41.89619892598851,84,0,None
299.5699852921854,310.2267651508315,1177.0257143161243,21.524158493267436,173,0,None
300.96542877186374,309.80090653625956,1773.3434332475078,36.91092402723918,57,0,None
299.73178902228284,308.5789345852976,1339.0866735086825,21.756795962828786,208,0,None
299.89650168434423,311.06222920834773,1745.3728868397475,8.639306373759041,98,0,None
301.88059611107934,311.1294635189009,1299.1524983288,52.713512068064595,172,0,None
299.5886307338754,308.7274144419179,1552.0611334316648,35.427044643015904,70,0,None
302.71342277743906,313.4760651164603,1286.2475458737258,43.72455187680212,11,0,None
301.60438755891363,311.50905541953813,1177.5028847134645,24.060363461123856,232,0,None
301.74423644594526,310.47923661072093,1609.5573469778842,40.667531562173245,84,0,None
299.8237018687854,309.70786558488135,1689.0360701390723,27.530225109578566,44,0,None
295.77763140575166,305.827326606067,1560.3091844983537,43.105920447922074,75,0,None
302.13621296911333,311.30899561556373,1444.1092643832576,39.06104310137685,106,0,None
300.4281086229553,311.3188889463506,1628.6150152391656,52.93533756456128,85,0,None
300.67984379417965,311.0346115856526,1547.0020069926,45.18546306961353,143,1,Random Failure
302.0377561677406,311.59612621184743,1813.7354871078765,45.58733044518106,144,0,None
300.5269884977223,309.03746178969453,1603.010207832851,44.469318553580905,75,0,None
298.0231831605795,308.53707220398354,1895.824741254539,44.76588214895522,133,0,None
301.71363171465765,310.496939029385,1311.9799582959502,27.09168014834733,96,0,None
301.92387690634024,313.2861718877218,1480.5594353079641,42.09915860730036,119,0,None
299.9868792327748,309.516511000875,1276.2503847547712,38.326732660431496,30,0,None
301.26957331728215,311.6637194744223,1412.4851828208841,55.59547086959182,177,0,None
302.1541860382766,312.2028724419156,1605.8435245500073,44.76506305837108,104,0,None
301.59577867714006,310.70754159135635,1506.0014703471659,51.14334263036972,87,0,None
303.0545792183112,312.6179613582848,1525.0271260888767,48.31664872980062,56,0,None
300.57177762513857,312.04749123579825,1641.8463564911194,34.03893214789793,125,0,None
299.7018691937642,310.4819377795903,1390.6674850849452,35.76729076633283,181,0,None
298.2203425638467,310.5004823100905,1632.5719867855964,39.24233913986953,179,0,None
300.30988550919125,310.57832899188793,1699.0581015306682,38.45409655015394,65,0,None
298.5457132595166,307.7797077193518,1727.3577068255024,45.4463065204477,253,0,None
298.0112157078275,307.9177537744858,1471.4417661763953,53.53485964939541,133,0,None
299.66102079067866,310.2138436503495,1557.5522932873123,29.938408537395482,148,0,None
304.2720257305794,314.71139246080185,1329.40292083732,44.78449586911292,76,0,None
299.20391473052064,309.7312617524941,1254.6670456426268,45.026884325895395,226,0,None
300.0420241716165,310.5743242170943,1679.493611165957,43.57044795553191,98,0,None
301.24875643657305,310.3724905324644,1577.705614047837,49.01738858995418,71,0,None
296.3590469202065,308.8430314302217,976.5060726751051,41.96301276792859,31,0,None
299.53760500884255,309.937153932937,1203.268559620627,57.62197621505856,10,0,None
295.89329272248045,307.54640429401434,1370.8883501580133,56.357083159623734,130,0,None
300.774701909737,311.35435619052475,1696.8129327086222,34.980781688147005,114,0,None
299.8583388232539,310.30381048882873,1484.0189150162344,39.91178519532427,104,0,None
299.42699692616543,310.5597995887265,1485.9035011229723,33.38763225326779,223,0,None
302.9388167947087,312.89374710203833,1452.1492181092124,40.09330086277046,23,0,None
300.88574875366237,311.0810569354073,1453.5315780980768,56.874960580053006,192,0,None
300.8490273999034,309.10494682030014,1687.64759677158,19.274055579139922,180,0,None
300.6575103152008,310.42002267005444,1289.8689977846318,57.939226691227944,126,0,None
301.69474254312803,310.6688964343444,1421.6635086785227,41.333241169260205,248,0,None
298.77963370582523,309.1731354646622,1232.654408783922,31.572047162856848,66,0,None
299.24615119658444,307.86395014768095,1541.6477602567797,29.7285110585674,154,0,None
300.93740622681105,309.56955821298925,1263.8862772571185,18.689408946817927,257,0,None
299.4212565047901,309.9252806635889,1520.5778224754195,47.43489835897219,32,0,None
303.4065170561833,311.8279244846191,1813.4472503769705,26.990703560712586,10,0,None
300.1463837338959,311.9162803993979,1938.7794633773938,46.38750122439064,26,0,None
298.42789074724686,308.79371523331145,1372.4691415034088,39.30188011797987,33,0,None
300.75878290096335,308.25766879402676,1638.6123245667254,40.63823121638282,246,0,None
296.94923194110766,308.0924412509029,1411.3758271795737,47.599310100013284,214,0,None
300.30896585218244,309.33795181995055,1333.4739929499358,29.71821241376339,228,0,None
302.3792514698239,311.9587694716285,1690.6112471641716,59.09894145016388,109,0,None
298.15265226504016,306.54260301693165,1469.5559331520483,32.81436603805665,60,0,None
302.6384300699396,311.8302685280465,1907.1366511709093,50.08584278928657,155,0,None
301.90283137235497,311.3429899503492,1684.6413248007195,56.853025838085294,251,0,None
301.227434830435,309.95231837361473,1377.1285797261028,38.229823732501785,254,1,Overstrain Failure
300.56040865817147,310.4288760047383,1326.6582364389767,46.36405220344434,183,0,None
300.9725140359557,313.2748862757157,1463.2347110905293,47.00481565788712,65,0,None
297.8552585265327,308.9591864021476,1431.9921398494605,35.59903081871649,64,0,None
300.9348423589992,310.43173000976856,1717.3203242709192,39.13922423895629,23,0,None
298.98358307026206,308.08969372166024,1314.2974572338744,53.701759698146695,49,0,None
299.14378850198807,309.41626904028783,1309.1239796929356,36.29436583288097,41,0,None
302.40327431955757,312.7745032534277,1607.277915380532,43.78903465219245,131,0,None
303.5845634766396,312.9216492663501,1462.071822359783,31.99423825088225,169,0,None
300.3346250848928,310.7851739179733,1181.3237741280966,22.788194811739896,113,0,None
300.11481896441603,309.29303196695184,1924.8227498472702,23.498170870028634,138,0,None
301.3208368950208,310.33908622552804,1382.532804284677,39.7562521244191,133,0,None
299.25802084640924,308.6671046497624,1059.882674714545,47.20796665498268,122,0,None
300.05015404189226,309.7358543087582,1379.5477046831427,37.0104338476857,8,0,None
299.4179372737897,311.3688679426519,1632.4399251548875,24.945999193910204,245,0,None
302.7187554530435,313.1756951036059,1740.2853207529836,36.67988584587586,13,0,None
298.8363961213877,309.39332073426027,1765.958336450819,33.60794472971342,17,0,None
298.9343335604797,310.2368483246158,1547.963466696673,28.64361337154665,180,0,None
301.5008468009801,310.69857057032095,1484.72916332475,31.5376414000933,130,1,Heat Dissipation Failure
301.54181334684813,310.88562218762473,1330.6369216666428,41.17103073014297,158,0,None
294.6717224533311,307.07876146745303,1464.8504286159466,66.9002948367153,147,0,None
301.1169151583615,311.72578229080887,1047.5406190801546,36.90127196644538,64,0,None
302.68978000323955,313.76747332160136,1551.8064211924507,49.27722246963973,164,0,None
305.88727154188894,314.6319841691287,1592.4040022068716,30.92747405085769,148,0,None
300.7142831358082,310.70640447667046,1509.3887571806442,52.95945601535723,241,0,None
296.75018527942564,306.23708443997003,1286.397929650936,38.07379666480601,237,1,Overstrain Failure
300.1169381571464,311.0835012002532,1736.3809503036819,34.125781372657315,162,0,None
302.9920006452054,312.4342800065837,1460.0987297703841,25.50124868479599,53,0,None
296.8743184133687,307.192368454929,1378.2885683196678,33.875499489363165,107,0,None
299.6210685278243,311.54400956549745,1913.9343390610811,47.08530712621448,32,0,None
301.20068514643185,311.9259593329259,1754.6448703137817,20.533572126383927,123,0,None
298.39750442455767,309.2458715435497,1584.4436116528275,42.201194631881854,175,0,None
296.6177996178423,307.16784191463125,1397.5862003884645,49.39593876857881,201,0,None
300.95704649476403,310.9973696417379,1502.3629552281625,38.64158176569235,12,0,None
302.2745197567428,311.58807329635795,1520.6793283508744,32.016726539084296,147,0,None
298.37673102972735,307.52401603602976,1406.291775406099,34.98782701121337,233,0,None
297.84298929276764,306.60984251614855,1995.1631092367004,30.735290136998124,131,0,None
298.6896244490116,307.9340430122826,1421.6057905628656,46.205490383365216,213,0,None
299.73223933199614,309.2086448126171,1435.3245679322335,24.388352706182538,46,0,None
300.80180723066627,310.9095354620144,1592.5575314949633,26.746913196692624,13,0,None
296.635794549753,306.68574809863253,1667.0795501664963,31.69041909872423,84,0,None
301.6485664367474,311.3132166269505,1498.751805560455,31.364042861746213,185,0,None
297.5861277039456,307.6522117927979,1475.1556085052061,49.46983165914961,9,0,None
300.8412732594738,310.9171602148273,1745.18229299156,51.30674657358426,240,1,Random Failure
300.853722485017,309.99565413103346,1658.4415977063911,42.81268710669155,88,0,None
296.8750805479632,307.6847566480232,1857.4326821615732,33.89850323131479,217,0,None
296.585227146158,305.6433791497541,1410.8047855506607,24.13457402445128,255,0,None
299.991833368104,311.2245151879854,1618.3502382252552,38.172955220222164,165,0,None
298.0672801114472,307.8690746668331,1444.9161464025633,40.129444748965156,33,0,None
302.1201262051394,312.4756866872518,1539.2693546812498,33.286448336304254,165,0,None
298.5349005040211,308.943734210918,1599.7412519150328,46.10307952907817,206,0,None
300.0313860636764,311.5420617219243,1500.3340922629327,17.317373204508286,114,0,None
296.61523963987776,306.43175159655266,1400.6262162723726,26.32031792712948,176,0,None
302.56088074224164,311.82037244773136,1423.5303128798153,35.87960437999933,208,0,None
301.4640537460998,310.90775138396384,1523.2114254206301,44.078141546304096,1,0,None
298.54082323789,308.3929266810048,1391.2221303202268,31.016626605928096,58,0,None
300.5656653243738,310.7836199397839,1494.5543418608077,50.8619865203528,154,0,None
297.9236343403956,308.093666521477,1470.8765003482345,46.22824834053859,211,0,None
299.5001478563431,310.14775676132336,1497.9320434984363,47.15543301591043,28,0,None
296.9974840368038,306.5058470876902,1285.0798706159371,66.23073415302464,220,0,None
298.8774417954953,308.3477439504284,1542.028509660596,58.74735423926211,136,0,None
300.7981058154951,309.7854404558527,1747.4204071893948,60.37783329233521,155,0,None
298.8918540531843,308.69830560940346,1286.3261340739377,27.782442189259523,71,0,None
298.4586731487532,306.54242805382916,1365.720975153915,36.23877801505041,240,0,None
302.1821965106688,312.61548199000424,1376.4850531491654,47.37298377798544,94,0,None
298.12413838283567,307.9052510969976,1455.7566175109657,29.006216127489168,226,0,None
298.7959528158748,308.1421167244544,1569.1267817407834,53.002636907688526,174,0,None
299.9544613310167,309.8996110185499,1207.6045821827386,48.210067088658484,226,0,None
300.53147823687874,310.1421283379371,1253.180006776192,51.600021832739,61,0,None
297.3250804615222,307.1289138560416,1361.719097156376,25.33498704508171,136,0,None
300.73895364253525,311.8788510244196,1642.116723450894,33.62923228294709,201,0,None
300.131166968882,310.1814074070398,1637.9433348659484,40.35350885530766,235,0,None
298.5299393133468,307.14220721081404,1526.7161308274883,24.067688577084752,75,0,None
300.67941167058126,310.42076151142,1261.0010943596226,53.30579613906206,150,0,None
299.74635088762676,310.8986118849227,1459.0792440590574,29.388472767765556,209,0,None
300.92401387037495,309.37746671455005,1195.3091006507789,39.01629438954373,41,0,None
299.570931422373,308.7336086109882,1432.9571171046314,40.63187806201026,55,0,None
301.4085267853049,311.01091647596945,1228.1409984025995,28.20030956869369,152,0,None
301.17485268552747,310.5245227686472,1748.2638326527974,49.012412379910735,48,0,None
297.65773378207507,308.293460375961,1589.450866345969,42.02903356142191,109,0,None
301.0656464326775,309.8654295335423,1235.2769531467086,36.82141795431495,0,0,None
299.6966906028098,310.0379692078215,1346.227907833441,41.92191613576294,61,0,None
296.7335398143426,307.55809471100997,1465.2766372736116,42.832101420528296,246,0,None
298.6802727896613,309.6732035222584,1377.6214450645348,24.488328522575127,200,0,None
297.9387309199887,307.37971685244145,1552.7538025800502,44.436691949960576,180,0,None
298.6373595309163,308.0044527902892,1417.7696473257802,46.513235834870294,142,0,None
297.403630751506,309.43860071202243,1595.4924574320753,43.60434279047371,109,0,None
301.9836842483976,312.996354425118,1274.6996336031054,43.923173944259325,235,0,None
298.356022947773,309.49499166965285,1608.0802178651875,31.264818243724584,76,0,None
297.5309373544693,307.79741202308355,1235.2084506071317,40.67173922057658,214,1,Random Failure
297.90158082148395,307.91096856386406,1575.2615206245657,33.045473492348144,109,0,None
300.48071661225816,309.85802723858694,1670.3692593843743,32.515203654930225,119,0,None
297.96390717524474,309.49996933920863,1542.9497321047381,33.47990182863287,24,0,None
297.2811485091862,306.381498029143,1393.7511013969317,44.71330001066526,241,0,None
303.83488452109816,315.19524827533974,1551.1174435042146,39.603206227749126,189,0,None
300.25627027392824,310.6814744756764,1357.882558061258,35.69902442752122,34,0,None
298.2563787978111,308.92295566375225,1805.0677155292256,23.843891830868735,113,0,None
300.2900554258512,309.9860599068217,1604.8156843115098,48.271975795744765,132,0,None
296.6990011962206,307.1560194470131,1318.2507733918012,50.39024603005362,145,0,None
301.07317447568903,311.0514901713944,1101.918096100911,68.99198537309731,64,0,None
299.4555046544843,309.9067570504958,1548.9767635344547,40.83293680726858,62,0,None
300.4150958395554,309.72022348538513,1644.7901462687607,44.47895843162991,10,0,None
298.0016689455343,308.21389128414324,1184.9537525027713,56.60290867260026,163,0,None
299.44542169372016,307.78801854433925,1850.2998016945778,41.81595122865455,76,0,None
300.26719662989825,308.877152630157,1565.188189227118,44.424700689137886,175,0,None
297.86006148532084,306.22758635506625,1679.9595427161444,40.48471330914374,158,0,None
302.2870517689083,312.6323227412653,1585.1623624276579,50.35471619973249,167,0,None
300.0689046735271,310.15209952185825,1041.6127871651906,38.945979505237496,98,0,None
301.1786222608042,311.91857037500574,1756.6792249535888,31.27148988369566,195,0,None
298.1406048917025,308.65781036611844,1441.1090020955028,23.99916378813081,143,0,None
302.03046769443944,312.7041472227621,1709.4330577045407,36.01579908893306,69,0,None
300.3734082676212,312.91684290443806,1266.0122883613171,29.13843785443537,124,0,None
299.6073193688522,307.76959407218186,1464.6612129205264,43.29811888839901,248,0,None
299.0610256684728,309.1678033065647,1666.8495179849901,45.45897496182886,0,0,None
301.502719717996,311.12412558477365,1621.4905285300492,29.917731271369885,159,0,None
298.7655314176043,310.4403874988304,1512.3492592261239,45.448998958080836,91,0,None
298.2702960562777,308.62459347293213,1508.4451606966795,29.079063155987782,75,0,None
300.07269263222355,308.868012313471,1447.3499092018897,42.58435221800904,102,0,None
298.1171196979046,309.1577929371321,1491.4020404306232,34.65974623703377,110,0,None
303.07199773281724,313.18923224368496,1275.00570874504,37.5982868754072,67,0,None
301.4362122736461,311.6922953016474,1558.76549654833,36.33555570025491,20,0,None
296.78135047551956,306.21175405760624,1482.6418301165863,40.287566696580406,106,0,None
300.3359361367664,310.89488231460575,1601.728499469936,34.09062043050024,145,0,None
298.8772024811725,307.58697095154525,1520.7401631264377,41.54864756566819,52,0,None
301.2131092625366,310.2305207295761,1295.8335441138015,29.950584544362044,200,0,None
299.3182471331161,310.30999246578443,1539.1908897189983,36.683431342871565,123,0,None
300.3752152073053,309.2487732744874,1869.8146984338848,23.942601061575964,240,0,None
300.69762730357166,311.3861783375633,1725.3963355273222,36.943062358096654,49,0,None
299.493602112316,309.95540321939495,1382.7007524996038,34.21523339486435,145,0,None
302.9764370056981,312.65990092756743,1509.5058469600299,56.884949095200895,82,0,None
303.43467923655663,314.73836243925825,1444.9396910417981,46.20294069310826,134,0,None
297.2484375554469,307.6663260018392,1548.9642877030863,37.236853838429596,103,0,None
300.10138375717605,310.6873603346892,1216.8539876881132,38.24366029600912,82,0,None
300.06698339404744,310.86294015742317,1390.2311299817115,40.564347233696246,84,0,None
297.88263339477976,307.25565496292086,1382.78328136823,69.87373504742689,225,0,None
299.8785577103987,310.4369770030758,1002.5218884548585,45.47610558000408,226,1,Power Failure
299.2556001129003,309.28551593531466,1684.3289764128804,34.67678914269449,12,0,None
298.34000436799806,308.68191397720574,1597.397667576764,48.07029168789586,17,0,None
301.34443192995604,311.78684821957484,1885.2351548699173,44.07630440944267,217,0,None
298.53068603908116,307.7501445808306,1719.8477278910048,36.47561016780507,60,0,None
300.0345148818459,309.53893199162684,1570.8561587265772,30.577495844175182,166,0,None
302.0869875975141,313.63493459023766,1294.084171391771,34.32715918782433,222,0,None
297.9402985962106,306.986116359359,1594.080634204442,38.97010115618238,197,0,None
296.7721533695384,306.6166829933211,1754.5554195989544,53.147268574433426,51,0,None
300.4598262498722,309.72860827096997,1422.8910897171475,28.657861410384474,89,0,None
301.1592466773741,312.13926981046933,1492.3085912998324,21.63207175633898,105,0,None
303.28530470780817,314.960851622337,1599.1406911480656,50.727751830813844,239,0,None
301.1156714912979,310.2275641070849,1424.5940492828695,28.294484091392665,126,0,None
296.58214051728885,307.23157526722946,1449.3125525617459,43.36321904509367,45,0,None
301.89050230885533,314.0145739748663,1442.0811725470971,40.040723762880944,131,0,None
302.1890363508517,313.60588988464895,1424.5162008053355,46.89116813442731,224,0,None
298.16968851682606,309.3492946244971,1774.2865548382488,18.682706599922298,194,0,None
297.609472789398,308.2196992084113,1232.812101031812,45.41259722766212,155,0,None
300.75680177180635,311.0145676945571,1691.3187690498444,36.594464636666736,221,0,None
299.77481527702986,310.1438651025673,1733.143759954843,48.535522097298376,167,0,None
304.10330391607823,313.83475069491857,1579.7985930132493,38.30005496377575,12,0,None
298.6519213470619,307.46956960342555,1284.8487350103849,43.82977161926448,232,0,None
299.78153538135575,310.6541384861899,1412.3570217557017,36.65177625414869,20,0,None
297.12149569253165,305.69057263569573,1458.6537432821515,31.764367747475518,135,0,None
302.5962561435991,312.8376202972478,1655.3051186848577,29.48183981906347,66,0,None
299.28393895930407,309.2147085626634,1247.3335054597692,31.64269253449278,100,0,None
296.4659375643552,307.6943775254988,1422.4797331999223,28.86633198924352,216,0,None
299.05917160735595,308.82858968799115,1385.1332836508946,45.1831231363067,67,0,None
300.8107968308815,311.399613134501,1638.1428740757804,44.65708428578192,238,0,None
300.2869611063306,309.33758694346045,1609.5785947773115,52.774511090191695,87,0,None
298.59220025774886,306.8813801611617,1741.751796763856,33.0694127142953,252,0,None
300.3986546307295,309.83260090227617,1548.0841740111482,30.72778087804985,5,0,None
298.0253716631546,307.17483964537416,1362.572543911294,55.975545128342794,197,1,Heat Dissipation Failure
297.0780709227948,308.55590997963543,1222.5804790061695,42.97394459595051,34,0,None
298.00107143361583,307.4222981051963,1709.038298888967,40.87258763003196,101,0,None
300.2809375160592,309.41296879666385,1594.1137937888598,59.17935678254239,167,0,None
300.7797169663594,310.8094542054467,1508.9486628984896,42.581096147708365,197,0,None
302.2862860357875,313.3677682279369,1169.1041145233557,42.72938211731778,60,0,None
300.4628255650386,310.3491855541925,1320.7756931432655,53.409717124460535,182,0,None
296.8345830635657,307.17573734088427,1565.6368339127314,32.75163267792605,247,0,None
298.07258988710737,306.94451317292146,1846.652448975833,50.21374712035069,56,0,None
297.9583426518467,307.89341767230167,1440.5407706379358,46.95424871453921,74,0,None
299.05574930597186,308.68673892652293,1337.3378373512212,36.842644933413546,216,0,None
296.55595160977606,307.92319392001684,1492.798845688571,28.110162728956574,30,0,None
302.28624803514754,312.0404285861877,1546.4786587241722,19.834369784357932,226,0,None
301.01932369839903,310.38821962383975,1482.5394735176803,40.650702890755404,152,0,None
303.05151656185404,311.7725166330082,1387.2570799930286,64.969895637419,50,0,None
301.07273252183643,311.0828487541937,1306.2716503965148,32.56488725519725,154,0,None
302.32575471522847,311.82630080656105,1768.4857578155852,43.12702375812355,102,0,None
301.25105828593667,313.5873221887922,1408.4463358954522,48.65273124921235,240,0,None
300.5715335052097,309.6908152064288,1405.0952903443902,34.362178768444586,244,0,None
301.6165550407007,312.55289810876343,1583.7492407420018,42.24386520954948,181,0,None
299.1125330004347,309.8025052349641,1479.9779545625097,37.68442870247355,232,0,None
298.9153447892239,310.1834767464072,1355.151491144301,54.877409493492344,113,0,None
302.3081858525119,312.81524086385826,1684.1346262272818,44.73610911380458,135,0,None
302.81317649679823,312.6169473932506,1678.8439369280736,42.59462408039775,107,0,None
299.69572764892825,309.49578641500483,1576.3981073974996,42.952971988634864,39,0,None
300.3948982142696,308.55258305657753,1475.3788073029198,39.89260115141869,88,0,None
300.87418278099835,310.437205741845,1595.9812470516808,36.72961491480654,98,0,None
299.24144653791285,309.4727692109171,1563.8238105262305,47.88712964337997,112,0,None
295.25193610160994,306.85570669787154,1545.2109725361477,51.33275675027743,227,0,None
297.5893731739382,306.7767471644922,1821.775730727197,21.624396044618543,117,0,None
301.4873576013494,312.6474122095552,1832.8173670376646,40.57717012407804,175,0,None
301.1272759424333,311.1254191508059,1511.2365196726196,44.25366020245805,110,0,None
298.4204277611725,309.6506138357949,1537.3174961025159,30.9749648094828,150,0,None
296.0869123674828,305.7132555214311,1688.9702662406107,41.91559297264252,105,0,None
300.9612817373229,312.15500876533747,1441.0997016158183,29.52130626889352,185,0,None
300.7841520683269,310.26530226407,1414.2730629961047,41.089239347734704,56,0,None
301.45360974377826,312.23388695870733,1557.1594660650292,38.61198083223478,226,0,None
297.52537606992183,309.1317147909037,1578.6533558972144,32.69977063281914,237,0,None
301.9594705693202,311.28453320215306,1708.6414196506944,46.805762873818836,212,0,None
301.2340995370885,311.91756594180293,1289.7398513998412,33.8369212718326,181,0,None
298.3558105022111,309.3956108080816,1542.4376720354255,46.58173261791186,21,0,None
300.2254978587217,310.4986810791233,1605.6662602385452,15.082757731091128,99,0,None
298.3149147569164,307.97633374697193,1804.9523324524896,29.336954696198756,104,0,None
303.03470973344196,314.18475824055383,1597.118457991102,29.969905450046213,153,0,None
299.8414454221132,310.40891292279287,1482.4478605810843,37.209226480803835,119,0,None
300.68096021024377,309.2971804720254,1200.9057950581596,46.762615898322835,248,0,None
301.4271960785191,311.8348712796569,1749.8001154736207,67.98332201401853,63,0,None
303.51540134539204,313.7435727332747,1304.8123396093597,34.07447334274069,217,0,None
298.61123416336727,309.05569012345836,1458.850973263049,52.79939477264774,1,0,None
299.2969479663511,309.31109467215293,1564.0830985297862,39.090354697828026,21,0,None
299.71149996495313,310.0983435837868,1924.6220254885964,47.46579284727464,211,0,None
299.5817063961614,308.4618426491748,1459.763643452432,42.94592354810692,2,0,None
300.00829085059735,309.3444640701792,1646.9062224220306,40.135291851924265,163,0,None
300.927938370373,312.1732761778452,1316.418269597691,30.476307188863004,160,0,None
302.0057237192043,311.1693665179338,1372.1186209413179,36.209534771763764,156,0,None
298.48406115434005,308.08375056367623,1480.7037323832642,48.01858139321379,63,0,None
300.549950823657,311.15099269517674,1360.5805571321207,29.158900709360445,11,0,None
299.42699248165206,309.66133620470936,1319.0615844341046,49.58831066428757,49,0,None
299.22227221522894,309.1220472193491,1442.9689339502684,40.02181852994268,2,0,None
297.576636513102,306.9592838921139,1538.2878475147998,42.19645803399302,74,0,None
301.5062367012898,311.2661520385197,1121.235817682937,36.70205519876867,2,0,None
299.3378976907929,308.7834778141556,1710.249914762751,45.30458983304112,226,0,None
299.8474566751162,308.78646887640696,1548.525680483104,37.30844352412637,239,0,None
299.60056419667177,310.5828284931811,1690.5830095678457,44.583464898795754,249,0,None
297.07445327885495,304.9713300978385,1517.8644513970414,38.2190811062299,86,1,Random Failure
301.7915525995568,314.2517756898413,2010.7432431362113,41.293067490640624,79,0,None
302.583149099206,314.5991763371139,1366.9083759802588,50.322872206150954,205,0,None
296.1593344619845,305.74562724736944,1166.7186468026425,45.81185068537745,254,0,None
301.2134196551569,311.58218781712327,1423.6127731224806,45.75775133919524,243,0,None
299.57731395161983,309.4610352048624,1537.197210553836,21.25953565947907,64,0,None
297.06354182142985,306.27276179658577,1544.2374622796324,40.210644000186875,185,0,None
299.811403662382,311.1662393780147,1669.15092129102,43.62292060256553,83,0,None
303.6606736432294,314.8390215994925,1341.0349224843328,47.58134413529362,179,0,None
300.5863470696104,310.4999423117606,1047.7167719417796,51.94185106173774,178,1,Power Failure
303.2327307049007,313.0768882259037,1513.0664124711598,56.96128798015884,228,0,None
296.33547110180746,305.6694163522407,1224.6721475612053,24.492915955579736,41,0,None
300.54351113976566,310.7880979240522,1306.368575225033,37.92211882253469,85,0,None
299.7662227218663,310.02618267359657,1432.0324793209245,49.877957767340085,240,0,None
302.5305357277445,314.64772186846665,1626.2854021266694,41.54037766543218,96,0,None
301.04494673328804,309.872505248803,1552.1568366159381,46.469364096587675,248,0,None
299.3613389731909,309.1384207147679,1642.3627769635666,38.370914185847774,148,0,None
297.28732355641563,307.725094102381,1486.946072092093,55.73017176295956,63,0,None
301.71489501274885,311.4587946707065,1527.6370604279814,37.27171635594764,167,0,None
301.3676608773886,313.8591459531381,1541.4929987361736,46.912213133102426,158,0,None
300.52230119937576,309.8256980918485,1389.2785875070658,37.603659943700656,197,0,None
298.09313676475006,306.62943942680295,1492.8606203244829,51.01455562230639,161,0,None
297.2358014139413,308.5931051606775,1564.1924920224335,25.607901626492254,19,0,None
298.58116691650457,308.99396047802065,1635.2617834373734,34.921439180921524,231,1,Random Failure
299.71333603528745,309.0261180518937,1609.6978302055165,46.16535635283515,142,0,None
297.87351383782266,307.58353282740484,1592.6684985961986,42.26168258834126,232,0,None
298.2373481855401,308.9974312931709,1296.9219937175644,51.25502554729209,62,0,None
300.99378808525535,310.3450875286686,1247.9654156976173,38.86096862934456,159,0,None
301.76460028964,312.6242499076591,1729.8647924468949,41.34369275446615,62,0,None
304.0820268242541,313.13745430849974,1299.4966847608086,35.7611395481191,191,0,None
299.6549143153091,309.81973088623516,1353.3328963136523,32.7208002811251,157,0,None
300.7152976149139,309.9350323211553,1159.7432555621062,39.87007199813494,163,0,None
297.4831243392824,308.92855339691926,1689.6376296177218,50.84661372735235,243,0,None
299.77023416348186,309.37819671341134,1603.2398861879608,55.45641660548528,50,0,None
296.6912900604234,305.74515649152397,1578.0010056797526,43.87073014372714,135,0,None
302.11705059154474,312.10165643505894,1446.671761073211,37.18732001574144,27,0,None
298.9183092296377,309.66581668775933,1521.4769314929974,51.82012770676423,58,0,None
299.2757461805584,310.40317928940834,1828.0877267138158,31.165754511043083,168,0,None
301.2974824944014,311.0008772185313,1464.6929632836282,42.019744770339074,185,0,None
301.0298349650228,310.5253196642531,1359.2622276258423,32.1125460201128,249,0,None
303.71597113664274,315.3881000989952,1629.9213261177683,47.78247811436883,25,0,None
298.35843241692055,307.45462384803886,1414.1043793082247,44.122491416085886,160,0,None
298.27503828241254,307.71787671469855,2020.3155745336726,45.9530649066039,162,0,None
295.6836312580071,306.07787095662314,1428.387169228304,54.294582042804045,151,0,None
299.3969589300764,308.8152482084685,1339.2603080599472,25.777371284923635,36,0,None
296.2668486299103,305.7540818368544,1434.7542890269287,52.82295056582926,81,0,None
301.8893030426042,310.7029503597589,1427.628495611645,50.000875630078895,10,0,None
298.3036848937838,308.0622922822084,1480.333675790495,46.94426761225664,231,0,None
300.1440330694039,309.28867777346,1531.199902422726,28.30108853621128,160,0,None
300.8363118812186,311.4708621903412,1660.5566089188078,48.361977016970364,53,0,None
298.6666972914615,308.7729230761014,1499.409407228206,34.3463183850941,221,0,None
300.9796636234721,310.0149388962657,1556.289637296859,21.32166334536126,218,1,Tool Wear Failure
298.85786177179517,309.2487235033423,1707.1756640387023,40.42190936584622,51,0,None
301.11414164706105,311.58150893433987,1586.9845608488345,31.61665066524287,193,0,None
300.4165719479585,309.42812307525634,1541.1664186360413,30.26091502171701,216,0,None
300.58155951833425,311.162731705183,1845.2710173931728,49.3966766167495,161,0,None
299.1259960585806,310.2380544833743,1505.4012990921367,48.45679410336471,178,0,None
302.76227391175803,312.8632150777584,1284.4652955683564,29.055982377487762,193,0,None
300.4214365268222,309.20293590377224,1462.4808247097153,38.18962454885657,102,0,None
298.9432800576576,308.18716811238846,1674.8298459167154,56.991659983729555,153,0,None
295.6755146003782,304.6983985431769,1327.3446224402458,35.54217100364578,28,0,None
300.65782391327815,308.9740001088833,1466.1134107513374,39.44421137923131,23,0,None
298.35171996542067,308.6972639389963,1380.2887794775722,39.509329936421224,89,0,None
296.9795162769582,306.3125555323362,1651.5467937426265,42.30244247063623,15,0,None
301.4989227164193,312.01593323439175,1114.7250828133328,45.41178056145171,197,0,None
300.1725015984657,310.9512560701659,1638.0221940818112,36.71989214772733,114,0,None
303.35567370629093,311.8399009801915,1106.0649976867585,55.47940082996205,253,0,None
297.0852923801416,305.92411603287854,1626.0893969539018,61.34256692608051,39,0,None
295.3407207309884,304.67147574047954,1371.5737772206255,49.59793757332917,137,0,None
298.3263117903007,306.7636501960754,1548.6419743000367,46.36864725208263,52,0,None
298.4733599384051,307.5951715260186,1838.9610084325184,34.22301901933896,169,1,Heat Dissipation Failure
296.30445209966297,308.4038371702357,1526.8357136440836,50.92780994951647,101,0,None
302.1723275799474,313.759427172601,1717.64150509514,54.2947848470105,242,0,None
298.05756443704945,306.4029643023938,1508.990485569235,40.716853155468634,48,0,None
300.63052233136574,309.5447555950134,1311.5891287678105,44.2165844893646,239,0,None
298.1077173004898,308.27675351485107,1771.6762842586247,44.45012659943444,70,0,None
299.92244101703875,309.0959947217021,1450.1246439955262,51.58820846432748,223,0,None
303.52310010524315,312.6461496255254,1186.4498286873682,45.31647497812676,250,0,None
305.749711722982,316.32253731934605,1749.3955368920826,34.89520281209764,65,0,None
300.44772242892617,308.5084748709775,1569.2444528963606,44.57073740532647,117,0,None
300.0773006785968,310.32834300983205,1415.97081217256,29.614639707315455,150,0,None
298.67212231689905,309.9383445351503,1364.9352939199848,52.342715224477956,43,0,None
299.93583722507077,309.5265233365896,1875.5267754278325,51.27500314917191,242,0,None
301.300753541765,310.28425799051564,1540.041549179224,31.56236593907404,128,0,None
302.87303533967804,311.1498005317041,1247.172507840763,25.413555375234246,43,0,None
301.6556640231554,310.7019811620839,1551.7652694826315,47.163533338071886,237,0,None
296.4477690444345,308.61969950845395,1602.0590520031699,48.1016855426261,229,0,None
303.67706089305665,313.38474575497605,1535.839072758866,37.70013171337009,165,0,None
299.4700473302922,309.9105302939814,1598.8483036230677,38.85505190525875,175,0,None
296.0027888958868,305.4854611596114,1432.1107041192251,39.57103771699282,53,0,None
300.4093861964783,311.3251411195419,1255.795650856123,38.57088377556949,16,0,None
299.0769805901818,308.288361651183,1374.5145366044496,34.106681895372326,203,0,None
296.88230523482713,305.7868680956227,1240.4294113954109,29.27404460137366,140,0,None
302.5841942649626,312.4031099394217,1582.8277984895842,19.089594025235584,153,0,None
302.33813002672684,312.4380127937577,1406.1148600268011,51.64164338967299,88,0,None
301.80114203979997,314.09342239633304,1369.2202370799444,46.21720579501215,185,0,None
301.87222890919173,310.3684597728592,1179.7476648413976,25.696031203804704,75,0,None
296.8910548976116,307.2024570227205,1632.2746237851027,32.6003522202784,156,0,None
303.7288049755371,313.0009940628178,1499.3298520564233,47.0960934107237,148,0,None
299.9965535100724,309.9999513004295,1331.4372958715344,32.898400377172266,11,0,None
297.1570007263604,307.2184296711494,1815.7625912762069,18.213116663947176,17,0,None
298.21434902500397,307.5041860246477,1571.4506955246873,39.22161927850755,96,0,None
296.80437094436326,306.81174421102776,1569.920498180432,53.377174838859744,86,0,None
302.01213513744955,311.8283244724036,1481.5576987371023,59.742946946656794,61,0,None
300.0569475138966,309.02167191873406,1551.4863151605978,49.86397592383047,98,0,None
301.7536962794868,312.11121337834885,1428.9492341186437,37.41504356027918,116,0,None
298.4194358366292,307.67429661095167,1459.5703621504126,47.881064375410155,152,0,None
300.67618601945196,311.47824311601397,1498.3230253925392,52.386379887348845,86,0,None
301.7285256383992,310.90344493646586,1435.0650156616593,45.47833239447766,199,0,None
298.2101924657424,308.11855364859423,1434.5626072172688,39.682641709723214,70,0,None
296.76509781469,306.01534020598905,1369.1132233322828,44.21532510319959,127,0,None
301.734329540522,310.4378106539104,1350.198497001144,30.226353316969956,72,0,None
299.88742768038975,308.4962387082147,1466.906967978154,46.587824172960595,219,0,None
300.4381230644397,309.9763799189275,1664.5545906932095,37.652652854056505,6,0,None
300.2854884108193,311.667827442237,1373.9039406744193,27.32213598649594,134,0,None
300.87384710208573,311.45311746498976,1445.4732255509812,56.376808147239785,168,0,None
302.74508038357527,313.37527922488374,1248.2017875061833,51.57336822033311,111,0,None
301.1910687340299,311.4090811204706,1789.1118075095912,42.76933530630164,85,0,None
296.6926236157915,306.5427576776735,1671.0716437021413,46.42005638659961,74,0,None
299.66863470089174,309.2944004748277,1295.1335077534336,39.06876206448528,147,0,None
301.97697111437145,311.57656448049744,1644.2824350763822,35.132904926505326,36,0,None
301.6800768934585,311.543344899143,1466.2380418169307,31.887727165666128,75,0,None
303.2406254149037,313.7884671576648,1475.5465792156185,35.15864772300714,132,0,None
303.10147305388153,311.9205391420079,1621.7077286858996,24.05326264598223,167,0,None
295.48964902753914,305.0996393847889,1626.667871302123,54.657497220215504,71,0,None
298.80645636807657,310.2463514936236,1353.8562320921242,28.464769619202286,84,0,None
299.8785577678958,309.8864572943366,1455.1872953803288,38.79277090137203,18,0,None
301.04575341029084,310.9740527139721,1446.8196203603754,43.44143330393242,107,0,None
297.7050073756653,307.41956727053355,1590.9370832076863,44.25882453405941,65,0,None
301.60388299997356,311.89273221569385,1688.0656491968089,45.83228277812239,226,0,None
299.8750277524632,310.70941745538397,1410.7839875928998,52.61371226602383,184,0,None
301.4484499575299,311.18169129462575,1310.859270727957,59.14032985624665,187,0,None
297.3341492116814,307.595331379509,1320.0028382208584,28.456685596991715,37,0,None
298.909230603507,310.3924801504278,1459.2776336587767,49.62723360133128,169,0,None
300.6433003755717,311.39304762209383,1460.5211625978227,45.417668173252444,221,1,Overstrain Failure
299.37135492409107,309.3154311000955,1635.135205110866,51.69087932252966,53,0,None
298.53523869991653,307.48887485541815,1397.5402710444034,13.863101492982487,246,0,None
298.86274087559843,309.21642910310254,1963.7302438024885,34.487705323860276,204,0,None
299.07735556542883,308.82510292162493,1689.542787600348,52.45548794356051,226,0,None
302.85098325844405,312.13448737781016,1481.1883243323177,37.89076440854085,161,0,None
302.18261371788896,313.1093305289815,1332.7138142245408,26.969043597731076,184,1,Heat Dissipation Failure
295.79812145543144,305.4925061417801,1427.7465636336415,36.40755094090031,155,0,None
301.48067921128177,311.83564766852686,1435.9365570173263,43.82926595578378,134,0,None
300.549638130507,312.4895787845831,1292.7502524630552,39.30966464242187,185,0,None
299.49137395699086,307.68775529718306,1736.3626397286241,32.525904705431294,256,0,None
303.838710930886,314.10155190957954,1494.564851705374,34.91384070049691,184,0,None
299.14116139019956,308.6583909271859,1678.8758104549443,43.042311854845465,44,0,None
299.00546174596525,309.49657492277237,1206.0085774706295,29.334839336956726,134,0,None
303.71804371195344,313.45961576822737,1689.081618918785,37.51392786205517,112,0,None
298.2131536468631,307.7326935869078,1727.9070746755683,14.62720047310458,251,0,None
300.80257582981375,311.07799304940056,1208.871966350161,32.68006941947907,232,0,None
302.17672240983285,311.89093914119906,1364.8693859099662,32.561369933377925,8,0,None
296.0419593338423,306.92911897548004,1852.101037617887,23.732862787289356,53,0,None
301.23112107335356,312.90783190573603,1518.3256651623324,41.989575752512,50,0,None
302.9806219663071,314.0870907764832,1389.2913673295507,39.76628296289377,134,0,None
298.4132347645522,308.6312958014198,1206.7983239449686,46.372296071029886,99,0,None
297.7297055518162,306.3265814056782,1518.036331514219,33.85870388367984,49,0,None
299.31067854782685,308.69755696164674,1461.9150377008295,35.83083405428897,60,0,None
301.0657497526222,310.58592365607115,1318.6492135018175,50.677245321005245,165,0,None
303.55515331857697,313.3316894834758,1593.5473510230722,39.99503307348836,57,0,None
298.7631886073653,307.868502311783,1352.9014349678155,21.11719501336823,73,0,None
295.67193742157997,304.5715143021467,1489.9234308890866,45.00460595619698,19,0,None
299.7684297972691,308.4778610222364,1620.5366594789377,35.460491192833885,40,0,None
300.1719900317277,309.99177442079946,1148.1200312983506,58.647613409189255,196,0,None
300.5426089663194,310.75564352755833,1738.6454036866153,35.39910022900287,113,0,None
301.6568371564691,311.76645947524753,1590.5333118731025,52.09944424707036,11,0,None
299.27882515003205,310.41008675152403,1475.6532326439951,47.983075477012534,191,0,None
303.57348894657645,313.52387505565116,1360.6084049432156,31.673910906968068,170,0,None
297.39595179435975,307.90530102057,1720.1230194077434,26.38045124004641,167,0,None
302.0601191207541,311.403564377944,1413.619951927249,31.369540596750674,223,0,None
296.7733046932975,306.50544266672773,1499.8685735781116,51.81947320376961,161,0,None
300.85328831976676,310.14914412280075,1412.1588983072456,44.23081656295471,232,0,None
299.9129687855332,310.01459167515634,1787.209949566618,23.1638441060565,8,0,None
299.11715010460694,309.1288457363728,1720.4899574037845,46.41630944223065,80,0,None
301.96417987782274,311.80857977018223,1446.6140877954028,36.90624551508672,87,0,None
299.2870015758316,309.8205352816627,1423.1830997272116,46.78794537021952,17,0,None
299.67532673914906,309.81133845543064,1538.8320512889225,34.62421612230437,121,0,None
298.9939955145309,309.145699547944,1640.0753250671144,39.60839486524335,50,0,None
300.9924608742883,311.34069403948513,1403.5881345374091,29.41973027866387,119,0,None
295.5899947923291,305.3687681881015,1184.292959086839,39.97548354233247,145,0,None
296.43809768463854,307.3726811210727,1343.1999943749765,43.37237060311494,55,0,None
300.4517780946449,310.4072448145656,1431.4241652317558,41.27661138419181,257,0,None
298.7046231586991,308.0950652148448,1236.1133334870392,37.19936559715875,109,0,None
300.2057304299019,309.490718384771,1297.8854072376325,46.21151709187417,248,0,None
304.9443361735596,313.5720734073495,1480.6595966382229,39.490401781311135,253,0,None
297.3364151255786,310.1544114746918,1247.821495794578,44.47317267947939,222,0,None
301.91652013219317,311.1063137134856,1377.4897598000505,34.15114521409277,16,0,None
303.2097247047715,315.347159228952,1389.358999705293,65.1703288968954,253,1,Tool Wear Failure
298.7819735072571,308.6806896487605,1830.2722194880148,57.24846983469094,2,0,None
299.3145564979274,308.9076727641956,1283.75877264296,26.630993924391387,80,0,None
298.7010160329931,307.5694964714345,1555.479705039083,42.91204608903605,233,0,None
301.64670613730215,310.5297275618306,1257.7933475272616,38.858840828989216,184,0,None
299.1016564848545,308.29936424048174,1716.348150675905,41.59566905859645,27,0,None
302.0942099948095,313.07562553013696,1435.551291283613,35.87775397648549,123,0,None
300.77904558635373,312.3633161311046,1607.095555755684,34.90439318498487,182,0,None
298.44772874665466,307.3959977188809,1233.741397251969,50.9536562493102,188,0,None
298.99888890128415,309.9508851803363,1289.5113417161324,42.30776935838468,222,0,None
302.77981089589844,313.64816848126793,1550.7671292015625,38.75620428107372,98,0,None
302.12983583243835,309.822367956449,1528.1768882617107,55.424346033876276,205,0,None
305.0763956218803,314.9380097077709,1497.5901631097274,63.82115559756268,84,0,None
301.3473773807675,310.1831286775134,1624.967626570114,23.232763331261342,144,0,None
302.25127934320557,312.80189546270947,1696.7552185152806,45.9272147647684,57,0,None
300.96491705344164,311.4458242697463,1172.35388679293,43.89636020833606,77,0,None
296.7034903231524,306.5886143642642,1474.6011973720879,35.38199313566743,38,0,None
300.82687462405727,311.3884686993239,1408.4546438112895,34.080747749209046,219,0,None
302.73299155594964,313.20709342086445,1519.7277596826195,19.605039630346575,28,0,None
299.5623814073495,310.09022988634365,1843.9613737191694,40.14851490894345,156,0,None
299.5617520765544,309.82743201011624,1457.5217406520221,53.840967437813305,109,0,None
299.55706401338387,309.2336714939213,1517.515915042203,36.574137596026965,38,0,None
300.3849994433474,310.361719911759,1415.3374189816273,32.048674766400524,142,0,None
299.426920967248,309.52886795318136,1510.5580321545083,36.144278773193165,69,0,None
297.91521606584513,308.0060947235558,1552.265474300905,35.36611746059346,136,0,None
301.5584919356873,310.8579343083631,1947.8291516169224,46.35251603694585,40,0,None
301.20414364537476,308.40140857275054,1828.1764660070044,34.797078269433406,177,0,None
299.0300273518471,307.34663970737057,1631.0334912947637,37.84595387489396,9,0,None
301.20952873285114,308.8868405043831,1771.6135814101785,41.51630581903072,235,0,None
298.18470193504845,309.1416302061964,1602.4287429717322,49.04415262966623,109,1,Heat Dissipation Failure
301.0855797951127,311.2533076438051,1521.29966009371,43.04655980180181,6,0,None
298.2431694733481,305.9424391853307,1495.3863620391692,59.489639441019605,92,0,None
300.48189806340196,310.7302753483204,1920.053947027971,38.31528252095527,194,0,None
299.16838386171884,309.59207740796984,1412.8528847557,46.082328113140456,83,0,None
299.6487594074954,310.3752273650628,1360.1291083359401,42.436372878141704,5,0,None
304.3059939559422,314.33448934638375,1551.1318888622595,30.19519440990006,55,0,None
299.7459625992875,308.92324229424173,1223.8352520976403,33.878008013291925,239,0,None
296.72475094341866,305.9774850920839,1436.7586496132315,43.80370369926736,86,0,None
297.3295743101591,305.483377221657,1220.2079524575581,52.38932465717963,127,0,None
298.6757560309194,309.5186633510611,1448.995936882461,54.32732408117798,50,0,None
299.5383066944826,310.3181695715455,1339.647975043579,38.87062633717271,168,0,None
298.1626893161413,307.70922680088984,1546.6732146681738,26.552087287334754,90,1,Tool Wear Failure
302.38448661222657,312.98756504613937,1356.9931656061171,31.16280257964008,22,0,None
300.9089699896135,310.9691418538502,1556.9333684590858,31.784176697757086,255,0,None
298.58463081586814,308.6131785117682,1185.41185501365,40.82461290804684,128,0,None
300.33953854395344,309.90877119248495,1519.5179322488782,26.21303656749819,93,0,None
300.6873618161097,312.24110710058284,1544.8233187518251,37.75547413460405,245,0,None
302.7604299452262,312.1600144480243,1677.928071300022,40.35467172000067,237,0,None
301.10579185236895,310.0526116379674,1408.6062633298823,65.36367105122757,148,0,None
303.03703036691417,310.82695487938224,1512.4342600158127,29.790506475141953,148,0,None
299.3423430106949,308.8528478834335,1353.7566407518332,40.74377195114734,149,0,None
297.3341170548287,306.02826781149156,1487.1148248141178,47.49405347470877,253,0,None
297.4701874632785,306.867313783731,1550.4953177312834,29.709910764661167,100,0,None
298.46879614335273,308.6678143426924,1501.0443387991425,24.403071144549877,105,0,None
299.7547721018284,309.2524413593376,1778.1202155638452,38.53325464003964,67,0,None
299.7007233220841,308.3017585462371,1426.2720830138685,59.386168818868036,181,0,None
299.7691623232348,309.5888551271013,1492.457617884346,33.387886551804414,210,0,None
301.8161335347923,311.52931335888195,1362.7100678448421,38.111527669959216,78,0,None
301.31350846470605,312.2814553635731,1608.8895666496085,42.41594350188301,248,0,None
302.56174574754357,311.06970700040574,1267.9057160931632,41.779780193976954,258,0,None
303.8362765007878,312.6981352671055,1446.4007845986087,29.765459473076028,76,0,None
302.5659667051487,313.05051855439456,1726.1526423316,38.75523571212407,112,0,None
302.9731261246668,312.429672023806,1588.924663117023,37.522296089799475,203,0,None
301.82141075395555,311.70044784114566,1783.994558964169,40.58051801847179,167,0,None
299.7667539563608,310.45131495498157,1274.1763718977359,32.13099718822373,179,0,None
303.5518760944444,314.13172522336316,1362.6973222688894,50.291863010981736,3,0,None
300.3476737263046,310.80974224906385,1715.4827918105664,51.04841350607048,249,0,None
300.68518612713143,307.9804891083975,1118.4734218531648,42.17477623878301,79,0,None
300.2776297698983,310.2805608081009,1179.1502415125838,50.50912960337058,133,0,None
303.36018368556995,314.45765938313133,1369.8475873729542,43.83406370740058,67,0,None
300.9278956661839,310.73836472470487,1756.0315264439269,42.139948662846436,215,0,None
299.96196032465093,309.77294203154344,1468.9447157377654,44.85441921019056,124,0,None
300.3098914360541,309.47764555479307,1323.7976831065425,59.1998002048663,241,0,None
303.4381042391574,313.5832833449671,1481.547579686645,44.67708713401505,50,0,None
300.00585387753233,306.8149709194591,1276.19939345912,47.19734091076607,34,0,None
300.31912483374384,310.66188780890485,1602.242751861868,37.97885465986326,258,0,None
297.95043295814264,308.79052762461157,1536.171369611254,42.26144016772973,248,0,None
299.27476117008916,310.350636673848,1400.497898644409,26.478516473771442,66,0,None
296.22769721060973,305.2160467104325,1440.3936179703123,22.614946945321375,111,0,None
298.68395886718656,308.2621030819098,1319.0975766444878,34.55053353844644,13,0,None
299.56857441890605,309.5849568756708,1439.2570786775307,38.067057086110346,157,0,None
299.44973313010183,308.84245082675625,1622.803652615333,20.131463508981433,67,0,None
298.4397676841693,308.25833769750466,1459.8111513606627,41.15763931051613,246,1,Overstrain Failure
298.60283361467145,307.7266118506577,1362.841939237109,31.208406224123404,128,0,None
298.1397337265749,308.7558376690038,1864.2973634503799,57.10792202101371,55,0,None
299.0425503459743,308.829463866204,1359.3464356088198,46.14098458991301,78,1,Random Failure
299.1347976929099,308.91513174026306,1413.8012245847835,49.42663848755262,51,0,None
301.7537446961712,312.51079226741456,1336.248083227083,33.770862758160455,202,0,None
297.24672488737156,308.5956471994373,1527.13638429657,25.021761779092937,178,1,Heat Dissipation Failure
299.14551420943184,309.2227284094724,1575.3040314207337,42.23719905851317,14,0,None
302.51378891831524,312.1354979937939,1456.8516293885732,37.618198621670984,207,0,None
299.4050262202733,308.4398838128679,1488.760464385514,40.36778590076602,11,0,None
304.8630236538705,314.551590946151,1251.4221888899708,45.90683469584667,247,0,None
299.48275960830665,311.4623413501189,1629.3542110723108,30.681983899496455,144,1,Heat Dissipation Failure
300.8940129887865,311.65491986675295,1350.429128256025,34.2525139754372,43,0,None
300.5911030073391,310.43369320748883,1613.5333091949042,42.684005581262646,52,0,None
303.1277299390874,313.1362446146786,1325.6848179504411,28.031628132610045,105,0,None
302.3491078774649,314.0563277439567,1340.1541347255775,56.948403690699216,123,0,None
303.51300995159966,312.08410904796074,1411.8555392616547,45.548089975228415,145,0,None
297.96033834080646,308.5269272583215,1661.3512814748408,49.38306578778072,159,0,None
301.19816495774427,312.0071779276873,1547.5380537362403,37.75948153193549,115,0,None
301.0847774947138,310.9402469847594,1451.929678823385,29.65810632560973,46,0,None
300.46404624476196,312.6903973535053,1207.1586029509444,35.046426352333135,187,0,None
301.5713347486033,312.0254045578935,1590.0405984613733,40.23123665251355,233,0,None
300.17112636975025,310.38554329794135,1193.4971498838727,32.80700473771744,69,0,None
300.0897001898196,308.85777162148094,1491.0173672040082,41.61238572555883,183,0,None
298.05674878670465,308.78261795181163,1603.937200503181,43.62859215205545,195,0,None
299.9832793338152,308.9325718693146,1752.8011952565282,38.48928372623075,217,0,None
300.32725593484133,309.7320666615905,1123.937710981013,34.35497862036214,39,0,None
300.08983397453665,310.21977598410524,1496.7121510002703,40.3665081287,14,0,None
302.4661106763051,314.5795164881417,1419.7917194153868,32.25035012725057,163,0,None
300.46875544506895,311.7099121000655,1748.0858173923066,30.086602792837716,248,0,None
301.3389791776117,310.1547052106684,1636.6198209929257,45.874185797842536,36,0,None
300.1924584289017,311.27805885922845,1738.8803088204863,35.592285259170616,170,0,None
302.14858962738464,311.32113219990055,1831.6932804030432,23.199786492474647,238,0,None
297.4040667968937,309.1927150910709,975.3075325787988,32.08225818991738,1,0,None
302.68828675271254,313.1036340187994,1276.1288203112608,31.981693939373073,89,0,None
298.1251153631538,309.9842400058388,1433.1260462984976,32.659253531101996,203,0,None
298.63250883828584,307.5359570135759,1435.719993141801,42.64809247576011,231,0,None
302.8281269155327,312.5995506806461,1372.030574195655,34.62599036274367,145,0,None
301.169326510732,311.06279102302295,1535.9424759579676,36.66545045154653,146,0,None
299.7035869356299,311.52216175393653,1370.7856706384287,42.80188866648615,114,0,None
299.25298697484743,307.7977383731925,1519.7836824863032,42.186069442595205,66,0,None
296.015977498949,306.3226926753211,1772.7764310807943,31.76094915080149,243,0,None
302.883974443377,313.471136242195,1472.629331739711,39.425331983322366,58,0,None
300.81669908223625,311.8696220491247,1204.1418349798337,33.635703329540036,155,0,None
299.2233477618733,310.15196226094054,1305.9912478755032,44.11692817477314,167,0,None
301.3561527548263,310.69868813513114,1355.734531267486,47.449889459856074,206,0,None
299.554165581255,309.73678768505425,1447.1566728748298,37.54632192170567,236,0,None
303.63634726319094,312.6515893658489,1351.6162272088798,38.23682768838936,55,0,None
300.00941228695234,308.82132406919834,1719.953593181622,32.975282873934695,242,0,None
302.46662648657605,312.10467244489,1824.2627764774757,33.45663870665146,81,0,None
296.0385826198615,306.80809648430477,1647.1414352659297,41.15059086954792,15,0,None
300.21767864264376,309.7626594677618,1293.51349282769,60.99649810318131,242,0,None
296.6902815098105,306.66206640780894,1217.2083518032216,35.9370911047036,60,0,None
298.9076681270923,309.6058211825533,1497.771496081861,46.805091391968055,173,0,None
299.5603961424161,308.50906185196163,1433.8105047333408,25.007005299782172,115,0,None
297.05787422590896,305.7951665215976,1133.5300603410442,30.518318520163533,96,0,None
301.63107612245244,311.14193414701066,1208.1939916851136,47.273696222995405,245,0,None
299.1337171724,307.79334003856167,1609.0657006666625,56.88441486387491,160,1,Overstrain Failure
298.51471627542196,307.4954579854588,1307.847794509689,50.07422731482153,232,0,None
299.53371472711405,312.10615957901524,1720.091984057003,43.21160956746432,107,0,None
298.604281439343,307.46548177159474,1740.6968167885943,43.503182446662876,223,0,None
302.51826060765404,312.64790291263125,1571.1794832239814,37.89865535707314,70,0,None
300.6077730196461,311.2141834418457,1414.2428970122992,39.066942777111514,142,0,None
304.1654859627994,314.2354631026848,1525.3042063259174,38.91308755609887,102,0,None
299.21582167886766,308.9201276231638,1664.6672168816895,53.59471449170677,52,0,None
301.8088370738011,311.25574160674887,1571.6568514544924,41.37152009224343,166,0,None
299.35848721941255,308.00006543480697,1388.018296885506,44.36223529689687,160,0,None
300.97400562775147,310.6732032880932,1380.324504152846,39.21954257011339,251,0,None
299.99369594384206,309.13407211456985,1530.3537392295393,51.156491811698714,201,0,None
301.6913176705001,310.92529219905873,1596.3021437193242,34.81307498773989,183,0,None
300.1813334311662,308.4434025210337,1653.2924084936515,35.52732244037302,236,0,None
300.0906224538139,311.70140053260076,1427.0532616602527,39.17702089045919,248,0,None
299.57337724388594,308.2456653330597,1362.308207485972,47.75467660389691,108,0,None
295.10463956114694,306.4907270475395,1352.2249171602925,42.10324577893592,168,0,None
299.3747461252258,309.66687204571406,1432.529219561572,49.33135288279737,202,0,None
303.6547744689898,313.98019370561497,1446.563404144879,41.01666122642446,141,0,None
298.37739926508954,307.8651500941614,1632.7939258225663,38.82983776392862,22,0,None
302.76159227204414,312.49757617843176,1555.0582793978685,44.52737306761584,197,0,None
300.19735441913906,309.86916072113985,1666.5561977620632,37.88275230924095,161,0,None
298.6162231245812,307.48683222347984,1492.4898327546482,50.84608745022283,43,0,None
298.1697721126297,308.6203203336955,1211.3545381168433,43.14779883515429,228,1,Power Failure
300.9585925249046,310.79400702848886,1637.289576443188,29.19374742026642,73,0,None
299.1168628994163,308.93897928982597,1173.5150845449434,44.92665077303481,110,0,None
302.47176642026164,313.042504102639,1686.8971147791403,30.936582820311813,131,0,None
296.2714916698725,306.0445433713355,1535.7726878324456,38.81438638556438,235,0,None
302.8841829140733,315.12207365099425,1515.2941115061749,31.48181728367301,17,0,None
298.4260550159855,308.44403315233757,1911.8700895899594,33.85265231619162,168,0,None
298.73283495040107,309.91098183137206,1529.7573920043303,46.699568997392305,47,0,None
302.0023966020989,310.7323914227998,1711.1108955595566,44.65467277961102,176,0,None
298.15186533373895,308.13208750112557,1337.2358305727025,32.56673954478064,139,0,None
303.97219356688015,314.15024947650926,1388.4976954196345,46.52746256525076,223,0,None
298.89757327709077,308.44559907920086,1688.2783950402704,59.79509078840469,16,0,None
300.99239503177677,311.01200123716404,1397.8775895272172,43.836466964122266,74,0,None
296.64603232772726,307.08783891016554,1339.377758516968,48.43747435216842,66,0,None
303.1957148705272,312.8302911319227,1330.451084393925,8.600378594018096,207,0,None
300.40722002647743,311.3066844222645,1705.3644088198362,40.358498270398904,145,0,None
299.74608298469724,310.6218625818286,1566.1632193508592,28.044063939067243,63,0,None
298.29056843255074,306.9654011210039,1530.118290080472,23.8273184790921,163,0,None
300.1463533492482,309.5141075776311,1616.0863018375892,32.90356799339484,99,0,None
296.3780643079186,307.70515565295096,1757.0602916372573,41.93180987811792,192,0,None
298.6960988374755,309.6896111539464,1690.2548306106783,50.087636452928145,238,0,None
302.20899365057727,312.57313872709545,1436.8661892105033,21.67454610016798,52,0,None
299.7458364692172,310.2797946891257,1500.1924157358646,34.3322584845335,182,0,None
296.37712809173945,307.76761253419545,1598.177331477183,41.93036996664547,84,0,None
304.8540254248298,315.5202809371575,1258.6574319978236,37.3713559551194,239,0,None
301.1988967972903,310.65009728106685,1496.8771603268535,44.211948412085796,30,0,None
302.1531511442342,313.5852788327666,1736.4209777323033,36.13451669315826,153,0,None
301.2111155404428,311.81391892479303,1810.689649372216,62.795234697546874,163,0,None
303.6624164969761,316.3297997758276,1414.1345133571358,46.673064021808855,51,0,None
296.7032169214315,305.84873885924645,1399.3265825551812,56.67061496822548,76,0,None
296.5174928818553,306.0413749923471,1482.8435009574055,51.48450770723374,68,0,None
299.6680622616624,310.1940880173481,1505.42045036557,41.00244075284431,74,0,None
302.60943313903954,314.28793691098736,1581.7067417722387,55.398448910292835,94,0,None
294.95211473505395,306.1275579496288,1242.3495365368226,36.55069042601146,61,1,Random Failure
302.6425480010966,313.32487569004957,1537.2291454483016,51.85520612164748,140,0,None
301.2550889533707,311.98672402418833,1570.100161548417,34.38431351735906,91,0,None
301.0259241510148,311.0201922157415,1597.701497667555,44.56508878003299,146,0,None
299.23881109394256,309.48378098001774,1796.8340806744327,32.89195845822714,214,0,None
302.532714495952,312.0107909707066,1519.838979047974,40.37777795087951,79,0,None
299.6459690981228,309.48332692917387,1663.8205595992974,36.1027164841883,210,0,None
299.80412597357986,310.0111448249134,1449.1759685614045,45.21536189461119,100,0,None
300.6335924072561,310.7737909703496,1282.1780244659628,25.961321625615163,21,0,None
299.08437893605355,309.29781214881297,1561.7431520119396,48.18783156475327,120,0,None
299.29309426947805,309.43200530253995,1695.86732444332,50.164369642456165,60,0,None
299.2345258786903,309.25422228433956,1456.4333571553227,15.060245774939741,39,0,None
299.3034523477861,308.77932310620696,1179.3667924880929,33.420761027284506,46,0,None
301.9416506100029,311.4471522168831,1455.478028083791,42.02850522688549,167,0,None
298.9593721277584,308.3661264176697,1682.2444244711696,57.22035108005794,195,0,None
299.3803936673319,309.0459900611537,1425.8934303904323,31.387051928949887,53,0,None
299.60399951422585,309.2106237711303,1685.0366840984484,44.204880537190085,242,1,Overstrain Failure
297.48403780798895,307.2392216086987,1549.3932676079153,30.963960677091066,60,0,None
296.0630384767431,305.32650561735744,1566.6440365572826,41.36645180493926,254,0,None
304.27683751100506,314.9960520955409,1486.7568400519526,51.75752881694706,227,0,None
296.7902002055283,307.7811709730883,1941.0493717114389,40.54885641218863,77,0,None
300.3536443148009,311.42712805028975,1444.6147921193217,47.75032188833697,103,0,None
301.14141416263305,312.26089474983286,1251.7484664360945,46.16774962685214,7,1,Power Failure
299.6631650758085,308.5729194664017,1538.368235389468,26.08190137965895,32,0,None
301.09588831237807,310.662975068916,1367.1931081041548,43.0059078626063,99,0,None
297.9508638821646,308.63384878173116,1309.969771177815,38.84098421781901,113,0,None
296.33547642480414,304.36634625891736,1309.0175435239496,29.70234591727658,239,0,None
302.63971731718044,314.95105520356793,1516.9660321392764,43.40233923321809,38,0,None
300.59979437943093,311.018329407999,1006.3695958103041,27.618564147152664,128,0,None
299.24442543345975,309.539434339995,1229.536371841231,36.28890651419858,11,0,None
299.5783382754798,310.8091525061915,1743.6553000149015,49.745878345737346,255,0,None
298.99505735891256,311.0036561241987,1896.2541148892801,49.77995313108181,111,0,None
301.56118372806304,313.759636933198,1646.4468996763287,48.05782116232316,36,0,None
302.31466132892035,313.9527574979993,1829.8624691289488,53.507062405656896,139,1,Tool Wear Failure
297.9008400658361,306.72842890573384,1799.512423529789,58.36974567860388,137,0,None
301.7931538163742,312.7099241591802,1112.2178665961937,57.75513087938821,145,1,Random Failure
298.68292185276306,308.7525000859285,1307.0172102393594,43.25841600032597,35,0,None
297.91990792801,307.8245861537927,1477.0713844876168,29.902128089807654,71,0,None
298.0852039320206,310.2004411054067,1442.1026047292592,18.815399412597593,118,0,None
304.38666709136606,314.65283820566395,1908.3814640425637,32.17699317263678,180,0,None
301.6776630057862,310.7820672848614,1418.473368639033,38.8006033211031,12,0,None
299.7140654510529,309.33520857352966,1479.7362057774335,41.97543420389563,105,0,None
297.91379787822285,309.8927094650298,1869.741856155929,36.354757142189726,14,0,None
298.87143389061,309.33281817003825,1476.6013753960228,27.353018313898506,44,0,None
300.14272036411734,310.80294189751834,1570.7517066624173,21.452606351926764,151,0,None
299.1212424364634,311.05090719273267,1577.766282310418,51.337937778007365,3,0,None
300.48621956625504,309.81909554212893,1284.5303814082101,46.51225407136455,163,0,None
298.37476643411316,308.81112129164234,1427.3419109571687,38.93895418049471,185,0,None
299.5113813152615,309.584911159151,1702.8181060413715,39.15226620623888,49,0,None
299.68422336236256,308.2029666493052,1499.5265789683876,56.04069566751893,142,0,None
299.5702919519407,308.78163414846733,1824.5648646289849,52.1583536250461,40,0,None
300.11719951613344,308.96794892083557,1634.9364314807326,35.18339028756177,188,0,None
300.4969326402677,309.28564939313645,1407.658124437493,40.19760879187015,191,0,None
299.7870820694211,309.39507409741947,1704.3106605076996,29.56963215037078,168,0,None
299.2301109579179,309.457002286729,1304.8673875373452,42.957542738057434,8,0,None
302.61456064636127,313.3631389978347,1575.1833485760203,37.12535887096415,178,0,None
297.45099365066943,307.29267371976493,1462.395646327118,47.597182222579164,169,0,None
303.99342644399206,312.9775296762127,1473.3658625256537,42.630242853013655,111,1,Overstrain Failure
299.88643295153616,310.6920764823513,1542.5315526296388,32.406312646785175,69,0,None
304.7930294212078,314.40015199682557,1371.0066447332745,26.542409020757255,16,0,None
305.61203213394447,316.0609582237692,1413.6952085234727,52.61022530070164,66,0,None
297.09855876590257,305.7134320351045,1619.7287037123403,32.53662547175735,136,0,None
300.0896056256877,310.0745317468082,1548.7230661223537,19.58842064439108,205,0,None
300.9219616117811,311.0084491551601,1432.661404549382,27.992500525319084,181,0,None
296.52018815481455,305.19957230171065,1508.9195187930916,44.2174953362327,40,0,None
302.3231293202876,311.8246415928699,1905.5610993083192,49.90845533710747,131,0,None
303.1239995268207,312.3726851231587,1748.2085311932235,46.58083186477404,194,0,None
301.8811233750094,313.43823129776246,935.8361623343433,27.019909905628417,20,0,None
300.2533474012156,309.7761527905594,1157.5596895981653,40.687589722377744,77,0,None
296.97103779427744,306.4107573253485,1400.0874743945824,30.222201211846524,25,0,None
298.2836934093539,309.3934130395972,1508.9938819865479,38.63447842622747,138,0,None
299.8017200723696,311.684141453115,1340.8113915958302,19.32371381739634,250,0,None
300.228409655479,309.9871980946741,1485.0282266112276,41.392093884977456,199,0,None
299.05539366162697,309.27469983610644,1592.1631809855637,30.81121189730212,33,0,None
299.7920095157905,309.3554140215779,1557.6328629802833,30.70676021836108,203,0,None
300.21618555271294,309.70329275920636,1519.0618264709892,28.991303217756737,224,0,None
302.6352203839653,313.5610459941406,1833.47879956278,33.6344993554457,29,0,None
299.004084627376,308.673463851065,1701.2966934660049,37.79932276442082,225,0,None
302.3655487404411,312.77833337139526,1532.9420135638657,43.720630418339894,22,0,None
300.289560796309,309.9131679364618,1293.0491060710624,37.63811364648187,128,0,None
301.0702799668096,310.1838352989939,1770.7952452177344,46.805497633079376,189,1,Tool Wear Failure
297.9095135858574,309.12726456047403,1439.6729511221674,30.40020056555406,71,0,None
301.20983976743196,309.9357749673108,1679.5317826821704,53.29670390296512,141,0,None
300.10071951047496,311.4818705912964,1456.8207183673712,29.42544199444229,155,0,None
298.9008898045977,308.67277392704335,1659.4773237513668,39.86908441610867,231,0,None
303.01535729561647,314.7863744474333,1501.432048384471,52.73948339687569,195,0,None
304.95715424310475,314.1251308699296,1433.9702068146694,51.124561631192044,186,0,None
298.43553877325485,309.918474057788,1889.6184078871383,35.787943219542484,132,0,None
301.4385596932521,312.4938083145491,1329.3940330277449,40.789212215303905,58,0,None
297.85714749049276,308.1148265464326,1350.0049419316142,48.499962818522995,220,0,None
298.74421280438844,309.68801825119505,1791.734561759185,44.482083191637614,141,0,None
299.1382061740766,309.4322545063043,1509.1257297603584,22.279179408919216,157,0,None
300.08053165314794,311.2820965583483,1597.7209606156218,29.134599897302817,211,0,None
300.7934390828625,312.69339818128697,1772.5573081694704,37.57133229736357,102,0,None
302.6293332504705,312.93327228325245,1504.4458671947975,60.67251515629522,191,0,None
300.4015471440717,311.03280795385064,1258.0568697538115,37.615204937352985,158,0,None
298.35539635432144,308.1712310462598,1156.27003785007,22.09349166770459,254,0,None
296.0032642207903,306.434564478415,1282.0548127618006,32.036119958708966,130,0,None
300.32607411592153,308.61313379405897,1552.0206439709161,34.154270206342645,20,0,None
298.8096431292393,308.89777129529085,1520.4380024427696,47.38273919282736,108,0,None
295.23425186822817,305.3527678459809,1615.1794667791175,41.26956736739286,163,0,None
303.080863731484,313.026303360265,1572.6477458992954,33.91607567914154,166,0,None
302.8913969031191,314.22583678677967,1704.9908047973834,43.26397456939185,16,0,None
302.2824393418075,311.2363705624391,1688.722650038465,56.719344942488824,8,0,None
298.64177651975126,308.8004642742759,1311.2627053162428,36.49320810924003,207,0,None
300.4018929240127,309.5671950958829,1457.1282563461402,39.660402097701166,244,0,None
297.4881613731876,307.34817694804485,1430.9501535117374,38.83347380355437,247,0,None
300.6227076296813,311.7760703884983,1534.8871227041939,23.361426201171138,158,1,Power Failure
299.2321682670818,308.2897808440458,1462.557562721833,39.8032512184262,216,0,None
303.18491086557987,311.8149213759706,1191.138328671295,39.70425129690206,248,0,None
299.95014872773567,309.26926023344186,1624.0853145786011,32.716561829033616,41,0,None
302.1110534904772,313.61550624827225,1436.5692532159053,31.330124366949125,56,0,None
300.4821255818084,311.517791129326,1194.226959232652,42.97325901060176,58,0,None
300.124426020122,309.78138638366437,1552.8969873785795,57.00376235275806,142,0,None
302.55134062780536,312.8028673440037,1679.1649370976434,24.938237441534557,176,0,None
301.0138595152017,309.00969001853997,1761.7405129326614,34.753774982824304,217,1,Random Failure
301.7162430064915,311.842725468192,1519.0993510518906,33.034754851815606,71,0,None
298.72760942485826,309.4773704988636,1301.7731320385585,33.75700281293166,58,0,None
299.1690100820612,309.0506980002274,1415.510211143561,32.714118966164406,10,0,None
300.7536257042451,310.9724196299196,1493.4909480554559,31.75004220586487,86,0,None
300.5742496944723,310.28209591362565,1068.6024646896904,53.72169438187315,120,0,None
301.10947280804857,310.3644835806875,1283.7015632788334,37.38047157977631,143,0,None
302.45462100279065,314.526329007696,1368.3415225624417,32.25790535151913,44,0,None
297.65847519618114,306.27902837851724,1405.076070705622,36.11114963071518,247,0,None
301.479762427744,312.0808559716037,1557.4178358038491,65.3213519923808,41,0,None
297.85290315949015,308.2625702723045,1568.9156026034668,42.131680834533284,64,0,None
301.7230085169268,311.05070457678187,1829.0579811698578,43.51612112670679,143,0,None
301.1209541468809,310.00920614482897,1124.8899601409007,29.684670173312426,127,0,None
300.3894818065602,310.0022963318638,1416.3568559987636,34.32235205179218,139,0,None
298.6990566820836,309.5171490791818,1234.5746261383938,36.16230739483481,88,0,None
299.87562891807414,309.60284024312466,1006.5387094878167,33.77508738880188,211,0,None
296.52076589408153,304.94035342260315,1439.4065667489806,36.775966002122054,97,0,None
297.5954178405777,308.14537338032704,2042.0213711423348,33.493357868188,216,1,Power Failure
298.3864688845909,309.09310043518616,1408.138976371679,41.71590427684122,60,0,None
302.922804320308,313.17494653165807,1749.4838261690516,52.62516406806896,92,0,None
301.42010558376273,311.2804432624805,1242.7426102339998,48.00844997727448,15,0,None
299.27926750052364,309.7404841879477,1386.017953842797,31.703809121774675,243,0,None
296.4631184199159,307.72708735752707,1180.674570626286,64.49031225877677,40,0,None
300.30962170437033,310.6462274475584,1656.8716108327196,54.978879485021366,235,0,None
301.24649766261285,311.09987327758375,1830.6601560233182,49.349428564807866,85,0,None
303.5327989181288,312.6442841825138,1311.1548990882109,28.936160145981376,120,0,None
295.19223107113726,305.30413552163657,1444.3839044538913,58.263525633796554,22,0,None
299.1952760253574,310.73855184516293,1818.8696087474534,55.12087649367646,175,0,None
297.9963660481763,308.57865153207655,1366.4997944067372,33.43391320793725,134,0,None
301.1733304461334,311.0541056485454,1455.6016644003375,37.79132841684499,252,0,None
300.236487159468,309.2768279176085,1396.8399450389286,35.94083569329041,79,0,None
296.975104812159,308.6382467924184,1482.7402676075385,38.239781227169644,37,0,None
302.8795657291457,312.9182266723534,1618.444928748315,64.05383626763503,167,0,None
300.79409650044175,311.5046502971698,1539.8460938065782,50.51667822288479,125,1,Overstrain Failure
298.49600827258075,308.6481316521701,1279.1177956631038,22.6774802328657,224,0,None
304.27850762806094,314.55835560512213,1387.9295402743644,64.13002200645481,30,0,None
301.1433906978977,312.5641022514149,1278.2823338441208,31.507023859643823,29,0,None
299.7687892535961,310.0534370212349,1545.4033159898695,39.275017635616344,189,0,None
300.37811816555046,311.1253793288688,1604.3043499241255,57.87364122384592,120,0,None
302.171542435906,312.4481025712384,1505.4792109886982,44.09422991170981,179,0,None
299.3537380792676,307.5776576151431,1476.8714393668447,45.16035872843025,108,0,None
300.49785255852316,310.22268378825925,1405.2589387817666,47.06280846913752,188,1,Random Failure
299.60913573904094,310.47232771585124,1620.0695952055285,53.72078228195063,183,0,None
297.7641785423753,306.85437018213014,1315.7410423277965,42.10023178739772,196,0,None
299.69942658952755,309.8591667392354,1537.8852228173039,44.344050544361544,44,0,None
301.6258145196783,312.3561373480777,1357.3695948979653,47.370515036860866,5,0,None
298.80206195743045,309.9308117671106,1412.4326798681718,42.891361551560934,47,0,None
301.0217422116609,310.5011817754753,1597.7703364131594,45.71159821827951,79,0,None
304.3839687760972,313.7574295670618,1809.2387607708552,49.46140513441883,183,0,None
301.6912369473954,310.6914935835924,1518.84448457882,31.661338703183787,73,0,None
304.3035365829728,316.092146270834,1520.2072172420546,43.10070083846518,255,0,None
302.0149391192549,314.7725550921506,1740.0775667342818,44.86998675968633,192,0,None
301.83158897728214,309.80904298695015,1450.8387923340715,48.2610845732754,168,0,None
296.6793321965075,308.02233189119215,1607.3734823448494,37.071425444943536,106,0,None
302.6852057829653,312.07944628332984,1557.931494735285,33.06614654322917,231,0,None
297.3054385524028,307.8280308036059,1390.1491163893236,33.279233615454274,193,0,None
297.41357195433653,308.60684563251385,1609.3721851171779,26.480990766331267,125,0,None
298.9095616125363,308.93220759303,1522.7592602558263,45.98380511971288,246,0,None
302.785823485716,312.0845113577918,1323.665534025024,42.17157433101109,58,0,None
301.0239468560935,310.41237871404354,1433.9635892922079,33.32230554263877,216,0,None
301.2889891920893,310.93970427314514,1774.2228698775941,52.08494970131056,224,0,None
301.41995982867115,312.99867362681994,1370.3964571183092,43.43753282888478,236,0,None
302.8866754538496,313.5796083736263,1453.008728044169,40.31244070676771,193,0,None
301.6715471497678,311.73369460268964,1400.2869637142412,59.755266354025736,1,0,None
303.2305276189029,313.165984346667,1508.8263309249853,41.58054646878011,223,1,Random Failure
303.42269364478653,312.8441611622354,1173.3769604569086,43.19293426075344,90,0,None
301.683479685454,310.9967465315952,1766.9371695333487,38.27596477575349,217,0,None
298.6714986925133,308.64495954903265,1357.4542988218448,35.52237793261363,22,0,None
301.16243895912095,310.5284617785259,1273.197157917953,39.22709797615827,42,0,None
297.6785117605535,309.92418588432923,1533.7138534755613,45.41068887801603,19,0,None
299.9612904447094,309.64868038392126,1334.866498744722,24.86842934043344,33,0,None
299.0111476361653,308.7026999375243,1434.448497108754,50.923438430808936,66,0,None
300.7234915570801,310.03326038496624,1806.8656174117893,31.233835752157106,83,0,None
300.16550713429064,309.96145122788215,1485.1612755918384,33.31993398541874,156,0,None
301.42487165108986,311.4980405456213,1822.441901588653,51.08828720603217,52,0,None
300.42095135014193,309.2199841877381,1344.5980926544094,31.432860265636215,110,0,None
300.22389382664164,309.30694122795,1564.8875907412178,18.536921536322485,41,0,None
298.3556639629688,308.97748606271387,1601.587904558782,36.113694682671166,39,0,None
298.9847671922435,308.37103794706536,1309.9576363678086,33.524755069890716,173,0,None
294.9825383822035,304.5689853959573,1608.2015577774146,33.27030980472923,214,0,None
300.85572059542335,310.8239166548474,1214.5502498436651,37.96923332131129,216,0,None
301.46132795293227,311.3980060961723,1437.9867536460592,30.622507491316284,32,0,None
298.3858706536272,308.95696691351446,1273.112708052543,48.49260714022428,99,0,None
297.53722154394717,309.3053736020282,1391.837895284299,33.076375989462065,235,0,None
298.8091558563205,307.7052926573854,1362.8600662147612,45.87233365823548,34,0,None
300.440640241606,311.4849793766096,1081.1120383039424,47.5005262676572,7,0,None
298.95766971402946,308.8900580006936,1552.0481539701752,56.04847472381243,161,0,None
298.3541882357262,309.6411553323621,1803.2224986039046,40.402581817576724,106,0,None
302.2536366043478,313.1207015541162,1517.1316586476598,54.63829072808745,223,0,None
302.4886896921166,312.9490960589958,1677.8642407341556,41.9456115331163,245,0,None
301.4827656720103,312.1098387388341,1592.7140485417615,39.22600553705482,106,0,None
297.5042281128766,307.3385686695756,1323.2584958081773,45.89213958629067,42,0,None
302.0326724841516,312.7606560786063,1543.9527187820913,42.87524199949521,93,0,None
300.7949824016302,311.7411210244188,1472.351924601963,55.53645387305808,144,1,Tool Wear Failure
300.5159628628868,308.61853709317387,1553.9040975340527,42.51331186225464,5,0,None
296.24011521930345,306.1424665451636,1527.945998187272,38.266318586992426,233,0,None
304.38064484138783,313.99104732122396,1570.3981436804845,45.45485419582418,23,0,None
300.42393091105265,312.0161080802799,1360.242281707341,46.737347384231825,93,0,None
298.66139879638837,308.32040747025286,1522.0400417200633,42.887120241445686,122,0,None
302.6576186571544,312.33537270617256,1570.8358054071334,46.074525385564094,14,0,None
299.92366645789224,309.5640621649469,1275.9073349886012,27.36493059733892,70,0,None
296.5643747936738,305.6985227197615,1556.918038028117,64.51151995564142,114,0,None
299.79492191792895,307.89839745347723,1662.8533483335111,42.983622892110255,36,0,None
298.17650356951475,308.69525685703286,1487.6975383196202,58.70121225179143,253,0,None
301.7799976582508,310.3013974182446,1808.9998393486949,23.576910313720635,40,0,None
301.2938844046487,310.63464037339185,1522.9889883458427,38.13472556121566,207,0,None
298.1029396051541,307.58668618309247,1391.690788901297,37.942915632673326,118,0,None
298.1700974953742,307.31744553811035,1511.535013074884,44.63247344286318,222,0,None
299.8488880908712,309.4967281764091,1323.9261313958798,47.329652008204796,158,0,None
299.4773429710293,310.00214335181175,1518.0260158782946,31.814777068662785,75,0,None
296.3920119247647,306.1532156358753,1368.654740791565,56.00262652471804,181,0,None
297.58892592026336,307.41406459275333,1464.7207406326509,60.91163293105159,139,0,None
300.135175919363,309.16151580445677,1425.444781430645,43.2883146272332,228,0,None
301.77624976523487,310.7027184924893,1449.6271038396928,37.88015800690633,243,0,None
296.41931054650416,306.6395131095896,1140.9987047377736,45.8500494819542,9,0,None
299.96387465853655,310.04742607444956,1534.1620751109058,51.00277190548818,245,0,None
296.97097691129954,306.59632099661127,1206.2763831914967,56.675796487612104,31,0,None
301.25373870399454,313.87714747225425,1370.9484952462767,47.29780626083021,140,0,None
301.8891474800962,312.1912380663065,1481.1193398291314,40.47388867764238,40,0,None
300.97643826327663,310.28476426287665,1679.1539687856457,38.25631522256378,229,0,None
299.42065438285914,309.75569490106056,1874.148606959006,50.68573332344651,192,0,None
298.51122900557493,308.5935701929151,1856.6948302540127,60.40778770176251,79,0,None
300.37722375713344,308.9880156425671,1499.3734645831526,28.6071649432752,9,0,None
299.9051165417949,309.3954322560736,1792.6310524161677,50.636726317055135,98,0,None
300.25128483944957,311.23806580005294,1788.7907494675708,30.46790374943796,210,0,None
301.3775157307916,309.16644353127236,1705.9458005496108,35.454292168645395,135,0,None
299.5570829325684,310.2162855553037,1533.9396920207391,40.24366136620591,31,0,None
303.8457128854181,312.99601693695854,1628.0754019228837,21.644781544926534,202,0,None
300.28334040810626,308.6975644977935,1577.2416729410234,39.743758895749025,169,0,None
296.4413445160612,308.93993330178677,1536.1524940226627,35.14265305604437,250,0,None
295.6364439402611,306.7064423692186,1504.331320614896,45.07006750569282,222,0,None
302.2669689840261,311.9031302068403,1365.917469099718,25.24601571381579,250,0,None
302.1267423527531,313.3137482725398,1429.3131077021208,46.671649044287776,197,0,None
298.4846665769966,308.6224000961318,1374.419808304658,29.02186458806222,232,0,None
301.86562280857606,311.70134467427397,1499.6094337490358,27.781000012030507,17,0,None
299.10616455972695,310.14688490549077,1356.1587747124706,36.52086236291436,233,0,None
302.2918992528831,311.7775160138411,1628.2762133742287,46.02509003023351,231,0,None
300.6084241177526,311.80885718138813,1477.3039499186596,46.10768574264946,38,0,None
298.7804402833656,308.41889166493036,1444.0581939340282,34.82377154969079,91,0,None
301.50466010444586,309.92559693267174,1650.0464289636889,40.141738698861914,222,0,None
302.1891754942518,312.5454387983165,1513.4490943314997,58.840044213553526,174,0,None
298.0520496127296,307.5456870698431,1290.5215786002223,48.62062340103729,0,0,None
302.0215858912476,312.6665084971547,1522.3974792412853,32.63241642967803,39,0,None
299.1668253030387,309.3744567594513,1449.6196639292937,53.03070199673364,75,0,None
300.0158351824887,311.1736747680476,1482.8830261241342,46.66706443914062,27,0,None
301.5918327512618,311.005820568479,1376.9280013222678,22.907301380571845,256,0,None
298.9816963093863,307.971547200631,1822.646210409221,46.49788881926027,109,0,None
302.05514704099636,312.93960504062875,1208.0113560545728,31.15115102942083,257,0,None
296.5066427881614,305.9118638965447,1354.2646386248223,22.553163666795562,63,0,None
302.5123302613461,313.08750308848073,1372.2365497359701,32.59617653782761,80,0,None
301.7139024736885,313.09112000403826,1500.9867916945434,29.33478818382059,150,0,None
297.4125634561676,306.82954774873366,1280.431599636692,28.760143586282588,198,0,None
299.2086590879522,309.5484610616752,1532.3779455752647,52.87421444091757,125,0,None
299.48311805135,308.85068242455804,1636.67836672573,38.770609421607226,64,0,None
298.1505992636268,307.68230758584616,1698.7434143874052,45.38211063217476,27,0,None
298.3953511042497,309.64489972470767,1704.5616877431203,41.33052675823841,241,0,None
298.4347874204012,308.8486862552526,1375.547122519888,34.32274075326238,5,0,None
298.94458433678557,308.38407450223735,1191.2720476244551,28.983563332095418,158,0,None
299.7765161080173,308.90248630499764,1418.9274132612495,21.225450047207392,109,0,None
301.6805522456962,314.7495627053143,1677.932106926048,41.84664840882377,160,0,None
300.7681809894688,311.103912201366,1675.7077211372527,45.26667142310404,220,0,None
300.5301298503112,310.89567872603493,1376.098264617252,33.65326682427784,254,1,Overstrain Failure
301.41070944789783,313.2274017881493,1222.6045827835458,58.606671444029345,66,0,None
300.9306632340852,309.6921932845981,1474.8871392931858,32.66001244730913,32,0,None
295.7844042731798,306.12700939618054,1676.1293460945935,44.71498489789888,134,0,None
299.54252635791227,309.6622075890621,1638.0125874122177,50.504253692147394,177,0,None
299.57996219770564,309.30704199301306,1241.4137695053398,47.33747486383093,212,0,None
300.0733823709786,311.2344292828763,1539.2710777638374,27.03669598122937,212,0,None
298.9266735001829,311.2654937817804,1579.036966947186,46.81176263916699,49,0,None
301.9643825786075,310.18482770405865,1458.2810346507756,39.04356756259891,64,1,Tool Wear Failure
303.2156833675708,314.3497913567251,1708.8513692745546,51.54681896299908,251,0,None
299.8843448262453,309.76736742157436,1277.0956940577244,30.938828631712852,197,0,None
299.24531208282707,309.1905709439856,1359.4392899212826,52.511714119144486,198,1,Power Failure
300.6307716621759,311.2676386059303,1651.4855614410424,30.278350805466612,131,0,None
304.1392204276327,315.1869935753714,1608.3341133201538,38.575027957505355,210,0,None
302.5537220048886,310.9282844454893,1487.1892194686852,25.21876695845846,195,0,None
300.8964319443582,310.6673169180574,1519.9958493595495,47.69563359936307,68,0,None
300.5951276892143,311.6520222764158,1491.6226615428416,41.89818182310407,61,0,None
299.6301989669474,308.47002148304557,1460.7497936863012,35.9533500922508,110,0,None
300.01912302755886,309.45745792047813,1656.6237052426259,45.88201722481627,73,0,None
299.64861305530013,308.14653718872194,1364.6942201958495,28.547799633905107,47,0,None
299.93065317652713,309.954228020576,1587.9318497242093,49.925639033901774,63,0,None
302.35600684821196,311.8671624947227,1808.4448758861822,32.92769514183424,241,0,None
303.26061975199093,312.0549419256267,1172.8088209280436,43.23781248916424,129,0,None
300.37153648991097,310.2985253343213,1308.1557975996075,39.600214217971335,81,0,None
300.84126753779543,311.52765052748686,1572.861581850878,40.56056294734418,26,1,Tool Wear Failure
300.11043555267594,310.07463096995326,1263.8359752182394,47.02128560727857,255,0,None
301.80768280411826,309.87975354406143,1332.8654967500468,38.718094219113176,251,0,None
301.736353148084,311.1812345723633,1593.839348392821,55.951437762482406,103,0,None
302.4734777530343,313.0434439199765,1649.9545071739597,34.94274139031456,174,1,Overstrain Failure
302.9496510515473,313.43254383899693,1420.7724352105256,37.596089534867076,105,0,None
301.3098924517065,311.3177672070826,1372.021630605601,36.692974475286576,176,0,None
301.3273936807014,314.9702546838874,1752.477662575208,43.14823612889184,196,0,None
298.75800570422876,308.4195085730837,1365.9739603360117,48.81610194562951,49,1,Overstrain Failure
300.58145042445557,311.11740920366753,1693.2296974846465,48.0480525010767,19,0,None
301.67785142277984,312.40653164772993,1932.367808267796,46.245513964308955,230,0,None
298.4702080743745,309.1354753915202,1409.0051326247,30.178187119897547,135,0,None
299.4387962825769,309.9295112602879,1631.371500018681,7.354749453769401,73,0,None
300.1015322610765,310.4936859208887,1437.617424573769,39.139731077979526,133,0,None
301.71377372008874,312.04175977176084,1775.7913015527454,30.611995404534678,149,0,None
301.41162887264164,310.6305116399974,1354.3720703743527,43.42480411674848,7,0,None
299.08273107300226,309.6996987611096,1078.282226865376,39.50254825235264,226,0,None
301.8357947236401,313.74064366975,1272.9634008964765,24.5550184409535,214,0,None
300.8426052038373,311.1523661979145,1558.8414604888324,22.441442401048267,255,0,None
300.62087331791076,309.9216129115863,1136.270345696238,50.82235039357475,68,0,None
300.2135794275986,310.5807631509713,1428.2086350316185,43.18900130067615,59,0,None
301.41829516207594,312.413395249085,1738.8301975795857,33.172875924015436,23,0,None
299.8327742634701,310.2854407707306,1504.4721792343946,35.71064216976271,177,0,None
300.4709713920599,310.15712691640795,1465.8650354702654,54.79042376010426,52,0,None
303.67557435113736,312.50510928977855,1591.3900449185378,42.98129503071464,216,0,None
301.0237092177662,312.74518117006295,1543.2144005287714,51.05218063848172,227,0,None
303.1291418445214,312.8353228330626,1598.060488745949,33.933963835474835,207,0,None
302.5834434685119,313.5102717958454,1432.7731488892937,52.31454927830287,133,0,None
302.56403789819774,311.3015596596898,1271.3614945539573,47.108836139212656,148,0,None
299.8321446191472,308.1097348737718,1446.7099888176836,52.47467707339822,44,0,None
299.7674391377497,309.4542193880354,1460.633034112064,50.883754340216925,254,1,Power Failure
302.59500664599733,311.96254887100633,1260.6580341041697,33.981041526231586,5,0,None
297.87499099528884,306.9648382748465,1813.729455199922,40.96088945632221,258,0,None
298.4885475028737,309.4245745588497,1612.6652217297453,29.634908712695374,183,0,None
302.32959961427895,312.095483709955,1438.7955649921644,34.73121915684411,56,0,None
297.7375891584192,309.6609539151966,1879.9488080788778,48.17335603756795,74,0,None
302.3057002331658,311.3639053004317,1636.7609930938443,28.786243996494235,114,0,None
300.66368789068457,311.59797963737077,1784.7011591033356,35.49443757872851,157,0,None
300.9201905628844,309.94904655473437,1421.7719317018882,44.95400728275995,171,0,None
296.9897980638159,307.39030853739973,1356.0584388824836,47.04943405009125,219,0,None
299.2977075164163,309.01948359138413,1732.8116443299848,23.985470602992912,186,0,None
299.4072821393264,310.1901793290142,1400.2859296452039,62.689070412083254,142,0,None
299.86322585766015,308.83483989259366,1825.2555100999602,40.731460974095526,203,0,None
304.83826217508886,314.0209344599322,1537.6750177694232,36.30670897210781,92,0,None
306.68041240012957,317.00781981780176,1703.5963501173694,42.638965553286894,227,0,None
297.36040780186113,308.20697663585537,1527.9351734866825,20.004770594174595,242,0,None
297.1427661643441,305.6963930808318,1146.3415152275684,23.533572774774928,143,0,None
299.27788689139226,308.973594001833,1479.797252322776,60.325335756572926,242,0,None
301.6251651992399,311.27914798655814,1663.1231657737655,50.06195881666474,152,1,Tool Wear Failure
298.89111729488616,308.5168523955515,1853.4171252266246,40.56760418829987,227,0,None
301.2692543195358,311.64688153129947,1834.5671359613502,40.83660914139905,17,0,None
295.80288426292094,306.4436026058185,1603.8634053074475,53.58671907245179,4,0,None
303.1039928641113,312.85115650387564,1200.850876571008,39.74603718288004,188,0,None
301.4949021790974,312.7851893270807,1659.9104561883319,41.37015650998508,203,0,None
298.4223336939917,308.4334922075765,1130.3768271753738,36.8097857183934,97,0,None
302.2084701734885,313.4083685220407,1598.9959923790825,40.1238910921522,186,0,None
298.0802713998279,307.61604976794405,1664.4481436424076,31.48142157809634,1,0,None
300.3615865779027,309.7937984394517,1399.8501519955892,42.67851210526252,227,0,None
300.71251206531457,309.82216872973254,1509.0665824550015,43.54704541950924,117,0,None
298.8932243481512,311.1397919536806,1183.2278727243338,30.550685988838275,241,0,None
299.9251672486395,309.69410314292446,1599.2304110316588,40.29917894723406,52,0,None
301.49546895848624,313.44849382551206,1629.1481372969042,53.234279292288555,216,0,None
302.0182880080448,313.0471855106253,1492.5666822752762,39.063999372920904,65,0,None
300.4990012006898,311.71024141100645,1543.0388570056243,28.383878076300398,114,0,None
300.9448799792956,311.53695532649874,1520.9760526333891,52.31727653134462,8,0,None
298.42380073658836,308.5954646503128,1403.065431017126,26.15433055874106,59,0,None
298.0127493604137,309.19086995041533,1275.963021533178,49.420220355306036,201,0,None
301.21839710695207,312.1106349274586,1473.0486020907174,39.16883239912952,116,0,None
298.1215863819131,309.1466165286194,1750.4338597352591,55.21949803365971,119,0,None
300.50828961615304,311.4953381089946,1683.7602637949321,43.26808570242965,37,0,None
296.27855079245103,306.3658746944893,1478.0887863823298,37.128280142830704,222,0,None
299.7386801845335,310.0772512038424,1651.6995575169574,47.032954831947194,160,1,Tool Wear Failure
297.8771868120016,307.609856957102,1454.8429278219617,34.99443625358008,217,0,None
301.74194118623666,311.4506132353849,1440.85388769836,33.403102067064864,38,0,None
298.8851758687553,308.82287274596877,1473.6197831513477,37.39532752217988,182,0,None
301.3867870191533,311.0031720184596,1255.2979750245604,43.8319675074484,165,0,None
297.5618320651676,307.35498806176093,1480.5962723137825,39.209338902481136,242,0,None
302.0846142105602,314.3589723943881,1871.6248514587326,53.540994486027934,44,0,None
299.01008391579455,307.9644846535026,1597.4588299972618,43.3657602790042,198,0,None
298.9152822417495,309.12087637992045,1395.4099843204851,36.96348010748595,26,0,None
298.250553396432,309.37417702267413,1699.0518914194774,42.07484347540802,70,0,None
299.94728116763304,311.4233074792602,1322.6312351286533,30.08282896077892,203,0,None
301.67230028673566,310.6403313460634,1560.04235134674,49.01523167716672,148,0,None
299.34571789176107,311.02798841346197,1499.6934853293926,59.04820353409961,162,0,None
300.4679442881223,310.3117958737216,1249.962297933767,43.303971487723395,93,0,None
299.82134937322905,309.0612920062177,1748.406812605702,59.76955024169878,201,0,None
298.57093282437074,308.958807130604,1473.6224454694361,50.54013479250919,170,0,None
296.5244715339568,306.86726361960524,1846.563917965435,47.556156208362474,94,0,None
298.7067212480629,308.84479733658316,1489.3760568512812,45.7457731812452,18,0,None
300.3998486061036,311.42352836025515,1224.9899274108525,41.0005863849085,138,1,Random Failure
299.5964203915048,309.6399605359624,1477.256608493563,36.36052781321126,36,0,None
299.2568040909738,309.8255583377593,1466.7985508627276,46.950851420389114,37,0,None
302.21807326325336,312.29014552228887,1679.11750096005,43.47731076926736,10,0,None
296.85539520611275,306.31627145851303,1626.637745750685,46.47042044423102,0,0,None
300.05726237875314,309.3600297354098,1379.7312578328467,37.521939161255176,226,0,None
294.7688456134117,304.21458503829484,1608.664292228762,28.999252820049264,40,0,None
298.96820240549744,311.2630649449517,1534.3341679631728,43.82848829219758,113,0,None
297.254499909936,307.5168541218694,1398.7294566979208,33.62090601306368,149,0,None
300.43806774534454,310.22398667072594,1404.9446897837263,43.04993593617816,79,0,None
297.69808994388586,307.7832427922045,1499.880738112762,31.77844215686332,251,0,None
300.17723923150953,309.71930058332975,1721.2327998326027,40.68433016948005,25,0,None
297.03917936409806,308.01757622731145,1558.2162322274999,48.489727894953575,58,0,None
297.45684164629876,306.46361751794376,1229.953714051912,30.002422311554717,72,0,None
300.61108963879786,311.3370985599178,1932.40072683813,59.70418194876292,71,0,None
298.77069960374376,308.77655160640563,1260.4380576264048,55.871249627442836,89,0,None
300.2686659205795,309.19049256498164,1535.4150446110543,49.31218827356781,154,0,None
300.0513601975445,308.29662937217785,1491.6561461966314,66.10971385513011,141,0,None
301.8361405985663,311.08792482840306,1375.3088653540296,32.84063259334531,76,0,None
302.265475072999,311.92757670452215,1706.1222015103915,38.3978688219824,192,0,None
302.69489992948417,312.71608539986073,1441.467218076942,37.579658059423224,63,0,None
298.9651405866009,308.8004715055523,1502.9597915088332,53.80330413296241,180,0,None
298.5439756002809,309.560145543943,1658.04689799014,32.04919811167096,11,0,None
298.4946451480832,308.3690401146341,1586.4571856099265,48.681060451708916,48,0,None
302.90476177563227,312.836639856964,1644.8639239569175,36.803929724202774,14,0,None
300.89707453045696,311.52053058373974,1616.6938751952832,41.61802477850255,196,0,None
295.7883972886203,304.7818880755222,1350.0017942052816,53.20933126048281,91,0,None
299.52716077195873,310.5126518491695,1678.206219503428,46.16267522959836,152,0,None
297.21732018125664,307.74071684856625,1576.8218389229144,37.55564385307133,236,0,None
298.53871308310005,309.02683966904493,1410.5122441476499,42.33364333726361,51,0,None
298.0007741783064,310.81836910220454,1836.5434489899287,24.717984696328266,67,0,None
299.93705144264175,310.39148292827656,1486.2300693838208,51.19678993268752,237,0,None
303.6854166385469,312.5525925627855,1640.0960785300058,56.60207877977602,258,1,Overstrain Failure
301.71949409006095,312.57843863477757,1701.9261199149666,41.67613312239241,152,0,None
297.57286197878625,307.33009864025007,1590.7588209691128,62.589261475343704,61,1,Overstrain Failure
300.76761251881794,310.19097009081065,1493.7811828827573,51.937077277953705,172,0,None
301.56209690235534,311.02915871526267,1678.445688206717,27.58802180775632,56,0,None
300.9851055933325,310.22468165045063,1525.3155319906875,28.049321674289615,193,0,None
298.4433906427107,308.32727647192604,1500.7616266899743,67.88454441955729,122,0,None
298.6044714374485,306.9686682563678,1544.6566821928027,67.00017787067267,146,0,None
300.77844843578566,310.1319750124859,1726.7579900625556,37.205376158129674,88,0,None
301.0141354943835,309.36591865371486,1708.054913614711,38.79431131880948,126,0,None
297.6955364749114,308.4907368927833,1367.095055198184,42.48517369461885,51,0,None
298.09833138929963,306.3806290283252,1520.5689260011927,49.51507681930815,122,0,None
300.3329954647992,310.4921851984819,1515.3995380435115,43.026331508284436,118,0,None
292.5082673972234,302.7302973376451,1919.6053853694207,43.535809293366086,24,0,None
302.8661435788739,311.5110543748631,1336.9923972169436,20.13925447018209,253,0,None
298.5129119518099,307.8704296159492,1488.9063618106231,46.32258373474095,105,0,None
303.1790384001738,313.3051951962163,1304.0296198704982,25.242044526586028,138,0,None
303.08019735504695,312.54276362590787,1390.8063526566793,60.61108416950634,4,0,None
300.4558135948104,311.14841428059526,1375.467492010678,18.803437252096625,67,0,None
300.77357794239094,311.42969110837845,951.0142601618902,41.662058473639476,59,0,None
298.14277802637423,306.2045475525383,1378.669444228579,39.076873154062184,20,0,None
303.8773775546252,313.16470418179495,1834.9444629624893,45.62287373665568,62,0,None
303.21427091055864,312.82177112299456,1395.9512178180785,40.39606416088467,60,0,None
303.8717604861028,313.217744643046,1514.957573889799,34.579017973333755,139,0,None
299.6966182718936,310.5825764201132,1593.313450851978,24.027663955032455,99,0,None
299.67067109651623,310.59779148302914,1231.76077583234,53.61259770660702,29,0,None
299.4564628407994,310.4689819601728,1365.4289054066642,23.626214432579427,132,0,None
299.65103595298183,309.13746245805,1523.0204441015615,47.40217056695752,49,0,None
299.86010682568684,308.72605597203267,1607.2955401226332,30.39786321610154,50,0,None
299.33095914180706,309.4404582756162,1584.2509288389638,40.51950468260876,203,0,None
299.1077053960017,310.3497432107646,1442.6088670923968,65.09096389597227,247,1,Random Failure
299.29433910702375,309.22476696948996,1401.497428994393,38.503764851691116,52,0,None
299.69410915298926,309.2448708248119,1385.1322046658815,62.29265385717532,136,0,None
300.0169230683173,311.29730245696544,1572.3216143921402,27.74194867936057,28,0,None
297.8814003683473,307.93465049232003,1363.2343705604019,41.77422734657441,46,0,None
301.11240926266447,311.4180416084606,1452.1513006399791,50.86427924074936,29,0,None
298.50986414128937,309.430094191211,1407.6285208050745,35.247019426104146,109,0,None
298.1915283880519,308.3155138205693,1637.39634332963,31.045095739985356,166,0,None
299.075836778768,308.9042812399652,1204.8754946562583,31.36481185434232,179,0,None
302.0734951419821,312.5405165611368,1692.4501787936413,38.52566019799867,43,0,None
302.83439449218804,313.9732315532695,1491.7496281561043,50.259366145125,217,0,None
299.5939422769596,309.17646593438326,1357.1428171991206,38.50717592553957,119,0,None
303.25783755548576,313.32635003185413,1833.249010577517,39.70371142565606,230,1,Random Failure
298.0090382807499,305.72640688457346,1532.2553734093335,31.508706790991287,244,0,None
300.6922761605482,312.64113057200564,1454.2758749251916,45.54269770141277,149,0,None
298.3630235542318,308.2327447923248,1484.8495357989332,40.20230171906219,141,0,None
300.3450147614752,310.0303923233287,1740.405178033469,29.990734450926485,97,0,None
302.379991314191,312.990306576619,1258.3544377751712,32.90930201930262,163,0,None
303.01721155120435,312.6408997269199,1444.567108179262,31.017439276914835,91,0,None
304.2348851257094,314.7660149919267,1381.117810777021,41.55580625515301,165,0,None
299.6970502152075,309.31297474807957,1481.7943140782781,55.1968497163119,108,0,None
300.8865903313042,311.39254250009725,1604.7073208017998,44.90711029845386,95,0,None
300.0692253361095,308.4302211893547,1610.891487080286,49.53541939412699,204,0,None
300.9728088821343,309.9839053041972,1013.3300560334375,52.376922003955826,211,0,None
298.8351559108579,308.78861239664894,1753.956221660952,41.555573606544534,236,0,None
300.3611147778601,309.44446411592867,1380.092741863486,31.065498697101205,195,0,None
299.3046547870236,311.18995429749253,1438.3461180038673,30.056648258976693,18,0,None
300.79931919263595,311.5450471665581,1572.5094722522724,49.296499952134624,96,0,None
297.2103779715725,306.7300365560694,1615.4711080831228,47.494973700570426,151,0,None
302.2452632077578,311.3553953033477,1531.9170742624283,43.52833239405598,203,0,None
297.5828456732718,307.6474025703258,1588.349345301244,46.303472488432206,147,0,None
302.56009451437467,311.54403941130516,1156.18648373428,30.51750399741125,66,0,None
301.4931653048765,310.20806901653106,1456.8139487678257,29.549103208636915,55,0,None
301.795558076953,312.1612242655368,1218.11062988563,29.171263512897845,81,0,None
299.883140147241,311.45970555030783,1573.9661983171375,49.37258214734928,239,0,None
301.48194138806673,311.37272522725567,1510.8884553697826,38.916300859099344,171,0,None
295.999148148786,306.65129409150717,1751.6013491103463,34.73672268030607,238,0,None
297.3327930995149,307.88596003662224,1675.0451901673662,20.816837813740715,194,0,None
299.91103341676836,311.67317274211024,1320.314401976354,37.71289132032675,63,0,None
300.975457086479,311.1542149754038,1582.8373088207757,49.76225623350663,64,0,None
298.4017625550353,309.7553278916606,1728.736359239414,33.10975156688214,12,0,None
296.9186732439883,305.7233887560409,1763.8278180148106,34.163826693594395,183,0,None
298.37347307553785,308.09525604718004,1592.1316352628426,27.51048655588373,190,0,None
302.0029524199194,310.7284499735851,1721.3212140134353,23.763088501208838,98,0,None
301.9201582437005,311.48762650213564,1860.3575328396598,48.39759440358182,9,0,None
300.42103547035583,310.63433287822676,1879.9468998576103,30.8089291498098,246,1,Power Failure
300.3369669554385,309.6338343461277,1548.3324116642677,64.50199887161335,254,1,Tool Wear Failure
296.1950963742143,306.56315610567833,1830.4513887280586,39.031963171378614,93,0,None
297.98950884706403,310.094905054516,1613.8085187517859,26.540533005490854,139,0,None
298.07079362616565,308.5505962557139,1209.3794812273554,43.162490940728404,92,0,None
298.9957274687471,308.94693300188317,1653.2224415943556,44.56667783841081,27,0,None
299.2696295797913,310.0560954039399,1684.1028165363805,54.697813647809056,240,0,None
298.6258988241958,307.85386616513574,1585.883985849034,38.3086603673811,259,0,None
302.09453613607343,313.330890650156,1437.7664395016616,29.438175222375612,31,0,None
299.9614834030932,308.902590916971,1592.0573335222875,26.826880377346388,212,0,None
298.7212462869697,310.26075631737586,1605.7506654747106,51.26660350950072,21,0,None
302.8299067664166,311.77623328980076,1430.1806836544904,37.02414914310945,179,0,None
305.3221557211471,314.4974583771049,1669.8187247219978,50.618754964861196,242,0,None
302.0376195940942,312.64809326976257,1553.197986325029,54.15751070204358,237,0,None
298.64135075247646,308.36543716180614,1446.554699129362,57.61914545005115,45,0,None
302.43011275997884,311.8244362945946,1450.870389112721,23.31897567547298,236,0,None
302.42645003879926,312.4079611493913,1916.567582293572,33.68613580188375,259,0,None
299.4202653151038,309.4168433549171,1681.15002348533,51.548022683806494,192,0,None
297.1204651459091,310.2428575766281,1802.2455449838412,49.47142704175198,198,1,Tool Wear Failure
300.8396883102337,310.0510353443528,1364.914074835044,55.277907853067816,241,0,None
296.4646684412251,305.7017501943751,1748.908031085141,45.42963261467283,144,0,None
300.8581992261196,310.07725070153776,1438.9569864069122,42.06691451918985,186,0,None
301.6662776562628,311.00241592364284,1411.8125920317204,31.772528450882536,224,0,None
299.00246949240113,310.1094388798191,1297.282238286876,38.26899672628508,118,0,None
297.03301637153663,305.96900768741745,1418.611020640025,33.570404379273874,155,0,None
296.77618962948236,306.65967131075973,1130.043540567256,30.819544016300846,155,0,None
298.2398068817173,309.3499340647926,1519.7462422822675,26.144390230177134,81,0,None
297.79584048059746,307.84642205767585,1372.083734981946,24.284595533806975,29,0,None
300.4628406195321,309.2885833364877,1333.8057051739113,38.50143729962381,123,0,None
301.5483293669426,312.54729202884835,1103.1125684611022,48.81653098270648,103,0,None
298.84050213484215,310.3610340699555,1467.357621547047,51.56938724030744,121,0,None
302.05585128896627,311.41711433545066,1098.149985642888,57.27561306638166,32,0,None
299.04422090729787,309.3053151122094,1550.3509779705291,50.38590725598329,249,0,None
300.87086574027626,312.0526505947376,1609.4466934122427,45.331183952028,108,0,None
297.30065174978716,308.0544899437611,1692.2893314962296,30.81680746698147,39,0,None
303.65282632852126,313.1741567654541,1500.494493510055,31.252472938273186,203,0,None
301.45095104707576,311.4774618500894,1872.5725786033286,23.080494031849863,88,0,None
301.3463016944211,311.2736955527052,1686.5856241938945,23.881685733285572,0,0,None
296.5041037351782,306.11777845679205,1365.3573372144176,46.77725550075717,155,0,None
292.2023754856929,301.4656987333674,1378.1146714494846,38.475503595974374,161,0,None
301.39103297703565,311.87573621911,1703.3191695348319,37.09243557657142,159,0,None
300.36083143133783,308.9308480265258,1352.466165285404,40.73204654118436,130,0,None
301.54516970960606,311.2871743140154,1796.516918370904,34.45409842282039,60,0,None
301.6748937667933,311.6747077798193,1561.914912241194,41.631927183105894,107,0,None
297.62657812650593,306.58690724050786,1563.1543230903706,45.23914761767452,248,0,None
303.8252401369137,313.6040221434403,1507.7746968145857,33.015172955549716,232,0,None
300.5056515134747,310.4389492290986,1334.0663760447433,30.614782123599028,145,0,None
296.08444378161977,307.4745866216573,1404.5390672329152,52.697003699572534,28,0,None
298.0500866104821,306.57899400244736,1130.2835704833333,26.195869129043423,99,0,None
299.5521671667326,309.84022937316547,1547.9151460626279,48.085690685816004,151,0,None
302.1845096078217,313.52912188318214,1565.628907072772,38.68471586616659,145,0,None
297.9615334029944,308.70796633520274,1355.0303490128563,51.38258272790471,109,0,None
294.4677939800065,304.13548761697206,1377.7285341107026,45.43694996713596,168,0,None
300.19765604376795,312.0220888420191,1763.421379797237,52.59626817137356,42,0,None
298.67462583626224,308.5273465467037,1652.6269383043812,46.502986899426546,115,0,None
298.3375103979481,308.9426420341007,1785.6693468921028,53.63942321509889,163,0,None
302.08331680980547,310.2224558321954,1563.4582013935633,34.06827520212829,82,0,None
301.427436772324,313.09299076185437,1573.454690218061,44.68699732851875,41,0,None
299.2763863600352,307.4649264698458,1493.908730100848,23.13021718547244,24,0,None
299.2342317520409,308.8819034752496,1758.3853489433739,44.4178481214837,2,0,None
299.829960448859,310.28491005198526,1568.513139614531,42.18523164062671,64,0,None
301.25294375325643,311.3488935962875,1651.7307455226492,47.448650108110286,178,0,None
299.5613834185256,309.1524544423631,1267.9597160698654,49.04175914308432,111,0,None
298.6187614556658,308.8631787751654,1604.6926084724175,43.61982046290552,140,1,Power Failure
298.7340310898622,310.75714506590344,1349.3082778888756,43.679133021128116,113,0,None
300.45978396151264,311.8720120233175,1259.29394583111,34.33363372301025,103,0,None
298.64767022467544,306.97629124610705,1539.4315940089293,38.533911633077366,59,0,None
300.00087660340785,308.3329878652115,1496.0178623619418,41.548650031671414,143,0,None
302.686591873337,312.05332529781634,1334.1121901651254,36.522745021888774,3,0,None
300.51124636298715,310.0234793677107,1539.0828245919438,37.96020839579168,66,0,None
299.82447722637255,308.6059636357049,1526.3262044719445,18.851258569067063,125,0,None
297.645386783242,307.3103783490673,1261.5679277653949,60.2620605426299,202,0,None
299.75875321662744,310.94004461242474,1336.0474619379734,54.17006839793422,73,1,Tool Wear Failure
299.8723004034434,308.2338745809034,1316.1972956530494,45.74397404402785,50,0,None
296.28829346537486,307.65374510763786,1436.5028969391776,22.223748683560512,63,0,None
300.00324741096875,310.5051073369004,1491.3694506311328,42.14924271310163,81,0,None
300.4850827292851,309.6484543490264,1242.5481328582143,27.959611831325425,228,0,None
302.99434092763994,311.9225037459952,1513.3623526310485,47.97976231634915,206,1,Power Failure
299.5405003582762,309.3853695814326,1473.703198833467,49.89963813016382,237,0,None
301.97403892149816,311.8564760207815,1618.2642090620618,31.965687728077775,61,0,None
299.0147571594084,309.5782104494746,1510.4422013337255,29.024708731621025,50,0,None
299.20955539132194,308.9887161735895,1429.5610164868149,40.642506764540514,10,0,None
302.8339277818701,313.1046071654627,1597.889945602657,51.04772137295224,158,0,None
300.8747000165461,310.67889859375407,1895.3805161318546,37.10926030809889,251,0,None
300.5247753975194,310.99846946171306,1551.120468607541,46.97114813783011,83,0,None
298.8049441896991,309.732142218048,1747.5690958497983,30.58190592271079,35,0,None
298.39244219797183,306.7542568293153,1475.126930462717,22.46843340590513,155,1,Tool Wear Failure
300.4949943549785,311.0949674246411,1607.9211932025198,57.86443297740388,196,0,None
303.6736909578103,313.03813814741955,1319.425499604621,39.484298276782425,20,0,None
302.2327767988026,311.77283195116706,1241.7223117402305,32.56679510245349,195,0,None
295.88881251395594,305.5994623228468,1331.1076055364754,21.42881678155676,9,0,None
299.6626814913869,308.43409893978315,1664.470997602513,49.67436973289051,61,0,None
300.6822689019161,310.79578048720794,1508.4304605333284,36.57219149218678,116,0,None
296.9843751739676,308.15916401642113,1456.1526245557347,49.4461826982665,3,0,None
304.5397835096262,314.18820220472327,1472.7833787628867,44.899414882675,26,0,None
295.34683626446304,305.76037366438635,1590.1288230744474,45.184484939133235,135,0,None
298.43430579095366,308.7287656093355,1449.1738538089326,54.59312253190389,258,0,None
301.3524344655275,311.88606316523095,1563.1878354988125,33.70670036812595,210,0,None
300.91462349517764,311.10433933680946,1529.9242169873812,40.00830759605941,235,0,None
302.990361279154,312.7874678885942,1159.0594804204377,45.90310186135964,62,0,None
301.6201294968203,311.7641164129647,1480.347793150882,35.75288450491867,249,1,Tool Wear Failure
300.5296023465068,309.024151552714,1730.0239267016034,40.37877563180528,170,0,None
301.18647644878405,311.1696982250849,1672.1540048568804,35.14321394557415,130,0,None
299.18261124300324,306.6484297466409,1618.6818144587587,19.356841141801052,87,0,None
301.88850650356056,312.34357861712544,1855.3524102526833,61.27483633107088,75,0,None
300.98814009357204,309.44341872304733,1695.127385822429,32.732720955648745,214,0,None
296.5009265259061,306.93838489595225,1368.2501956948602,56.34638254471847,227,0,None
297.7628731580895,308.90902500996356,1879.437951905411,59.06106052586472,73,0,None
302.4470835265504,313.25750017552747,1304.646966654026,32.69937621112471,35,0,None
301.05069793568117,309.9363263707519,1276.2413811303666,46.11333430842632,235,0,None
299.85489706226286,308.27996565568856,1343.1192804251302,30.338822600236067,224,0,None
301.0036400409497,311.39140534169996,1829.9020834717298,41.45311434897324,9,0,None
299.4400292615739,311.28826393268724,1482.6806700079467,38.681913286090726,90,0,None
302.5324156051512,312.28334696969284,1483.7005581784706,25.308056639384617,11,0,None
300.1938352477311,310.56399725756626,1498.3955145073296,40.52628036213734,238,0,None
298.0295816183639,309.508224341138,1754.3459750290883,45.61060920216072,48,0,None
301.06006020231825,312.57543504834825,1510.8146567135655,52.187724305395925,52,0,None
299.61314071456843,309.5609280207919,1857.6154609863138,34.690128216448215,65,0,None
297.62898962727854,306.7082392819998,1403.5524570903137,34.067542654682015,59,0,None
304.52119817598896,315.36972237976875,1552.739626113499,34.015539430139526,154,0,None
299.99045764939797,309.5131431988225,1534.8913650156753,38.83952936026879,246,1,Heat Dissipation Failure
297.87648938957744,307.91638336512193,1612.1020783314398,41.21566440005343,164,0,None
299.1295442631039,310.27941455237215,1198.3395280680065,25.04537808578945,110,0,None
302.8461625519165,313.1261632523779,1370.8616784115345,31.47095304410452,22,0,None
297.9945052796531,307.4277274700047,1508.4786721698185,55.798352886757186,175,0,None
302.588199219683,313.2876519048067,1714.707921262912,11.853199097072945,162,0,None
298.3748872843587,308.8661966650452,1478.001894912514,36.68648992606539,196,0,None
300.9899027950479,310.89208998696927,1354.6764894623648,34.826309485838756,79,0,None
300.762820495858,310.93798463572335,1459.043553255326,21.651677534692382,88,0,None
299.9277811770745,311.2016926613369,1332.9185207485914,50.0824063355741,110,0,None
298.3274223821077,308.1845064081689,1277.4569601163942,30.60386987357819,248,0,None
302.18914431390976,312.14994656732586,1876.8517647378899,22.54024638444768,31,0,None
299.7702338891808,310.85865341463335,1172.4902169646098,38.11552699918336,31,0,None
298.7372091191865,311.23434070071613,1643.8678045657198,53.10084902808089,51,0,None
299.65321743007934,311.0800642375325,1557.3092860290442,51.95332410459368,13,0,None
301.56000647988947,309.3666687475095,1738.543913020338,49.95590793902295,107,0,None
300.0860954429365,311.35539001541,1769.6705280897868,38.579103669699094,202,0,None
301.73110222232316,313.1675113126805,1159.243349801422,45.63096770200927,11,0,None
302.83747481652284,311.6597411010558,1453.0925075584782,54.001007822264405,173,0,None
301.6060253270226,311.6491618844369,1477.6478451466273,44.33582238646173,4,0,None
299.5735176348141,310.404734961631,1649.8822208919944,35.468825602210835,210,0,None
300.7843071697946,309.1785774949304,1736.9819681127742,54.65047306671872,161,0,None
303.3883971669399,314.3478624029124,1318.2845721080475,34.384093951694105,220,0,None
301.9392335243999,312.4234841340586,1582.2002550482828,39.658475663852066,116,0,None
301.61812535413935,310.7637567863517,1249.021124741845,60.91227042532843,102,0,None
300.80935471061406,310.68188126519294,1256.4417753809332,23.76187583497382,157,0,None
298.8332833004965,308.25217512289197,1505.8610375652377,39.47423039937534,132,0,None
301.0514304587823,311.85388366414367,1773.32234465691,53.4223042484305,166,0,None
299.7454190111777,310.3429493279767,1733.6406971851293,34.75599675088736,44,0,None
299.75614057471216,311.20512715027485,1240.020725121905,51.03898098577696,155,0,None
299.6943822995144,309.6612538377391,1856.6585820040616,34.67312677066908,31,0,None
301.41674294249896,308.43117103178037,1640.1005546334895,34.560150455817976,135,0,None
299.43772687547613,310.3225399312847,1682.2369109248773,41.91079206506181,146,0,None
305.711068801585,315.7794867207351,1368.6511508175108,43.12967027807708,113,0,None
300.6215862680062,310.6852707621025,1338.5696108402608,35.804398744823104,167,0,None
302.5462268794843,312.51247084175844,1162.5878809807232,30.214156941671487,146,0,None
301.5438458685958,311.32752910716414,1129.9815031144558,55.55125006837035,114,0,None
302.88608525226635,312.44052727324464,1607.7523807047144,35.76702025631418,189,0,None
300.5236194927966,311.28078678532916,1468.8145053783594,39.55599966652018,188,0,None
301.092054652288,310.562568497405,1574.1988795660293,70.58309315650209,213,0,None
300.58841063872865,312.709950853658,1668.7162097258529,40.4828491550245,162,0,None
302.46996409172647,311.5946732197177,1095.7455327683901,28.058435759798492,128,0,None
303.088752298494,313.6277902756287,1779.6305574931134,30.429959381891152,37,0,None
298.9775171302725,309.3073775064149,1309.8069723869764,27.301719560338412,258,0,None
302.8937924014564,311.5593734448362,1292.3042389987506,29.21530534885449,170,0,None
299.58577009682455,309.8340248915855,1782.862525152453,45.258562740003086,198,0,None
300.74276800354215,311.11581928993866,1434.4928495233526,49.14793054300537,41,0,None
298.7705953496078,308.7089036837261,1747.6311008189007,55.363556266135625,59,0,None
293.07367101761446,301.2474523373781,1703.1180268492094,35.72242102154659,198,0,None
301.7044517611407,313.807108933539,1597.3897735468372,60.40820070076696,173,0,None
300.11252665469857,309.6170388445561,1802.763683418014,53.9424525244979,199,0,None
296.13626358959976,306.23722611539364,1346.7786147983009,30.742935270103736,126,0,None
304.4328372580143,315.905897703261,1456.3880619010897,45.77289401443774,71,0,None
299.98842015737495,310.2785001129271,1095.4758170015223,45.02866423525528,17,0,None
298.3312693532879,309.1991662250733,1477.8596954975824,39.34727640560865,212,0,None
302.5774318758167,312.8170752990307,1719.5992908554067,46.486121587098424,206,0,None
302.11016196841314,311.017155572793,1537.3709828189544,29.163595827940533,116,0,None
298.0781437927139,307.1547818269401,1270.166808781988,23.958901536793668,97,0,None
301.6881187359864,312.03293957194495,1556.2897740648918,49.506291943810716,63,0,None
299.81577002701846,311.47638962073125,1226.4957879396522,52.32111687135503,198,0,None
300.6708618501057,311.3846070169592,1060.9845728977386,30.090008314780746,90,0,None
300.00395871970005,309.72865414837605,1461.7245301604937,36.99027491357197,179,0,None
298.00723286176844,306.94682026146575,1285.1213878913525,37.556251362778866,119,0,None
303.04341420540715,312.6019359701276,1009.7011570988906,42.09993816295795,144,0,None
300.2282672784235,311.0715305557066,1437.7791635609412,41.9567645294003,138,0,None
297.0177846544316,308.2758928514882,1433.5953538741585,45.74612179313206,56,0,None
297.00615906271975,307.04141004255257,1567.1239184804958,45.72146583931888,33,0,None
301.5627183953353,311.75488384922517,1497.6591385362021,33.20453559367242,154,0,None
299.68010638092767,310.6177789327524,1744.0193400203525,46.145081519231375,231,0,None
302.48686050515806,310.7728462012981,1542.442805453531,49.130909488858855,86,0,None
303.44390952453995,312.07907232559324,1466.9501469732772,34.47820548912308,237,0,None
301.8313256248341,311.9618801078062,1371.6659326174863,39.74025207670985,74,0,None
301.0769564249173,312.002356093145,1693.9160168595997,25.279559761987482,66,0,None
299.836810160542,310.0150006463709,1662.077809131555,57.37998561651951,180,0,None
300.13207051570373,309.2654219761636,1309.3046838043172,24.090795120121946,229,0,None
299.28121511643945,310.29094180796926,1702.5567637316267,51.4322030609123,26,0,None
300.0515597610909,309.947137804946,1718.8046524040278,21.904704185365308,199,0,None
300.11586660650494,308.9169802799836,1683.764289929831,50.30904439394422,18,0,None
299.37602807478174,308.3827447900634,1580.9543080564986,32.968811692160315,193,0,None
298.7836056206633,309.3685626513638,1667.8366762027895,54.1391609849144,150,0,None
296.4071616798063,305.06160921339426,1709.6476285253457,39.21460014725524,187,0,None
296.0182817676119,305.4599515117995,1360.021297691891,36.291010050502884,38,0,None
304.06297223947826,316.4562519888266,1248.4699012198394,34.81351750843309,131,0,None
300.41814610909773,311.7575940139393,1291.6921691621683,29.446766619708406,125,0,None
298.87914670698774,307.75687019107346,1342.2452748984292,20.538803122337182,133,0,None
299.8513657040388,308.81012054093577,1488.3203137223015,37.82948283610038,46,0,None
297.9340983973761,308.2725562983155,1237.9898135572228,47.383887604982384,34,0,None
301.94178612058346,310.23958423934084,1219.892026061506,39.753214971682915,215,0,None
299.3382219024224,308.7113544350321,1501.5781445329344,40.8055148424281,140,0,None
300.76694005092577,311.953463766947,1083.7861573872453,49.66935723514798,103,0,None
301.34981543291144,311.60935537834,1357.0070721562904,40.81748444154655,219,0,None
300.5363755753866,310.7911352398006,1747.397995205801,35.046506222926595,145,0,None
301.9198358322314,310.7393202245472,1230.9294376215234,44.122722456542945,11,0,None
300.6099688153053,310.35675243537105,1560.7168784231617,47.70012459140016,130,0,None
300.2408382311222,313.75327573527875,1742.872816651199,13.635378969818142,25,0,None
300.7158404163397,310.78762376797084,1544.1781067371073,60.56866250352819,60,0,None
300.27371819385627,311.17984195043954,1672.675157444476,36.25912696777512,247,0,None
298.34685040657865,307.9108909267472,1602.8568066479702,31.950949843352646,107,0,None
297.82652007724306,308.34060149154465,1369.1632154666308,41.419823816806954,33,0,None
299.86524268569855,309.92699392000515,1482.2890354950694,48.877452436401285,204,0,None
298.7512647420876,307.2108407063049,1582.8608851954878,35.983138146954616,201,0,None
300.0446162350257,311.1196260747567,1672.0660768085013,41.55762263373067,61,0,None
298.44480723322,307.89426671012507,1658.3750758197482,37.42283621731976,239,0,None
300.08428480238075,310.08310121908687,1765.761243360383,34.68689336957096,131,0,None
302.0935376944711,311.32916163421,1222.933545050868,39.317560016277035,144,0,None
297.1587232729359,308.19514221648564,1428.2684723509562,38.277119029534504,174,0,None
299.919147896793,310.03783080341367,1310.1325072264856,25.516964679438615,67,0,None
300.84282749541006,311.2650992392815,1665.112860984982,33.49283828723763,233,0,None
300.14044584049265,309.3553932583562,1426.4994420266128,57.732540456387184,256,0,None
301.14136239881543,312.5826212118094,1628.566706653635,32.12275910890905,128,0,None
302.8521472607482,311.6755348085307,1254.7430589930125,35.7555268766057,151,0,None
299.18333131248323,307.23073396023665,1334.664678791454,43.44627890100688,221,1,Tool Wear Failure
301.69377434133264,313.08061492956864,1628.0368917514459,58.21287739496913,182,0,None
297.89748092927624,306.27309919669887,1205.839567705819,32.84648336746331,229,0,None
303.5216002233576,314.7899124551568,1715.3413081499077,41.084461554741345,252,0,None
301.9523229870508,312.26654167505177,1568.3746661847065,46.013772500921405,142,0,None
302.7835748738299,311.69250847588984,1791.0091962419388,46.703331322075414,81,0,None
300.5516721847474,311.00293254849925,1375.5167354254907,29.901288669168203,137,0,None
299.4446783504507,308.3429241315549,1419.3400318133843,44.84695531603118,157,0,None
300.7029871328917,309.9522705816451,1843.5885969170135,39.62279731616397,156,0,None
299.9711602378188,310.2680752137981,1585.0834020120599,48.35115240017859,1,0,None
298.05499705273,309.0026694318989,1068.5916670314118,48.15102212156983,99,0,None
299.8345809978147,308.4489776796818,1438.3893610958592,32.859433491431346,201,0,None
295.9081783416228,305.95731512952324,1497.396694927948,42.933775212114604,60,0,None
302.41839610714413,313.270114494395,1424.6419958407193,31.759857688603745,5,0,None
302.09930067595474,313.0394760196871,1550.4222836940005,49.19884276474633,146,0,None
297.29031087798126,307.4134652863483,1325.5087881682675,43.42356028879891,216,0,None
297.88150614332557,307.0096873335805,1264.2232223877593,44.1714075863928,107,0,None
298.56436855739156,308.8816998067643,1328.6973319839178,46.614751826611446,68,0,None
300.5232918617206,311.46714092026417,1264.0962512519948,43.38801356610227,172,0,None
301.88099485685274,310.43423281771504,1720.3085063150268,49.87300677914116,50,0,None
298.5155777415689,307.86348815514003,1908.6928498886955,32.75875515406436,89,0,None
300.96755888352806,310.1072218931249,1740.0320719517522,43.905569441165596,67,0,None
297.6270041866059,307.6188385709607,1729.626359994253,47.70259195050244,146,0,None
300.70695535220966,311.1375361009206,1317.4440947062049,38.05846642220652,189,0,None
298.5258879796918,308.4371744364771,1287.3111298831905,34.76612288217269,46,0,None
300.86587649192336,311.1920912432639,1839.0269564017894,46.608548804526805,177,0,None
301.6490920153683,310.9146045054133,1527.411792302752,46.62192050614783,47,0,None
300.9186642597116,310.91495538944906,1571.1026030937917,38.95679629702805,218,0,None
301.38146989079974,312.36562549303886,1580.3946456329447,43.090887496081905,170,0,None
297.5460965205629,307.17429278566556,1799.4615237705284,38.92140106412688,99,0,None
301.0753636910838,311.588840123688,1241.7251401287338,34.50810210444328,200,0,None
303.0468716664408,314.041334567027,1158.3838417401757,32.546589737110104,10,0,None
301.62197594191485,310.6309182057435,1533.0234187426543,41.55775491014602,86,0,None
299.6655122494754,309.4409137400581,1618.5197293845192,27.285338583158527,157,0,None
299.71716952108545,310.6365494678492,1530.0162050036872,31.90723049640638,20,0,None
295.9771672691153,308.6337693343861,1760.6807791667982,31.32722204014038,162,1,Overstrain Failure
302.01008811505096,310.93994709684495,1386.9366667684683,37.33831195081605,1,0,None
296.8235626064221,304.9788325959752,1457.3507112518853,58.08352225999041,246,0,None
300.47994323635163,310.9346445233805,1390.62781356845,42.395660766912634,22,0,None
297.83847498393203,308.16094043685035,1621.67931852136,49.70796230709591,60,0,None
298.9083433459426,307.83811963037783,1631.2801459800735,52.19800397305865,75,0,None
299.3368452450719,308.1557439701091,1260.1729670529141,57.96462647968381,48,0,None
299.68994798825685,309.4309028487739,1454.8236257588742,49.66128005277359,163,0,None
296.8951407875695,306.32318284671965,1730.5131769071759,27.111150584671627,180,0,None
300.9799205908716,310.47051998168564,1415.9430465543594,35.25115875408592,258,0,None
299.65203397629057,310.5128769511189,1754.5510052570987,43.20741049464675,45,0,None
297.3595625719626,309.3814852102709,1655.1058083505318,29.227798887537418,170,0,None
298.0025181347956,308.58063628299806,1339.8077500602953,30.144752840128728,42,0,None
303.76685511826304,314.255738344163,1381.2828677009825,32.2800876469062,216,0,None
299.81075353896483,311.2156530700355,1338.106980570078,37.11960837316609,76,0,None
298.1854791746329,306.2732889488501,1538.5708016649844,41.00249119105264,33,0,None
298.4066649321294,309.3963468943979,1528.7844924606725,39.4184744195125,154,0,None
299.4399856258169,309.91616375021266,1564.5370199958736,42.301467130876794,163,1,Tool Wear Failure
300.9683764328086,310.85334595192273,1524.3345589965563,30.287363641511458,66,0,None
300.45338421235033,311.0570333793337,1508.8851361546895,35.284387737739145,84,0,None
298.9614733769471,307.5568002953956,1163.8192976930568,37.110558642924616,6,0,None
297.4374119057888,307.9705667561824,1736.120793684171,39.0168003027466,131,0,None
294.8080287181179,306.17640066165745,1512.344099995968,39.70237393257514,215,1,Heat Dissipation Failure
301.28589964390034,310.93815930013295,1070.406170798267,20.038025878376324,236,0,None
297.87433558663497,306.103241910173,1465.431232962107,42.282933133293234,196,0,None
302.9038903773971,313.10617195430456,1555.4035902557644,26.852294162642153,240,0,None
301.1645796653944,310.14621885347714,1587.138489942622,38.492229876638234,208,0,None
299.3121623285186,309.79499421010945,1308.5631183088617,31.988643038802955,61,0,None
296.6509540451357,305.5318056975705,1493.6365855636063,65.4103129888601,250,0,None
299.9169464015021,309.71363729746747,1477.4879860658798,34.26922050538102,131,0,None
299.1310409511659,307.4297959037412,1323.2684871818633,28.54693054121226,46,0,None
297.7941861761629,307.364537283419,1718.1297011216445,40.169953676802685,156,0,None
297.8294062383736,308.7246659084154,1262.0653327847933,42.9894862796997,34,0,None
302.28140204033195,313.00779731470976,1552.0276025425733,60.28251375278832,125,0,None
300.51921125185174,311.3454269066682,1570.1411251353347,34.9981823005422,167,0,None
299.01792738271786,306.8215019115695,1457.589002243245,50.94989214173765,89,0,None
298.6065021016339,307.3155720641288,1573.1452267860927,55.43748102526415,132,0,None
299.39060839604804,308.0083615833246,1726.6125656651488,28.567912174736648,88,0,None
297.5204633158401,307.6882960737816,1261.0013628444235,51.6245875377781,73,0,None
299.0764734886736,309.8071228661203,1732.5626456825748,42.90838579437734,76,0,None
301.5090239980065,312.41348370778957,1347.9507923245396,51.95120482796408,35,0,None
302.43842731959273,314.3039978285742,1566.175711280909,27.106441694626167,148,0,None
301.7305798671446,311.2943708307389,1686.029523049584,31.9697933739835,221,0,None
302.23517247612216,312.6251320664233,1438.3164743259345,61.35892324792607,4,0,None
301.10547320036676,308.28406301901026,1317.8072354893677,48.08126060438643,224,0,None
297.5308413048801,308.0003286293505,1676.35311909744,34.51978935827395,75,0,None
293.9590624048865,305.27239909592674,1391.4407336034667,48.57041450236689,78,0,None
297.38292468881457,308.21386796835236,1725.9752113096747,47.62090474604819,159,0,None
299.518926403847,308.3618240182613,1491.4856480702829,45.40168711361848,35,0,None
300.3631697337398,310.3739848846196,1842.04439051005,63.24171137995506,237,0,None
302.51532807795843,313.252353138954,1422.0596569347747,39.29891282618236,200,0,None
300.3574268981543,309.43343942720327,1660.197098607443,23.91466033408025,87,0,None
300.6852216399456,311.6412076152123,1436.866488908666,41.193600316534265,74,0,None
302.7363577393373,312.9920425269662,1617.248873931242,18.736833470985815,166,0,None
303.5916231344699,313.71704922728895,1168.9032379864902,47.536485467334906,75,0,None
297.9564041841756,308.2201452373663,1862.5077396767306,43.388467394929634,22,0,None
299.46539914723496,306.61361949521006,1842.7008947521538,38.530865548833596,91,0,None
299.7405529549188,310.74573234886464,1522.937278337864,44.521914868830635,178,0,None
297.9227802561262,306.9983544307746,1240.843455119649,32.930878040486135,177,0,None
299.15091515941805,308.7427360999922,1320.5812363649738,37.92318300376457,159,0,None
299.0055477318442,310.2074496503164,1591.2285944715893,35.327281892005175,49,0,None
300.5553479491456,312.1208183499358,1591.4481890488876,42.05272126827224,114,0,None
301.6756541817026,311.7388325361372,1333.6380178719016,44.77245427936653,131,0,None
301.0079312263892,310.31977820380433,1641.0462283416546,55.7004450434016,124,0,None
297.95102461935,307.19690510910874,1695.0330682610097,44.718631463570624,50,0,None
299.0004865775699,309.38481253288194,1430.3499043434672,40.21843114043649,29,0,None
300.18291241553004,312.0271592951841,1091.7618548472863,46.685501789258524,192,0,None
301.8813630952906,312.2483686993808,1501.3502785794817,47.84641903864066,47,0,None
301.59144988847,310.9181434611747,1416.8974296442957,37.544871264259,36,0,None
303.32728489978587,313.0361130922139,1163.8137643742575,26.11644351728968,124,0,None
299.44738020503377,311.2650765710879,1637.2395505571671,31.082444265025558,241,0,None
301.4309446641057,310.54112793108993,1551.5402717183213,36.616722422797395,67,0,None
303.8657341645914,313.75796802684226,1563.3698559123732,40.7248864068718,250,0,None
298.7945140972581,308.36758393815217,1482.8865683984022,32.383259277697995,35,0,None
297.94181689526175,306.43780369524967,1685.8886125873232,57.04800141682573,70,0,None
301.3460677348504,311.9098379273528,1564.3551835727717,48.468085802202296,214,0,None
300.25207201468453,310.1028167537874,1487.1568861835906,37.44406068873787,11,0,None
302.52241297161277,311.6152057959311,1450.6106462279497,34.20033338453555,177,0,None
302.4142123435572,312.8694305148581,1634.9286582224697,48.015521434278014,215,0,None
300.8885633888135,311.26295535082323,1625.7524482634217,37.51368894455179,113,0,None
300.82595077396417,310.23168025986354,1390.1280553289823,32.50144830771426,44,0,None
298.35280540515936,308.31098553854616,1542.0587434950112,48.51460951409074,117,0,None
299.2437058067153,307.22877487376667,1639.9328435933664,38.48095850098629,48,0,None
303.5170618208115,314.5309830914724,1586.5826096323835,33.270359009264276,219,0,None
298.52557137369524,307.1360220663471,1642.7461226752034,25.175725283027646,125,0,None
301.8022765642635,311.98865566480345,1195.9460856708642,21.060254175792867,190,0,None
299.4013677525753,308.2869708464771,1533.096774973584,29.952890543707028,122,0,None
299.05292656179677,309.88496981679634,1408.1217548755164,37.801575351128065,138,0,None
297.9965813046555,308.6968607969242,1544.170196489926,26.29430370361419,85,0,None
299.0717390450037,311.0023277160098,1656.0934874272964,44.30166402424713,196,0,None
299.57784589956293,309.06087501249687,1595.3766131661125,41.21501394622773,143,0,None
301.60049350084824,310.6603306179832,1315.9187990397816,54.09629574813193,28,0,None
298.6399460953244,309.186725772238,1363.8551055209673,32.88484480802668,109,0,None
300.159876573213,311.7102135745395,1587.3569956623019,31.889606488584,25,0,None
300.68464959290543,312.75355544356245,1572.50363826098,41.65226238874753,238,0,None
299.06292989451407,309.0666782507214,1271.8457073451948,27.244725344511153,226,0,None
297.8989327607394,308.07860793839944,1512.9926925634954,44.679131467916946,93,0,None
300.07168247773916,309.73915567276197,1686.4732421176689,45.143585911237125,130,0,None
302.72176009293975,313.0924450119601,1472.357004960773,34.49492864955822,55,0,None
303.006439504445,311.7059773246896,1573.0835959904498,41.32374722779825,115,0,None
301.38269080406246,310.73790445323675,1370.3754770185767,30.877281219796163,43,0,None
299.6631542572376,308.27671616355263,1371.8139579407384,41.24502367796971,195,0,None
301.284842395899,311.2137398177228,1551.3317080844288,47.11501675932149,256,0,None
297.4029203022912,306.8553486762821,1386.0127976390518,53.65003616257909,51,0,None
299.02487110924466,308.2854413575075,1589.6203413704422,49.258320118168996,259,0,None
301.5471828394488,310.74627750705525,1713.222275349438,28.948689068245464,147,0,None
299.67171771612334,309.7819196662422,1455.5074059772649,31.179440237641494,238,0,None
302.33221895487833,311.182683766554,1736.9791093342117,45.43401496520189,67,0,None
299.8340510676046,309.75191740358014,1364.2586630409735,35.286063999299415,148,0,None
303.50650823358967,313.2821903977676,1803.7434749235913,50.533009311735505,66,0,None
298.4779576760398,308.81856139760686,1338.9528978662383,42.512918019988405,110,0,None
299.1943825062435,308.6680472810636,1263.5806220827508,55.44708060682554,13,0,None
303.64856145738423,314.42585802806775,1616.8390873954124,44.809565433855624,211,0,None
304.3889794272662,314.65521082364694,1492.5887958808698,37.72175835748521,177,0,None
302.5901658942845,312.11588464799036,1465.2930060261638,34.113090803141645,116,0,None
297.6965642274351,306.83516453322017,1548.2127995692742,66.52874386810821,190,0,None
300.8727439459568,309.83321378259967,1359.6414208113904,38.710882974708014,187,0,None
299.89228919062975,308.98813447117374,1526.682231866842,28.966746861890933,127,0,None
300.88672555061333,311.83139193338036,1716.4220130201145,35.44799727124859,165,0,None
298.65172775399435,308.5669390204518,1407.8123446936638,47.115715317467505,113,0,None
299.5396924514802,310.9037387380532,1445.973215204166,43.85245702893423,66,0,None
300.54486322040117,309.0793589081608,1445.996759265731,40.37925841023895,185,0,None
299.78161976555145,309.0114175759567,1769.366022230521,51.84396803291669,252,1,Tool Wear Failure
299.4813414026343,309.7796353963656,1567.9869800033932,48.322521306238876,57,0,None
299.9317641788305,310.05618204658685,1599.1039767425839,42.2837925063453,184,0,None
298.8986728427476,308.1541651469073,1425.4810535479935,25.31595912499363,212,0,None
300.3201953199216,309.8373474202863,1385.6922430321679,50.18607422173985,193,1,Heat Dissipation Failure
302.70141107525035,312.37312964959284,1623.3052567730358,30.87352762164263,138,1,Tool Wear Failure
297.6792954856189,307.5415921661777,1736.226094795138,29.12578982243356,72,0,None
298.2821241647239,308.512242724826,1417.7962546500503,48.3652220624393,194,0,None
302.7013321340869,313.2699666524107,1521.1040073918848,37.975916375969554,233,0,None
296.8965852947098,307.94274248791265,1389.9072214434777,36.4822643649439,117,0,None
300.66207250928704,310.0455834450654,1384.0582061679927,40.61009450190714,191,0,None
298.5490588456561,310.77774200330214,1296.430846191784,53.7656446195012,59,0,None
300.1763702406957,310.6005925097796,1660.915311350215,29.22756220135153,177,0,None
304.98252060469787,315.9204512840847,1491.056913777743,37.34416625475702,45,0,None
299.40088298081014,310.3532998074644,1441.6240527313084,24.925910755882576,116,0,None
297.5447590274841,308.21616019197086,1503.2394545534346,45.0119984297757,24,0,None
302.0451642157731,313.224068838364,1579.819140971246,43.78683413465035,125,0,None
300.38376683625467,307.9990531621442,1382.4878815473157,35.590677117009,27,0,None
301.28276077407406,312.1053001530036,1907.0007200051714,40.007109054517954,136,0,None
297.9211532250768,307.7992031439624,1872.8570656068644,23.37401900969305,112,0,None
299.07057924881326,309.4781438498811,1753.9261572623354,37.43122946143735,64,0,None
295.654502090589,307.2911658952203,1464.0725267277617,41.609298475118244,95,0,None
296.15349978769757,305.1660633386016,1390.3937540827508,44.30798182381919,113,0,None
298.8904664446631,309.1713547208226,1188.492310302888,25.11653858245282,88,0,None
301.41951155412,310.7182518746695,1463.001710010903,40.5116625338119,189,1,Random Failure
301.0035494004571,311.5382887957154,1423.4053590753203,55.27814401727757,108,0,None
300.5966462438067,310.5171225594672,1946.7256307728444,60.082104470254464,95,0,None
296.2372619571084,306.33664998293375,1392.2482116314432,56.25258135308109,2,0,None
299.61365895373973,307.8136180186844,1588.2338187559274,35.02110954569975,86,0,None
297.6334830008802,307.9272417729194,1434.3074004441253,33.79376429677876,112,0,None
297.9987762986776,307.7009934871321,1517.3028032097548,49.383370967328176,105,0,None
301.0247492405235,311.78475953557955,1569.8510100776025,41.3538103068524,38,0,None
303.6495017906372,312.9321079546725,1228.37761122352,29.631915105704742,87,0,None
301.67459562639976,312.2116224838032,1395.6311221674748,53.00329379290642,180,0,None
300.60968040554724,310.64905408140544,1664.513107326107,36.28177248125753,47,0,None
295.5468033951596,306.07189680422334,1508.4818264754042,41.850681099961015,50,0,None
298.419600994612,308.5907481134323,1609.9838955501143,31.56278752368625,118,0,None
299.16837475347666,310.5901248821664,1665.830276815433,39.08462976052342,151,0,None
302.51119752254135,313.4971490758823,1525.0108364729329,41.15072508907751,138,0,None
296.31256415532357,306.28880475302753,1432.2342163150154,27.56229130610261,158,0,None
300.9918979447177,311.3808513896754,1365.258618120761,69.45166469394226,105,0,None
304.87853446448077,314.6138953841406,1236.3904078976382,52.299979247829484,127,0,None
296.69254070535516,306.1203945666948,1398.1136111997723,29.799889271581364,202,0,None
303.8686722941653,314.56120591438884,1246.2294240776064,44.10686730229852,51,0,None
300.9000749745063,310.4410923524759,1426.017636210611,40.635535476254674,49,1,Heat Dissipation Failure
299.65928564247946,311.60186242551663,1677.023969821446,49.32215757148002,191,1,Heat Dissipation Failure
299.23292611758365,307.86937549660456,1145.1286892336168,42.385155045650784,156,0,None
298.73041261329735,309.5401773464768,1291.8589982549988,30.23270456051201,156,0,None
300.174376937062,309.7873859300945,1371.1438371872944,31.194775151079938,107,0,None
297.6236767589104,307.56713413140875,2132.411550079534,31.075818106719822,183,1,Overstrain Failure
301.8329424291669,311.40104386920535,1721.3059381850155,51.80678082288527,22,0,None
301.3203642038425,312.1771097760305,1419.346614023547,29.5449616785739,10,0,None
303.1737340365384,313.2303497707687,1529.1930583558978,35.504164425222754,214,0,None
297.1018835757915,306.522279121074,1633.6165095988888,22.432880621563754,198,0,None
299.9188361581868,309.75476475771137,1596.5291434645167,56.55603829540692,8,0,None
298.55105368317027,309.8422720475362,2102.4961554282036,52.49804191797497,38,0,None
300.32362706092863,310.0170191957602,1410.430106084844,40.17461829143148,191,0,None
300.482162964026,309.6763871045885,1345.6566329251475,44.41854558564381,145,0,None
300.5611267774102,310.19870398334405,1546.5422522828135,28.01869240913259,17,0,None
301.6537241237161,311.67101949254544,1241.5647355285123,37.42805775773921,95,0,None
299.8270005808255,308.4253564450854,1616.5054892635137,34.12868045839875,233,0,None
298.61437322796627,306.8367124397045,1428.7961067216274,38.97853389727192,251,0,None
299.41002587659483,309.5352181840266,1108.3045724281687,28.911184735758393,160,0,None
304.0893439773134,314.47658399601823,1603.8758876189647,45.00410313452142,166,0,None
300.63840260684594,309.4916718556619,1419.0999280290082,26.377200376775217,162,0,None
299.2196189462525,308.3339358786234,1241.317105541756,35.25180672808469,51,0,None
303.0159950417935,313.7096098378912,1259.2175753732208,43.33101169671964,242,0,None
300.54984712646984,309.7994356735239,1829.560585014298,58.79332217101256,102,0,None
300.10229877722685,310.46385073257085,1449.448085582117,35.41786561023043,155,0,None
301.21470208883716,308.96483049844164,1414.353960934373,35.17374184131383,223,0,None
298.65641891588194,308.4993463110189,1849.449426729607,50.53373031064497,149,0,None
299.17042656770366,309.6418766657938,1375.9943830196396,25.258504366700883,159,0,None
299.6010382356871,309.27775984238684,1219.6072896083047,30.8883090036709,173,0,None
300.16805409107127,309.7816541523688,1488.8611109854508,63.05342290177185,248,0,None
303.040411457176,311.7817109769554,1740.9423094226336,48.091389831938066,52,0,None
298.589614739358,308.29716140634787,1548.5354682868153,42.4251715015342,55,0,None
298.4887099043057,307.96889679986174,1455.9717290452859,27.25579147207271,96,0,None
301.7925321392458,312.0385467148072,1510.8989183193885,39.72514639904014,141,0,None
301.05889169051403,309.800574968716,1610.3905335496872,39.72759425009028,202,0,None
301.0978434856115,311.14729579264764,1507.851421908599,37.73436457648968,238,0,None
299.31866992675896,310.4830676585276,1500.088591306375,37.25834859349488,58,0,None
302.1981289027732,312.9556424315468,1402.2483506588865,47.771109711961564,137,0,None
299.60562420522405,309.3802261265338,1426.9434761510972,42.856252141894196,163,1,Heat Dissipation Failure
296.9681856544831,306.0110144602526,1137.8892294290893,45.5537695064789,208,0,None
297.507721277494,307.78511644354023,1780.5399313584282,23.625518005134623,206,0,None
298.25180506595194,308.3283997513438,1637.0612134025835,34.32081960360047,62,0,None
298.58928702582665,308.209326447406,1297.4573861900092,53.764238244399024,246,0,None
300.52053647159005,311.8598582339164,1339.040745373709,35.22073447416871,24,0,None
299.31598229848186,307.59876942078876,1617.216416999949,35.20437216838891,214,0,None
300.5163248155873,311.4744912519594,1137.1235196146338,34.10474027400663,101,0,None
302.03253471719916,311.3153563281528,1576.275167521999,43.10793409587298,72,0,None
296.41790042648836,307.2381807454658,1339.91079441523,41.62860837922354,8,0,None
301.3705612798027,311.96214439083303,1542.5915774225246,42.13159693968675,20,0,None
297.1824791471713,307.90509927971124,1481.4085769577212,29.053830981766097,114,1,Tool Wear Failure
298.6780795830082,310.39528729908403,1653.4986683350921,22.1112333822767,165,0,None
301.45600486769905,310.7797413522273,1536.8492556970025,54.24741928817627,204,0,None
299.91483033259885,311.34104962554875,1661.0994178302824,23.16698483218325,209,0,None
301.7621264332509,311.51574466404566,1371.0096235700557,50.93749390238211,188,0,None
299.93311401108576,309.1691598609119,1420.73943032137,50.9448402574088,54,0,None
301.0808506951798,310.74042558392324,1386.4670386152393,28.89101175610333,107,0,None
300.26942393405204,311.07788245468214,1326.1963387733804,41.037652266113895,1,0,None
300.72388754779104,311.1835593859663,1218.521558461547,48.87697370574621,85,0,None
298.2269883567785,308.11816990645275,1531.2342152338624,29.360976909558836,49,0,None
300.53461048596427,310.5392723569829,1729.0184185799594,23.204960548579365,105,0,None
301.36275307527944,310.4878275931906,1521.9188311485925,59.56860830973518,227,0,None
299.19333699471366,306.4247637266841,1430.1004226685898,40.134270215723596,219,0,None
299.1379465471671,309.7935551080237,1541.681677604653,55.948211664276855,138,1,Tool Wear Failure
296.75116774205253,305.25578482524713,1493.467399231814,36.54337024222015,21,0,None
297.05846531602316,306.9028268237211,1347.136468080091,31.55484124819684,144,0,None
294.208632231556,303.05319425837087,1658.3228387244963,33.56706861711546,211,0,None
300.11540266300614,309.0216927268931,1390.163298821464,25.796254447928323,223,0,None
299.37333842986806,308.34390360693135,1810.4088648614181,50.99923855097951,159,0,None
302.5980292729759,313.8069557246894,1395.0045147633014,50.89223708192151,180,0,None
298.32728733435886,308.03852385416286,1473.4993374905714,30.664618884130668,222,0,None
295.9797355301039,305.33928021429756,1448.2568993729121,56.65378312142056,194,0,None
298.14096800722535,308.74400153240055,1318.8083822025615,34.48328335107966,102,0,None
296.8681222718799,307.4474485917231,1332.299720470905,27.384928655276987,185,0,None
300.59338818335976,310.9332932229225,1647.1278905154777,25.363206492916355,27,0,None
300.62929346061776,310.1626582350288,1490.3820178201843,55.735405934842326,211,0,None
300.7322243202955,311.74514681445214,1574.4461959610358,21.73541390408465,240,1,Tool Wear Failure
298.75886068327463,308.5139048231769,1660.596722002632,50.90266988773247,79,0,None
301.627334004306,312.1824169213703,1591.606917837801,43.00470677609062,215,0,None
300.5075177554249,309.65546435058206,1851.4154591902447,36.7336905657176,123,0,None
298.6952930755532,310.31117452565616,1511.3311531127767,55.298811898050175,130,0,None
301.8547152782022,311.0495806592552,1571.1773206795242,35.01540412758997,112,0,None
301.8038554420361,309.6421768010538,1466.1808734920226,30.72274647427262,212,0,None
300.41773294484784,311.36949870243905,1631.647025293619,39.70032381219992,208,0,None
296.94409110557933,306.64859868249897,1255.5376687206995,48.52292519332882,75,0,None
298.7301994615105,309.4128519461259,1695.172833975464,26.48348049164203,217,0,None
300.18438566214627,309.29741663656426,1694.7932905267137,46.89077451611581,252,0,None
298.944364463253,308.1804178482875,1705.7245282517224,31.738399317674983,71,0,None
295.7035609281295,304.92951856891335,1261.7110224990263,37.03877907775271,177,0,None
297.24208004573075,306.97025757438456,1492.2032845772276,30.588276914406663,234,0,None
301.0613359038924,310.60173772490936,1553.3799591342008,46.75845664437025,220,0,None
295.96906591458344,305.82531891245094,1607.232458347826,47.3838538192082,199,0,None
299.9104245484991,311.03666269950617,1654.590184964657,38.679631907424934,214,0,None
297.4543241640721,306.30760296047043,1271.6666020183986,50.99838681925835,124,0,None
298.5226649573178,309.65159762926385,1175.479913444824,20.520967125360766,46,0,None
301.154402312394,310.9155691473582,1285.7649345202565,39.457556746492784,113,0,None
300.8728904979749,310.4842210187334,1424.3290440004187,40.45757346073671,23,0,None
299.13953769861223,309.02696635911997,1554.0883910074813,31.03910905617122,220,0,None
300.8513690115766,310.55934127709463,1433.462072157214,41.41807939980112,29,0,None
298.98018266136546,309.55023838204534,1461.08298874652,54.542609230503004,103,0,None
299.6839190940968,310.25194767689356,1208.4668072784784,44.25076149919948,58,0,None
298.46603151854634,308.0821546116917,1319.2407153450395,36.96302892875734,185,0,None
298.96744462331867,308.5440335556771,1479.5855083402637,29.203571187483575,183,0,None
296.70344409417726,307.0585633255193,1231.6778687232345,40.426251125964285,170,0,None
301.6444415767195,314.03182542159,1354.412714904983,48.20467567119001,222,1,Tool Wear Failure
303.9070463438948,315.53301993559495,1390.8711425459157,41.60734467204695,92,0,None
302.98770588477936,314.6868824008707,1698.7687987557513,35.842343011557546,72,0,None
300.35939863493667,311.43973441735517,1414.5971987923665,39.745779560099066,91,0,None
301.7259866693824,310.3397849790235,1298.2708141903586,34.23048111474707,45,0,None
294.75905607914365,304.90600609324287,1382.1643838690977,50.88089179268957,179,0,None
297.70577252735006,307.6688616295417,1471.7096481003227,31.02665319432389,61,0,None
299.66813746487276,309.1676512911004,1644.5565396917423,39.66787343368529,188,0,None
297.5740728484753,307.53007827783625,1380.6115921033586,41.37780994833435,168,0,None
303.54464848427955,312.77488358439916,1138.1440445901974,49.31499320511218,187,1,Heat Dissipation Failure
298.016687318925,308.93510211011727,1762.2909209093957,29.336977807538485,55,0,None
295.91055297297385,305.3405799606737,1896.619150683594,46.23053058596769,234,0,None
299.0075851687385,309.0823953467238,1162.1882357535555,52.13474781973618,230,0,None
301.0140447989297,312.36920542270707,1403.957042185923,39.284721762232046,258,0,None
297.8195365909365,307.8875718124969,1382.0344620794451,60.90556591103094,121,0,None
300.745330773053,313.2743781255986,1719.6661808880192,44.3034386764613,211,0,None
297.28288056089576,307.9278857395808,1713.4365166953405,51.629741702328815,223,0,None
298.51464848714176,308.1520640496251,1642.8474268962984,26.40734186940023,101,0,None
301.3710312936595,312.71919040480606,1501.163429288028,38.08479296873258,210,1,Heat Dissipation Failure
298.59400924100737,309.12324846877993,1540.3641087567678,45.20911550491184,55,0,None
295.3272406387784,304.93956540076414,1540.6777671243358,42.75161689293712,188,0,None
300.5830632510031,311.75672346265526,1344.048809965977,40.27912626569778,39,0,None
298.6433853601747,307.9494505448136,1376.939004597007,56.41526139268496,193,0,None
299.2940572663405,308.4725500900194,1659.3295983642056,49.09727185750459,217,0,None
299.0613031651837,309.52596339936866,1408.89905685854,64.26021104271392,61,0,None
297.40119891500626,308.31885800486236,1976.8514184710002,35.957902982777995,1,0,None
303.7142066037881,310.9107879380324,1470.8823802330921,20.700359083690067,51,0,None
304.6329332627188,316.1354339238368,1469.798108625236,54.18699067490824,78,0,None
299.236079507669,309.7256808441922,1509.6309730725286,25.260203229291164,224,0,None
298.2752051597011,309.0993088310153,1627.1243917152854,65.03144152619495,8,0,None
300.063934925781,309.60710600470657,1415.2849429976875,27.46799250657412,60,0,None
300.03322899147577,310.0890995091591,1295.6103406838433,37.41876424442503,133,0,None
300.43107770881727,310.31997337532465,1159.006100327049,33.83087516880485,119,0,None
298.8548692529073,308.10061804935845,1565.87654106706,43.39847778327715,72,0,None
300.0529781666582,309.82043559823217,1445.1329139759277,45.16227227431554,71,0,None
298.3746266324504,308.0201720577596,1639.9891323556128,8.991472847977366,218,0,None
300.7609312918188,310.9337189727053,1712.80646901883,41.28975523415691,67,0,None
300.60658811711994,311.1705151917171,1347.8661453233253,51.64965028742174,223,0,None
298.10339662574876,307.43575646701413,1639.7464985883628,38.49615208666921,223,0,None
300.66861243875894,310.86040356193735,1568.6615636822194,29.66830959350088,234,0,None
301.2223263989971,310.80153702201073,1548.4098011635745,33.70585526670781,221,0,None
299.086328851804,309.44066387197944,1471.2855283725794,40.487130504477676,148,0,None
299.87492394146796,310.7736279394618,1614.483912584177,47.93323195482694,149,0,None
302.57969026061,313.16644849313695,1713.8369070691135,62.143090706327804,216,0,None
299.2200331439479,309.9028150978074,1570.2917831896057,44.39144919451748,188,1,Overstrain Failure
299.2072703996467,309.84880524338996,1688.6071618438095,45.18157749154376,181,0,None
297.0563805874159,307.60897672666965,1618.9151143003833,29.461700958457094,33,0,None
298.8141312458465,308.406076418838,1519.97668083169,38.19213944139676,161,0,None
301.70165070025627,312.4760768817266,1451.7177944370223,41.866142795554204,145,0,None
299.3757823746499,309.28738110718575,1449.5903164411714,29.40803781292333,18,0,None
299.87115754576206,309.95200951466524,1593.2305656497933,16.600008832836295,80,0,None
300.58758993960265,311.4807893933364,1391.8882214735202,58.50220745587845,150,0,None
300.0867272918441,309.6906835352174,1509.7921305177574,34.06688616928489,186,0,None
301.758578993312,311.6334990121828,1726.9397270982754,39.79471736259241,145,0,None
299.1727838089245,308.88603756305866,1661.4620115822622,44.027456796211766,18,0,None
302.48399952465434,311.868762953739,1389.083782706891,39.13104176589243,235,0,None
301.3206814470027,310.1163154516931,1575.1651497437963,45.58670991508943,79,0,None
298.0270674745802,307.6678333213947,1396.0938710006853,27.82879323599757,146,0,None
298.749733844388,310.0780958441469,1834.48471275112,20.214276766548448,92,0,None
297.928633389043,311.2227806299532,1134.8030098258664,39.33775094892747,163,0,None
299.1995152244908,309.404197109112,1411.3182682880029,61.33455825752311,248,0,None
302.3147025889741,313.64291365901255,1254.363193278478,47.051520321219975,249,0,None
299.17439744342164,310.0316580291332,1224.044339478967,41.82284804087291,46,0,None
297.2498953014855,305.43467832634207,1333.6342359897271,24.07823472634594,101,0,None
301.14719280443404,311.6746548229957,1706.8052000960397,40.49766683666463,147,0,None
300.2774534681084,310.9660407047213,1692.7075759189565,15.599959256978856,6,0,None
300.74664676152105,312.0937093627925,1410.3032474651166,45.801954107579526,179,0,None
299.416069358766,308.6534554838929,1803.1410482518284,36.40372297052484,46,0,None
300.81015673704053,310.4191859705387,1719.493129005475,46.666639558937064,51,0,None
298.8162499120943,308.7240561911529,1528.984749917132,31.781466440416892,15,0,None
299.5924943574942,308.98822642142886,1451.9544065451923,22.81173629872709,135,0,None
300.2933610498624,312.7406898549202,1626.5328717620255,43.85457210424744,47,0,None
299.37924176804717,307.6746851535094,1325.506168192729,38.56434110568054,149,0,None
297.4154273174484,307.14069912335754,1670.8851866109899,45.99084103420338,13,0,None
299.4505630155188,310.3283549624811,1342.1748847565962,33.841669383486874,205,0,None
299.1751208405718,310.1113323150877,1608.6331521440936,30.499529172370803,172,0,None
296.7542410543826,306.82892428676024,1506.753167178061,57.85130038831968,82,0,None
297.0338122340085,306.6119383291052,1338.4640741110638,37.29150938626051,137,0,None
301.26149576037653,311.7093425270218,1533.1245199836217,32.58697969960807,201,0,None
300.2387180874482,311.68472373277785,1663.26858402901,43.95348189628418,125,0,None
298.7573867590866,309.59266773053463,1479.8341454970705,35.331522712664466,6,0,None
301.1294702032127,309.823497834995,1712.9871617776023,24.175258721307248,171,0,None
300.33551938809245,309.7503053557621,1719.462987764574,31.97028274711886,132,0,None
302.88510361829117,313.66346433441805,1233.4735825075256,49.604940418911596,187,0,None
301.07328671127664,310.4836555683509,1524.8874075007905,19.818512005160976,117,0,None
299.22688457679544,310.24455371969754,1529.2621962363112,30.15831124308258,68,0,None
299.3374954976523,310.5101612174053,1362.5305668431276,41.01477468317998,62,0,None
299.3637449593341,309.46072707364794,1506.6461177292952,30.852801079826165,104,0,None
301.7760061672505,311.6106077645316,1318.5698228663318,44.167729632740404,185,0,None
299.48930096323653,311.82692312963104,1391.1872742245098,37.95382897533092,185,0,None
298.27513146600245,310.30382669596156,1548.7086675948353,45.24765104784599,140,0,None
299.52906250175766,309.8226241388439,1276.529983121976,38.223600675282235,108,0,None
303.09566051201966,310.9715126011399,1785.8434632765695,18.737470700984158,65,0,None
297.9854242652918,306.2449502614882,1481.9611907158996,51.95668400615385,131,0,None
301.02351543506,311.5283004480471,1506.351084324719,32.952708424688005,147,0,None
297.5300472177969,307.79575971781475,1295.0222226162862,46.594579364309645,87,0,None
302.5710695608615,312.632058224678,1786.2657744553533,32.498586534678466,88,0,None
297.2604990452869,307.03932074052574,1374.9571731042759,46.36615172227706,72,0,None
299.2180586010619,307.94231875947565,1549.0163188388344,30.58744955220031,181,0,None
300.02250353966247,309.0870193561543,1798.9114001641142,48.67112343631464,158,0,None
301.05584708384015,310.68425823444176,1551.4984933268206,49.44952980423953,4,0,None
298.46114499145875,308.4185540327464,1474.9143417334194,46.02068405306007,11,0,None
303.1518091220657,312.0377623519005,1357.6589286279643,32.561182662440814,41,0,None
300.34789838991884,309.00898855447264,1416.3987707130204,43.48452457520441,2,0,None
301.55701021038703,310.8416201277713,1656.3163097788358,23.01600834994302,253,0,None
298.5266587034361,308.0853179461167,1436.74963539051,59.01602814569398,248,0,None
300.7095849779083,310.6687425302263,1568.0353402899204,45.26855746474396,107,0,None
297.72189048602775,307.90106260852235,1423.8397347048788,37.25057992299025,159,0,None
300.05931596230596,310.4339648295129,2169.039211420192,41.99956442500951,258,0,None
297.8245680422235,306.8186553348329,1524.0788680109138,50.33855926561363,190,0,None
302.5414392039174,313.4363840289662,1640.1031896269897,36.40873461462287,159,0,None
298.59907449297316,308.5702551810316,1294.9385782896682,35.48652886248689,240,0,None
304.6759771552125,313.39894103554724,1539.4677256328812,46.44588523224933,67,0,None
298.9977521100395,307.8982639117906,1476.5087952689303,46.76218101821658,0,0,None
297.5619872555666,306.208596170035,1571.8999428706447,50.55646921081542,27,0,None
300.0735141158675,308.62848904513464,1310.9200091335151,27.96172402463559,192,0,None
302.9823290790304,310.84591392832135,1316.6363015016038,37.048684524742576,188,1,Tool Wear Failure
297.9249804724444,307.42269240578383,1802.909455612226,42.40435734157137,146,1,Random Failure
301.61446200845774,310.6054171515515,1542.8653921263913,46.16719438721783,166,0,None
300.92490004748004,310.34581275789674,1598.9518306982995,46.788464387506714,98,0,None
301.54044146572573,311.5329991475696,1312.9782344795283,40.726148665836476,200,0,None
297.8432811397243,308.7777618718358,1365.6690818226882,61.68673441265811,48,0,None
305.5763707565366,315.472821814725,1567.856598485248,38.64188433683634,245,0,None
299.5118755541949,306.6471966394173,1232.5857955330646,47.394264920417896,209,0,None
299.0483289322476,309.49469559546077,1476.9900234904428,45.99608865282454,250,0,None
301.55079936078295,311.814955969181,1384.8795653159852,56.92877518894326,89,0,None
297.3677772770568,308.5091644900921,1425.6271424179138,29.121338249917645,13,0,None
300.04012834624433,312.10692969612165,1522.4724226854803,37.476944777559474,82,0,None
301.14178335807225,309.30315827821215,1424.396778264922,45.336818502805414,97,0,None
301.67320294648425,310.5242351949993,1433.9558350265886,46.49673383057327,47,0,None
301.39660342238176,310.11285915764813,1493.8323351211807,29.92706122697656,249,0,None
299.7898597183232,310.57240541627914,1504.2656094568792,51.65126131772624,138,0,None
300.270058345998,309.68159605865964,1458.3778522028567,38.43084746820842,230,0,None
296.73039304148597,308.0803904058333,1581.7423597828538,26.602152192712982,202,0,None
298.9311483767819,309.03484288894356,1782.8768385372946,55.597723098985156,47,0,None
297.28006929604913,307.8224279616294,1614.4907902826515,45.39803947310875,46,0,None
300.8800470374904,311.58508627607057,1766.4124661685673,48.69107253359773,31,0,None
300.36396913490256,309.3498845251405,1529.1303902923821,46.41907074159518,49,0,None
298.76993725150214,307.9632713269683,1892.1787258321087,24.771156676106628,94,0,None
299.483535416798,311.56594262555933,1563.39281879549,51.539407673382215,107,0,None
300.89109602398423,309.18451091190343,1416.394552061944,57.16099218351462,140,0,None
301.92477295768447,311.4902211371044,1622.0623088418733,38.26139558393144,49,1,Power Failure
301.34641604203483,311.8287620862054,1710.6600116086877,23.473533148685853,136,0,None
300.55783723893063,311.5686990423653,1575.6729840722885,42.114008632280374,40,0,None
297.3615099397016,307.3487499477317,1224.252625287244,39.1859599378273,249,0,None
300.97799722103446,311.5454695180543,1610.7894004666575,44.61221255180567,148,0,None
298.0094117551867,309.27511635110193,1468.4409297155164,39.9631477994614,73,0,None
304.0650176902319,316.37517137864825,1734.4014896594288,31.824223785271954,133,0,None
301.3133600698885,311.75436546881633,1425.2836602620473,49.1568280589575,145,0,None
300.52276364466184,311.7361755266668,1397.5790728094637,47.90757799231069,194,0,None
303.8562129779813,313.557213064785,1754.127601257961,47.84820613188363,175,1,Overstrain Failure
299.80470691412455,308.64398219231526,1486.1874713443653,40.52554533071352,198,0,None
301.6771619346011,313.0652393360634,1680.8403972096894,28.503509819730542,99,0,None
299.66567796809744,309.54843438424894,1252.5356131429937,46.86842380837541,104,0,None
299.05012195863833,308.5025099033761,1621.362455512565,30.818863858474202,133,0,None
302.0945516155089,310.2241236162993,1636.1506750739445,43.30240678595692,154,0,None
299.517337919762,309.1650401761534,1344.7677142472348,52.56289555784245,186,0,None
301.02798594557754,310.39948051323546,1592.7349587550718,44.733274428320705,205,0,None
299.2927034990088,307.81506576321783,1279.4075023322612,46.26899157905345,115,0,None
297.6578720551754,307.14568342025893,1401.8684340377083,34.152591050112335,182,0,None
297.2552898775406,307.3045351526559,1358.2788885355026,39.316276809162105,253,0,None
301.8836236715328,311.8683641464925,1577.8225260551358,41.8667966331639,86,0,None
303.6208821035547,314.866125171121,1593.8020776833373,43.68843176014168,155,0,None
300.42316101206046,310.4209862122219,1577.7050804700038,41.55225754542208,9,0,None
301.0912755037147,312.0333080271081,1499.2478525251224,39.88295059242167,225,0,None
301.8507310752548,311.82368577050204,1502.816940540078,36.98837012679998,242,0,None
298.246104009906,309.5893516176185,1523.0578164714113,32.08536326080441,129,0,None
299.3600202822805,309.2496188184609,1651.3770266162928,63.309412518368994,150,0,None
298.60719602351634,309.4875428856292,1592.6318989938725,34.291212150344286,39,0,None
300.65881316811914,311.93821750956585,1586.2657081220618,37.523380336522436,142,0,None
297.23796326061995,307.1669709748434,1356.440598766515,46.975879058405695,180,0,None
302.8486495453419,313.4912683781563,1722.570442563208,42.55202702764235,244,0,None
299.81650268792004,309.40821524542747,1478.444177829915,47.34131088298887,56,0,None
299.6167882597461,307.9573555743665,1236.3784279122208,34.174670801631095,42,0,None
299.87772140178,312.0381412357775,1715.8939932422736,32.57213337366905,85,0,None
296.543787886713,306.31790532202746,1751.2603958278373,46.24440030192039,257,1,Random Failure
298.8587007987967,309.37807476676187,1768.442562496999,32.0133617072681,112,0,None
303.3314381362237,314.2995240740244,1684.8277162203824,43.50075848353505,39,0,None
299.185468711204,309.8061728990608,1406.2552992516414,45.018141333598976,122,0,None
297.6944055468841,307.15700421298897,1300.592011097947,42.62776496196453,99,0,None
301.8697279448969,310.691015521084,1701.0587906735802,30.823354040345446,218,0,None
300.0919776495275,311.27061533491036,1618.9132241863945,59.0037977759567,256,0,None
299.35859508348943,307.2830662095247,1441.5046382879711,48.53332360509537,56,0,None
300.3897159657736,311.08746246770204,1921.62784384611,45.3724810616228,69,0,None
297.4925312218058,306.6526459135465,1690.262979504373,47.42820579673115,161,0,None
300.6706700376174,309.746977041141,1900.8639074918806,37.0593429117342,247,0,None
301.1707913008143,311.92574552272487,1304.3083367711254,40.48522060054174,194,0,None
299.37981446408577,308.8595244191127,1647.9803030293988,34.632397576513476,90,0,None
301.83589216432944,313.92741594151596,1743.8355482813122,44.71945163493785,90,0,None
300.45823353685023,311.71074508660854,1499.2908099199174,48.736868769347566,98,0,None
300.8460538295302,309.587217494018,1380.557866875143,31.7092270187945,187,0,None
304.48275415547226,313.33002286604966,1585.4193239701926,28.226076567781803,164,0,None
298.29626073744384,308.612114278365,1619.8371069533382,37.288451782007655,146,0,None
300.7099237350932,310.53646957411274,1565.275600579447,48.22482953421378,152,0,None
299.8885822995252,307.60837724810665,1594.0682765391439,53.36820601762296,30,0,None
298.1392786977582,309.04365195978636,1723.5528418774381,39.99533643787356,6,0,None
297.70186290758977,307.5034353697704,1401.0181243215025,38.64431430929808,84,0,None
301.94959998121055,313.5683196305745,1609.20815579236,55.16543702305037,157,0,None
296.6853463501564,306.58435170069095,1271.06858385487,28.038383252899827,37,0,None
301.3834101385356,310.2574430945468,1616.7752128334355,50.10675058725479,38,0,None
297.41819699416754,307.2916656372705,1566.779190143199,34.66783330907631,153,0,None
299.6768002743164,309.5245592467397,1774.943131308923,46.59902889816647,22,0,None
304.4829472063111,315.56244968117903,1387.5947759731582,45.36977306074844,60,0,None
298.9583830522679,310.10401854818446,1580.3661622418485,36.56669434875942,58,0,None
300.38018526703706,310.282777233266,1452.0582635228882,53.56610903187509,200,0,None
300.64694728982926,310.25807484072504,1590.313159719547,43.50801882148161,197,1,Random Failure
299.47339928921593,310.4432458338803,1429.5066023152028,26.40379609630261,29,0,None
300.86204182036965,311.5435898071559,1578.266582341002,42.13913049954364,86,0,None
299.83254635034166,310.2636093704097,1527.9023346489118,23.19301890396722,2,0,None
301.48302643584736,310.7470710018161,1657.6395332227742,51.41613629606195,12,0,None
301.2004867773448,312.10921328491065,1301.3834320251058,10.543646582765401,8,0,None
300.0321375717841,308.54815181630545,1108.8607718780354,14.268334273750533,20,0,None
302.30973268210033,313.94781192850064,1518.0647148297342,29.246211974049675,239,0,None
297.9481721438843,309.0157170736609,1193.7342996049633,32.480913001882335,123,0,None
299.7372103183475,308.9696647551615,1646.4829267267335,38.60919416048077,135,0,None
301.73688073118603,311.70394185986976,1407.1802844737965,45.2204506525264,113,0,None
300.34123284788234,307.71759842600693,1045.8063649946225,50.31718413874444,69,0,None
301.44780506548335,312.9098529745869,1750.27040051663,48.196582051724235,66,0,None
299.66342199805763,308.00305359835284,1563.537849969379,37.47933727096638,190,0,None
296.61005801454286,306.85124645055515,1385.1785047457763,44.946341652139395,206,0,None
298.3624839327083,308.5140835117094,1444.4377653750794,31.309619807718867,57,0,None
302.60585177181935,312.9731184496179,1344.4006926809698,26.908521105542476,42,0,None
303.60080757986293,314.5598673012595,1641.9719746191265,36.88885256253407,62,0,None
300.4985457813288,310.3336712546874,1590.0217500690642,49.36950349813641,22,0,None
299.29189518465824,309.28693661299747,1609.9129660169813,28.739138976358362,255,0,None
300.15128492302455,309.9060297052282,1319.151230630383,20.746417290594923,207,0,None
299.4516742976153,308.39895497978233,1635.162059991499,38.55548258083382,129,0,None
299.52679394091484,308.2798817377282,1479.810713075714,44.53793349489761,189,0,None
296.7548192342956,307.2182150477558,1543.3925016826122,35.86265969164965,182,0,None
299.0418062004344,309.82034292277046,1436.7005049653358,63.832032401544396,81,0,None
299.7099107818833,309.9315616144523,1396.341933728572,37.85321341848494,162,0,None
297.21801588494776,305.3559459430879,1681.6411705630433,61.370575035053754,86,0,None
298.1818922440246,307.9812423912965,1633.2337035660682,36.91642085670966,71,0,None
299.1918038580175,310.50222457186004,1463.7646019872786,37.60023928577258,108,0,None
301.4515917891956,311.2107457405457,1509.5312307638735,55.60260348607214,74,0,None
297.48501645548754,306.9685620105435,1406.800965648905,38.825300172922866,77,0,None
300.7956201369115,311.1675891306791,1558.3474169895765,37.7394251996634,63,0,None
295.91999694924095,305.662201501945,1482.8152656243888,25.96814344418778,209,0,None
302.48128259967956,313.9809968534882,1681.0202082439273,45.56601523199514,195,0,None
299.6166101470789,310.0973926900795,1463.125523512204,56.683590653585796,231,0,None
298.8873030881812,309.7921726673118,1774.8623606451456,47.15528552973596,170,0,None
300.9182932519908,311.4850573967295,1946.3669175084128,51.922416162568084,194,0,None
301.12844485550437,311.25193372534187,1313.7261472588739,36.03736760791756,112,0,None
299.9193437948274,309.38229813760006,1500.1974547317031,50.41700939528285,9,0,None
298.86114468070576,308.67490023167215,1638.8480491120092,48.76838236655448,249,0,None
300.1238447139307,309.9399630490218,1212.7042939797034,40.16505533899057,16,0,None
301.52567754217046,312.2890024863735,1383.0804690051316,38.176806964197766,137,0,None
298.5468298542018,309.36442695353014,1492.310394477823,49.7201435396013,6,0,None
298.81906407185784,309.7222194048367,1348.7263581783059,29.15924459699454,193,0,None
299.1490729002666,309.3977661155202,1318.2103517724283,36.39879369700634,243,0,None
296.2165295364564,305.3990871768006,1552.810688046616,42.33299847652298,101,0,None
298.45505754434265,310.779365771925,1273.9926040232137,40.47089662237842,81,0,None
297.20575695149466,308.81172884773576,1643.144164477813,41.287539439221106,61,0,None
296.92846883444423,307.75175188583836,1113.430752531907,34.931533075422145,217,0,None
299.04805096196554,308.26498964153734,1452.3226665128022,50.861968474018916,108,0,None
301.5229904452984,311.4168822930124,1488.6257388622323,28.744437706152006,172,0,None
300.44216275643254,310.2319453262837,1344.3143967321053,40.63901975341984,242,0,None
301.3272372328901,309.30898452474594,1582.4091249107405,23.94480549913035,47,0,None
299.40242226705226,308.9600907705046,1277.6804151021663,43.09156590889127,237,0,None
298.1036908027708,307.4721457126767,1615.1112300035868,50.11469444226745,11,0,None
301.71614517192353,309.8134437597151,1519.102763374688,32.507993870845766,91,0,None
298.8089428538628,308.2064063069066,1485.0893486248988,51.8343526796032,54,0,None
301.0121661321269,310.7554464464228,1594.354163344355,33.352667716600024,80,0,None
296.14224272393403,303.883065504705,1717.6300788463511,61.37799804533854,32,0,None
299.0493522149413,308.70145897406996,1733.0647328997732,27.821822532255286,84,0,None
303.5355032857203,313.28884266188504,1106.1572968765238,52.13625034575068,216,0,None
300.0361505133852,309.69063410470517,1645.81273025448,33.859069992132625,113,0,None
301.7076416133022,312.2329852212928,1384.3904097246357,59.095145902357814,195,0,None
299.5586631689012,309.9723585534782,1467.7059843491652,51.50009375258596,241,0,None
299.87602901368507,311.944231885296,1403.8136057177765,48.77301662378581,219,0,None
300.42872116630883,309.70068920272666,1770.7787889757226,53.132762653321464,201,0,None
300.51950874323506,310.91960381035835,1501.6890760675012,33.59527933310228,96,0,None
302.2388448037172,313.73978897184514,1295.190580719892,62.86539029595564,207,0,None
298.7710687481191,308.24477840441136,1278.8168258883034,32.21229173150788,131,0,None
299.28561788663734,309.55091119412447,1687.296333313437,30.436678410007403,199,0,None
296.84477438347704,307.22042410196406,1575.0249528291015,40.62998943177679,204,0,None
302.50468704723033,312.2634439538255,1334.0579552035233,41.79132500436538,222,0,None
301.60545467157306,311.23377048006665,1331.813959505547,51.830608905425166,41,0,None
301.0903279627629,310.75428666903224,1242.4782505160733,52.124169696215205,123,0,None
300.1965980706369,309.55163374083884,1264.9845539131966,35.94899506816827,238,0,None
299.06878275512673,309.20773964294096,1463.6769056837252,38.84760848751059,43,0,None
302.920910246963,311.55739405333765,1556.5515809392991,34.40019588660339,246,0,None
301.33874409447714,309.73140422250924,1963.9002482061348,30.94194009638,110,0,None
298.816685576613,310.18065595895166,1463.8002119143277,42.37045998197998,55,0,None
299.0646957728982,309.6331463203946,1562.6006484543018,47.937145558412794,166,0,None
302.9716872778839,313.11827852453894,1542.9246304725468,38.26604252460223,116,0,None
302.1213812722148,309.7531696811731,1610.159898157227,25.36075578176071,100,0,None
301.31161402734824,310.1263862575719,1646.4602454766646,51.49621424415035,144,0,None
301.5163136976054,310.6733414308606,1492.9300597003066,30.83409561023757,158,0,None
297.655506248862,308.3499463209453,1367.9288535159546,45.89899781255168,256,0,None
300.4991177091684,311.0440826406211,1172.7980831060681,58.52772238103573,80,1,Tool Wear Failure
303.00700463757425,313.7935639883612,1414.5934690672748,29.512203366767544,139,1,Random Failure
301.2395213152455,312.36130931114434,1533.5733473621842,42.67927682889203,62,0,None
300.7454914456736,309.98184712168944,1211.7530448042555,19.70584189547327,233,0,None
297.45985180285874,308.54414378496506,1563.1753086615572,30.21533946805171,91,0,None
296.45324785719146,306.9372328167785,1572.5353583651981,56.03371972574025,59,0,None
301.37379089799225,310.7773599127148,1550.044285282311,40.14201384947116,82,0,None
299.86890505399367,308.7323151092249,1305.4781669053862,29.0992210603927,52,0,None
298.9336827643816,309.5104356470631,1463.768387350232,36.70657293097428,180,0,None
303.3914248931489,313.61328158108176,878.7009519963668,52.98471215384593,137,0,None
303.8909508273708,312.95235167037873,1899.8809959773776,48.53103091844153,256,0,None
301.8190027286504,311.8429820192225,1643.0982168656908,51.623038772837624,100,0,None
298.3978949145143,306.0917662814459,1514.96323934126,40.08292454133872,40,0,None
300.7026615934898,309.7458518541559,1806.9887982991052,42.597991408913366,49,0,None
302.0713972802133,312.63875090252253,1336.7442312722465,42.00181930225602,133,0,None
295.6606960865273,306.78753778162195,1362.5286506568555,55.08219222961664,73,0,None
300.69308503793064,310.0863887911194,1305.6363085659523,49.47109469782653,177,0,None
300.79207521271525,310.8314191737529,1940.3702726745514,48.339197721785894,87,0,None
301.42981904455644,309.7427179049481,1674.4618144480182,36.11411702679368,93,0,None
298.23194760366465,306.8671023423903,1367.7211649721282,49.24230035952317,0,0,None
299.74346875389773,311.7529879839275,1358.619446490033,46.879563510167046,33,0,None
303.34468930503243,313.51500206163183,1394.4744019012312,27.381663601421323,15,0,None
299.95586435684396,311.105307782974,1502.2039579042441,34.62755177931014,235,1,Heat Dissipation Failure
299.667923444379,308.83530173451595,925.4382838616724,35.94823808642911,81,0,None
301.67326273031995,311.9052469545256,1552.2526207801743,55.45793828010369,174,0,None
297.1645096391247,304.94559013250637,1692.7699585874252,23.971542047271676,218,0,None
294.7946217176721,304.2473763486471,1524.096750979971,47.34107102146067,28,0,None
301.2488888572641,310.7788473097717,1619.4608127330557,50.05692407460872,158,0,None
298.9380263482725,308.2216158967421,1611.542550386118,43.18647473478437,105,0,None
299.1344892815802,310.13247007554446,1647.8142844023587,49.74197209176263,83,0,None
300.1760425050356,310.51229729807045,1647.5714743465392,38.60721839092361,155,0,None
301.9091891169072,312.6380560620751,1875.119253772148,45.23709446193506,194,0,None
297.83011455000207,308.36325973197347,1524.3957498881648,35.015181688331175,110,0,None
299.6904356227923,309.94886847466785,1503.1268635508613,41.62724125986474,142,0,None
299.353978765758,307.0256949362846,1898.0632479329256,37.63097100086222,72,0,None
300.0951435046284,310.8989722755842,1687.884380033168,39.70747129667906,235,1,Overstrain Failure
302.94602348630747,312.0335414749666,1407.9037600062156,48.459295905876786,81,0,None
299.9591075534021,311.52551041818634,1581.0030375612928,31.975253520907827,252,0,None
303.64562677284783,312.7791077965781,1577.2597619586622,51.474737892346766,153,0,None
302.52661149212037,312.11649045227244,1396.3406297151505,28.916195219043644,26,0,None
302.173968029022,313.1904896075204,1629.9450148292133,35.72837331594902,140,0,None
300.368891242459,309.42748656049525,2014.7905516887695,58.97130823028741,137,0,None
297.1354092000966,307.606703618236,1575.1380195676786,36.608730364348155,150,0,None
302.5287738807158,313.5536173438404,1696.105142443911,47.64841244882647,11,0,None
299.06916617507915,309.8681932311965,1559.6994684074732,42.03515279816245,35,0,None
297.9356847913562,308.59133848958675,1696.0039009691045,31.55806100329871,198,0,None
301.1345584180326,311.2207770969822,1490.5660527066657,25.4634917951736,229,0,None
299.3629727885851,309.59285918524995,1842.6862174909925,43.592400893498976,3,0,None
298.24104523935375,307.07000581559146,1612.8221149622427,25.15288379661697,243,0,None
300.0468090761157,309.8530299872112,1402.4263412306009,43.50710996324316,44,0,None
298.8561223422235,308.7598252442977,2018.6170109318832,32.97432809131999,71,0,None
300.1193107029591,310.59354988131594,1493.6057787731258,36.04496029607474,166,0,None
300.2550973383286,310.7486714003969,1685.189772152644,63.13995550447312,212,0,None
298.8092686953703,310.38073423501254,1455.831812970331,49.48345709086211,207,0,None
297.96500897953644,308.133652681096,1557.4983513825848,26.32510487058353,0,0,None
300.87089815030976,312.0537166900269,1616.8058323427326,49.60787925393414,253,0,None
301.55655135033993,310.827772786817,1432.8027397010314,33.0287066745032,133,0,None
299.04622901093506,309.30135579261713,1743.1081319146028,45.74329433203698,159,0,None
298.18188326701346,307.97353511509544,1694.2692013461015,55.824302189683365,247,0,None
300.9837469996582,312.09849646124303,1610.6054846572335,54.78224933529361,104,0,None
300.72927977070054,310.42271887506956,1486.0513595380899,37.123008602477086,234,0,None
305.21456824231,315.9136999420233,1418.5476856131809,61.98990275875853,49,0,None
301.32469081002233,312.9203572333741,1334.9259237050337,39.75648583013714,228,0,None
299.2043421479818,310.5907283063315,1623.0586208629243,45.33259605527573,162,0,None
298.16989382654066,308.84415218568967,1793.4882425075637,23.28818856661526,187,0,None
299.7985695742702,309.0120471124253,1495.0571793155611,27.11709570959158,168,0,None
301.222689923539,310.10908044717576,1479.4256289064333,43.57258058177115,231,0,None
300.5437920964889,308.465186195382,1320.1360244773443,43.025966198539635,31,0,None
301.2406172172532,311.58579810256055,1426.7801333659806,41.064792725609294,204,0,None
298.7377271795181,308.04311584608377,1395.7353608013448,42.92458789594024,220,0,None
300.52475322247955,310.79118098741077,1378.8381135949458,29.70631234758868,224,0,None
299.906439796408,311.67333028391465,1531.0043080275616,45.18892645966676,30,0,None
297.71304120679497,307.60937526415546,1569.8936815279255,37.88160433227884,112,0,None
299.7716519681862,309.6585066702642,1372.6624492073909,56.82084548292399,162,0,None
300.9361082978674,310.0168329232343,1256.1099733507617,40.77540414564474,162,0,None
301.4254353895284,310.94735242965197,1370.8586236484575,51.750477506096075,41,0,None
299.565269296442,308.35476353436707,1017.5824558388124,30.70077004369093,209,0,None
298.38913364528196,310.33874461345016,1504.5435311750177,38.72716861144582,136,0,None
301.57832410536776,311.7234459909052,1774.6781265804548,46.946432584076234,35,0,None
301.3965013854987,311.6745850814924,1569.1453493262866,43.03370649626413,143,0,None
296.6312224161389,307.63702496053185,1301.138685129565,48.36980958412275,50,0,None
300.7318602844832,312.5578328669486,1264.6713578887895,38.34095653766762,79,1,Tool Wear Failure
300.87026022128015,309.8478118131153,1742.9052257332405,35.91165130743774,82,1,Heat Dissipation Failure
298.75767474795003,307.2985774918968,1500.276921164064,51.94189612298085,250,0,None
300.76851472491137,309.77358177930137,1470.354767208267,39.838127746450745,179,1,Random Failure
300.23180474598774,310.90983128045366,1569.2158659325742,34.94293801490494,184,0,None
299.0832508556265,309.9078519688583,1395.537044235585,46.32743212082214,124,0,None
298.5485535903567,308.7993954759229,1243.194764633649,34.5390307294512,123,0,None
299.64212736787243,307.9772151687774,1299.9608419768786,30.45048598315101,191,0,None
300.6990854336178,310.1950426136775,1455.5863450669403,42.2806459735975,70,0,None
298.9866483085553,309.18162230147,1671.7349543046107,39.897642832998514,33,1,Overstrain Failure
296.69346848661803,307.96316526728043,1323.9359243789115,26.149741769623276,253,0,None
302.455145209148,312.4381444690689,1647.233092015179,35.11159991835994,203,0,None
297.4579341982418,308.30418395428404,1485.5544108176891,49.80369182850655,135,0,None
297.7581489770608,307.8686468812096,1663.5888249486352,49.802476472087804,48,0,None
300.2110690418065,310.9747637105057,1539.2220546760263,26.954332440866384,188,0,None
299.55149292918003,310.46243298778,1338.9015436035875,35.28258764797791,12,0,None
301.7692609876466,312.2806262001509,1628.0865601792445,34.693889079231276,114,0,None
301.62347887347954,313.0785547571539,1490.7671451204883,47.85593019587954,106,1,Tool Wear Failure
298.34817851163143,306.50220003386806,1541.8602891180374,42.68024095145314,7,0,None
302.2452791095175,312.61510554715016,1602.7282657377486,34.085764842865956,256,0,None
300.28717002451947,311.08887055281554,1448.704978289749,40.47516937781897,42,0,None
297.64321710365016,307.71570364602934,1470.4592973648541,50.76360008686353,208,0,None
300.1021131641702,310.3785252076426,1414.1503830259232,26.2792911166157,242,0,None
301.27349353006804,311.8636414715653,1639.085364320411,17.70946543046485,203,0,None
301.49898572734,312.0142420414919,1153.523465151919,42.51734501471124,134,0,None
300.00274248088095,310.1114286572629,1396.7265937322927,25.64483957936118,142,0,None
301.0150783275752,312.3800637784897,1522.790425594514,51.61217312431927,76,0,None
299.6608139528409,310.9277447386783,1537.5915280753418,51.384575977734364,222,0,None
298.2383901961935,308.4579155291151,1367.5112952680674,32.16892009425216,231,0,None
299.9853409360326,310.1238089411812,1591.1575257525078,23.82416277985378,64,0,None
299.10621906285684,309.11892312227263,1570.2301193806175,42.15771756859673,85,0,None
300.7779603224301,310.40945727504675,1577.4847976148058,47.864836643054836,215,0,None
301.3858407124999,311.3146452090282,1325.4615487810927,59.08522414933401,8,0,None
298.9159822157601,310.1817025343027,1153.9717560410909,39.569532936812124,61,0,None
300.94787632973987,310.5713784338354,1713.4051408230864,34.79039290410527,181,0,None
298.73922215995833,312.50038930929003,1462.3995580862797,57.49598832937122,156,0,None
300.21398655850993,311.2719416007624,1536.1497968533154,52.45608994184728,240,1,Tool Wear Failure
300.7991076348309,311.62433685949054,1386.509536390189,17.81553451848064,233,0,None
303.6011155911723,312.338438730188,1246.1641651718087,46.15958695682578,52,0,None
300.616860177337,310.9676242121782,1398.7762937138846,19.049806940480547,42,0,None
299.02245435018557,306.85363927937493,1748.129350937706,38.52054390367216,73,0,None
294.95087929708063,305.7350953551735,1658.0606797558964,47.26696268855,166,0,None
299.42934801050455,308.917051887976,1483.3653739929014,55.96392279170004,133,0,None
296.0851514769171,306.94439693140873,1499.1296145119138,37.84782402737547,128,0,None
295.07772786255174,305.6709114460742,1978.4612099299661,44.401406198245596,179,0,None
298.00768875199157,308.2289499488223,1727.9462793517878,69.80946689014205,242,0,None
301.0759618993593,309.59163381031357,1273.493273281928,42.83196963182658,241,0,None
299.52843756090294,308.5296726895377,1431.7709974832196,45.95803419178018,61,0,None
301.26188445168475,311.0287628772016,1556.8297801482836,48.40295348316114,123,0,None
299.644544015167,309.71211780947226,1437.476633991808,38.552881803014564,103,0,None
300.5267891591077,309.67326162640785,1386.7632487469816,37.956422062865855,46,0,None
302.7455512138938,312.6263277076914,1639.5300813168883,40.94557263577665,69,0,None
302.11589541546317,312.99994230769056,1627.0991152994732,47.79403062504938,141,0,None
297.21218953457895,305.8636733945111,1424.020860097246,40.52714439485982,190,1,Overstrain Failure
301.27841362625156,310.56102658761154,1304.1109644061069,40.27182258254809,247,0,None
297.5225491515829,307.4279446792442,1792.0641307547462,32.27384021055576,140,0,None
299.1296848960577,309.879016073652,1505.3127800939458,26.910796022584748,219,0,None
300.79648507609164,310.39585446696685,1318.603840527248,32.186881516398536,154,0,None
298.75172168780483,307.3957483801266,1492.1866788377167,53.89382351535126,121,0,None
299.62063297369525,311.5710723225697,1520.4254630672576,30.02328788995688,132,0,None
303.6305547259428,312.7835359113793,1693.0544027009923,35.290139169697554,156,0,None
303.15510694216175,314.0070288392305,1499.4958570492595,45.013298827384276,201,1,Tool Wear Failure
294.5384437800139,306.93919186662674,1852.3669719688369,36.207954821556626,4,0,None
298.74258356294416,308.97015363114576,1717.7517877438404,53.480481615110726,81,1,Heat Dissipation Failure
301.0159889595741,310.53317764626473,1332.137215786298,42.63525580923019,69,0,None
303.7251723376483,312.60127042158274,1479.9746424495024,38.45406027089692,83,0,None
298.1149349130881,307.6576668479003,1528.8208200872327,59.82000279588068,246,0,None
300.1630892354996,311.11239828605784,1385.9513596843653,41.41599696359198,147,0,None
298.27964456579184,307.82913433563823,1678.8645453811723,44.722482469767776,25,0,None
298.569877887791,308.7072386477257,1665.1723404367094,37.52443220482382,51,0,None
302.4416458819041,310.9735235429803,1713.2520927433966,39.340238951616165,46,0,None
304.8514864021128,315.9001385608403,1489.2563161412836,32.40649381965041,208,0,None
300.007051648593,309.6470174238763,1776.5932349864938,15.350817667036122,7,0,None
302.1962000705877,312.5624171735293,1564.9631000995046,43.35682741538214,206,0,None
300.23030540178695,311.3670278929621,1495.9335352273504,35.11805630627764,46,0,None
299.15648453877867,309.50536508608195,1563.701955862078,53.94565423510694,120,0,None
298.1418102854529,306.29233954156905,1748.7704951539456,31.176771022731835,256,0,None
303.80036856703543,315.8055897514997,1861.9069248737253,44.60628880550055,85,0,None
301.73747230764144,308.64149726157643,1394.5451781651857,48.86513000505529,243,0,None
302.91877594386455,312.4590618474926,1359.2179977045541,48.609406825873066,36,0,None
301.59955774628435,313.07334067828305,1540.1101676663404,34.14957060273208,152,0,None
298.2610375681305,308.3149158237521,1670.4657773627766,26.396588744376587,137,0,None
298.83685983713525,308.20331594256857,1715.3205804731847,33.489833599302685,147,0,None
297.8753044494224,309.24841692370865,1717.4636528580984,44.31734735110618,47,0,None
303.4560870736352,313.03744814500334,1477.8302318808037,37.77650593301136,29,0,None
300.20838857898207,310.7372238320911,1774.5472925490283,44.94510537242466,31,0,None
301.4334719730331,311.53400423332636,1654.12402594877,39.298124164077684,111,0,None
298.2426687863305,308.00236128529406,1440.1756578658062,50.17708604356261,251,1,Tool Wear Failure
300.65477455876567,310.9319971467321,1477.7112903006587,47.68492016516918,114,0,None
299.44642379795226,310.4280045773917,1325.9870700916729,47.972336496470064,172,0,None
299.82526360211324,309.0985631424593,1519.8174198157014,38.3055536079733,175,0,None
298.8120415257286,308.9575206085467,1362.5164577825092,23.912103238754014,246,0,None
303.91343155083354,313.8801281313563,1488.4623220527715,38.3935642923921,194,0,None
301.0831090012949,309.28838997017556,1410.8899845056453,26.259218875402254,70,0,None
301.3921362027233,312.8859590767212,1364.7386038589539,37.889978975429585,103,0,None
299.5242355878034,311.3391442749017,1313.1883561656696,21.353091564920827,217,0,None
302.68610578400865,313.35822066774267,1467.7306873687132,37.12420172911195,185,0,None
297.83320173895504,307.53600153293416,1729.918944779876,38.61169216877228,79,0,None
300.0781641047602,309.65653450176495,1367.3068166882174,26.802970088142406,248,0,None
300.7381305183726,309.8762857852976,1466.6355866426447,29.022834089379735,166,0,None
296.67737191657466,306.18213481459105,1559.589698006303,46.114036252525196,223,1,Overstrain Failure
300.7790366043021,309.6512814698355,1669.4212891333755,41.83083406044856,162,0,None
301.9050385007491,310.7508526191481,1491.5942806308128,36.69750250396884,233,0,None
300.4991726010272,310.6993404416585,1565.824582813195,47.75541524286144,245,0,None
299.94226103991605,307.44481322223896,1708.9464928745335,29.966820389913693,190,0,None
297.68547162684405,307.0540284787097,1290.9660732737334,35.86957812603888,68,0,None
301.71794109867636,310.7209689236652,1356.2927402981466,46.69362796116649,192,0,None
300.9517352686656,310.97277791716687,1338.8229777001184,46.27156240191472,16,0,None
298.9663203291444,308.4857968548515,1221.3748825231178,38.427601828159304,106,0,None
300.7400738407625,309.45141652272457,1791.9106151546853,44.1595497700514,257,1,Heat Dissipation Failure
300.64552575617927,310.92908126231896,1454.1099683977768,48.14318319814851,242,0,None
303.049027675573,311.8237018022837,1531.1096437305964,52.050125786387234,197,0,None
297.87550085948095,307.73243874593516,1407.6567972928797,27.786777117472173,6,0,None
301.5944652981459,312.64493809816713,1420.8029070463642,27.33183489265968,227,0,None
301.2883513157205,311.6512690130938,1729.753915065402,38.74091576802713,251,0,None
295.8733443452842,305.2352993212769,1315.0336795452647,43.333916959362696,42,0,None
300.84652567429043,310.57957626653445,1262.345468138631,39.76589119195123,249,0,None
299.5204405013358,310.5245729599079,1464.6405525233295,42.94702502060893,198,0,None
300.1963478108293,309.0734447454723,1803.3698607424433,37.89948191968454,257,0,None
301.6814880388985,311.3142211679548,1293.195100660934,51.60555466798087,139,0,None
300.21979607831923,309.54032516013893,1829.0893184218996,48.984013948289586,3,0,None
297.30039749884776,306.14406259914,1551.4126181803058,41.759915744273314,213,1,Tool Wear Failure
300.4004684225754,309.2600533330361,1924.0399933767392,26.136497455147367,216,0,None
301.16727051224177,310.5367735994427,1529.9806051313299,56.10561233950915,229,0,None
299.71582040066954,309.5460785825773,1629.0816945313688,30.863744062838443,18,0,None
303.10227065172825,312.960269545408,1579.864873109529,43.055170278107724,34,0,None
299.82631174112595,310.2751394773388,1568.9723324199176,37.19330929309286,240,0,None
300.2708872933724,309.68946271607774,1609.5202474318157,36.73204423565796,52,0,None
297.415129169896,309.11336512261875,1115.0547352694555,41.000333795822506,168,0,None
298.87567267731464,310.11100154458484,1522.7021042718602,16.260181926298074,76,0,None
301.58899625528306,312.11597311646375,1441.1004295695977,44.6149334095456,159,0,None
299.13616777667465,308.6090023073362,1481.6856113595209,48.81214929918032,50,0,None
302.49996705768467,313.64449496692197,1634.7923743790734,30.115896262590276,79,0,None
301.1007430762971,311.2229905240167,1648.6082249981855,48.54986297464957,153,0,None
299.9406240611161,309.1500341756689,1534.942191863372,33.96544160952862,87,0,None
300.8619376873016,309.5858527728494,1676.5887103227121,47.13640082859689,125,0,None
301.2930891333411,310.79431759949205,1334.2289061838774,68.30313685040252,235,0,None
299.76396383267405,310.03352227799786,1786.798020157406,47.87114836181057,146,0,None
299.9768920860856,308.9770486225126,1289.4218162122797,40.037215568882445,216,0,None
298.0968732707814,307.71086311643165,1708.6746808306402,38.50093206458457,203,0,None
301.90824867947225,310.09737106014296,1953.816039053268,27.980908385619312,45,0,None
298.4545074421462,308.4390241091705,1527.5770631000714,25.688174271052,28,0,None
299.471382657956,309.4941814619299,1437.5850119781642,29.859133688136076,14,0,None
300.1697007428939,307.57981527176383,1243.1244496165118,36.6428218563025,170,0,None
302.0074965130073,312.87375527960495,1710.639615745391,52.640630530297095,56,0,None
301.61105570916476,312.0302197878349,1472.4627835265185,35.28772215083691,65,0,None
303.6143175543652,312.5346325651864,1386.9871569637653,40.840898233298134,184,0,None
299.08361849825667,309.5205860043126,1428.3646666896445,39.32543291116154,10,0,None
299.9945310416112,310.06999953465305,1503.3293635455236,40.286099133654766,66,0,None
299.6157325250179,309.8998791842134,1273.9782043377195,43.39617059125054,44,0,None
302.9828809132537,313.2543416839678,1361.9815609632217,12.9588708295495,211,0,None
293.89264998849734,304.05423264818523,1367.3959333176845,50.06399287048178,191,0,None
301.047621120446,311.13775937727297,1557.1909080235068,34.501805765929575,134,0,None
300.6173859544246,311.3356308188735,1402.900569715153,44.29677158825707,250,0,None
299.3113748326644,310.05002774875135,1491.145838574797,22.545032611701686,78,0,None
298.826220918708,309.04803560462466,1407.6943098872227,42.25483976098009,96,0,None
298.3868189572471,307.44175605630363,1311.2734112743724,23.79042836948898,28,0,None
299.6044866768051,309.58751845781114,1549.737258756302,12.704634202898355,57,0,None
300.2567905790704,309.9958894348915,1451.308655886365,43.60518458227501,83,0,None
304.08125471467486,313.455694970727,1409.7478605160693,36.785660371695876,191,0,None
300.63482217685845,311.4329219515771,1163.8908315492206,23.439785683133763,12,0,None
299.37480809509293,309.53028264165994,1687.5962828871282,45.15163533277925,233,0,None
303.843166356155,313.1454346016889,1447.0888004981214,27.558138660120115,211,0,None
300.7776366534563,310.31477400017,1674.718970407504,29.897736988822256,50,0,None
298.82775393256975,309.15928123667766,1457.1223019873212,38.44969405550875,217,0,None
297.6456903080203,306.9256982642412,1330.4048069670632,39.295723155763476,258,0,None
302.6544410595836,313.30719480893066,1597.0430608790796,34.93205082815592,211,0,None
302.3359412810637,312.98116453556383,1814.1835796530643,43.807232969093285,78,0,None
298.2432602855011,307.46545138452467,1277.733725469676,41.06538875362586,151,0,None
298.6866364770799,308.2194516320141,1568.9041028917347,48.89505316340394,231,0,None
299.872611094327,308.99984641692794,1401.9047768887979,40.83795365003368,194,1,Overstrain Failure
299.06890003525325,307.6373108788453,1628.6525483196278,60.549019040373295,158,0,None
299.31223615206414,310.63122819165375,1431.9462184495633,34.55047061318292,74,0,None
297.17738755513244,306.34101993264113,1697.47434794921,32.28554768995572,247,0,None
301.6386938577703,312.5877085316533,1160.2557848702613,34.50322484574157,28,0,None
299.70913128640456,309.4756162837865,1539.743189653049,42.99607973186977,215,0,None
299.5277186340253,310.7113295869566,1689.0049571607406,32.777734170756794,22,0,None
300.1073313473391,308.41929989721353,1373.1427463009095,45.73423911154679,88,0,None
297.8222936753969,306.0501487734197,1724.8962767579806,46.652913226179066,252,0,None
299.21608986427833,309.75016013534673,1394.4592786219662,40.31846314152992,35,0,None
300.2675130874899,310.2188894255203,1518.9233746368639,50.426595687487875,156,0,None
297.4039450880499,307.8286787545252,1579.6454232672056,21.06948433134454,239,0,None
298.79625598178495,309.1166551773873,1918.9240271150807,48.381601923315685,234,1,Tool Wear Failure
301.7803654500131,311.9227148580357,1462.6244365108514,33.49369084718634,175,0,None
299.9519887580742,311.0729920302318,1538.9183909504068,55.130338428034136,109,0,None
299.5145673134991,306.3615255478414,1643.2540687854002,38.362928460071934,115,0,None
303.6197593372511,311.996640933546,1269.2279868623596,40.797147526908084,242,0,None
295.7099440040909,307.0739719390829,1253.5017254585919,21.21171449214313,173,0,None
301.5773195296963,312.4705000856158,1298.594282721619,36.44006716366237,137,0,None
300.1843395866106,310.3726612475932,1636.3846724227924,46.168005516731434,244,0,None
298.0192446929177,307.0536521460786,1556.006621361013,37.177926615964246,176,0,None
297.3758485175476,307.47996555231197,1530.7173644481684,31.513415566563427,205,0,None
301.7709482157599,313.4635283634349,1585.1763373484496,40.251236010182076,91,0,None
297.0745749707586,308.6598525965017,1381.7440906202544,33.92922371622148,71,0,None
300.35322491523397,312.38607084279056,1468.1128840154697,33.92686622216049,30,0,None
301.763309304366,311.4651738140468,1767.9770045367554,70.68998801025988,137,0,None
302.8483460978914,310.4602416755466,1370.5113577606692,24.50534860563223,213,0,None
300.2618328848735,309.40471095731215,1550.2128237172649,26.32512739453058,99,0,None
304.30791015303606,314.6721474596399,1530.2454672139797,51.54954225173059,188,0,None
302.7318223925656,313.28902411867404,1775.4489234631471,38.385417165743526,203,0,None
300.47557126476835,310.6547618754776,1709.7539146013364,58.63928779383922,52,0,None
299.3697619562585,310.81100458463044,1434.3667085670659,54.816151991491175,98,0,None
301.89267238657857,310.83673733806353,1625.056897970842,49.16535662887462,186,0,None
300.71759921657986,310.4873689787312,1418.978131290998,28.891119987209873,186,0,None
298.3664321575298,307.78979338212304,1125.6629402357391,34.43531024308688,94,0,None
300.26889104213416,310.62209665383375,1524.4886759688686,21.450870518936014,174,0,None
299.27601301297835,308.23723719521604,1163.0700340208684,22.64614690250218,163,0,None
300.8810271581312,312.56263227015114,1330.75846488022,39.35785854549058,177,0,None
298.5223749182783,309.0724369591947,1477.0923228777665,44.379274598959626,81,0,None
299.4835555972941,310.96241098451776,1430.6023068428806,60.10693882890349,194,0,None
301.4639385018433,311.8381223404898,1721.1417314453074,54.0855352874911,244,0,None
297.8306139769751,307.4957661698462,1779.6195733011182,45.264131742725375,40,0,None
300.93931643060137,309.93893941082945,1778.6709641346251,15.58416959479969,185,0,None
300.94713495662114,310.3111474342716,1264.2347679008612,42.6288160044499,151,0,None
298.8872030582823,310.0496637638275,1485.8645538799492,58.76083945624934,185,0,None
298.2226689655143,306.8239744064029,1477.4730125284727,46.59231292042851,18,0,None
301.41630763418857,310.2296557408277,1574.446822697961,57.30886893237269,126,0,None
300.66576071514265,309.7790913772906,1208.6626164242189,45.62005533050745,17,0,None
304.2871616110854,314.53665416839834,1420.0206329525258,23.004598463476317,145,0,None
301.7315076123252,312.02288720291807,1545.3560310140883,27.555487985712624,192,0,None
300.2101869664442,310.8773939780238,1185.4320384550192,43.35267359808293,61,0,None
302.42101840958566,312.38117882465474,1311.6084536869523,46.80435774726794,158,1,Power Failure
297.19959786893656,307.4006675244194,1384.9708584825455,22.710583325380224,244,0,None
303.0325962412773,313.1443494279703,1545.6915564608262,42.37551114464022,100,0,None
301.7139906235545,312.32577770069037,1290.000509628623,59.80945744975048,33,0,None
299.7903669213246,309.133575954099,1486.7670586027368,34.83150292997452,163,0,None
301.1675220911417,310.9395153871181,1730.1752384158556,29.535039147964667,161,0,None
300.3026446676752,312.3965113986548,1599.731696337079,36.62821422741021,132,1,Tool Wear Failure
298.4755311925144,309.0125110385876,1653.6513237313773,40.83658807848662,57,0,None
302.8740434189758,313.16704432723486,1423.5708324493658,43.19016237510045,211,0,None
302.8643582693741,314.890130866665,1541.0024881639154,13.976159771610423,54,0,None
301.2742205046522,311.80791540656065,1613.7973913960839,37.22984774256278,255,0,None
302.43749766524024,312.80007481409336,1705.0388283346924,41.857351602787425,79,0,None
299.7576864182794,308.7426263163616,1530.9976415221468,43.61658040830608,78,0,None
298.67253934432193,310.82742238824005,1334.556669439116,27.80243828838495,205,0,None
299.1994516317607,312.19251989889733,1557.040246994107,39.166693064401294,73,0,None
299.32754550369623,308.72315637350596,1767.0606629612614,39.356361447862646,4,0,None
300.0640837459567,311.0364724875369,1602.1778755452506,33.316294933703645,153,0,None
299.5174793899312,308.95267892791725,1500.7518685661757,39.60454167546635,119,0,None
300.0306820837499,309.23167697165854,1452.3648315788885,31.72201206480944,196,0,None
297.783150242161,306.565575394541,1473.5101815385913,34.11029789099738,217,0,None
301.25812420038227,310.8473217529879,1242.4021502382598,44.48588201737901,218,0,None
300.7219006357953,309.94353234635093,1483.4539229052643,43.18214536138456,112,0,None
296.80877174525284,307.4112943573936,1505.8229864958441,27.600910144109815,205,0,None
297.1147285652517,307.8561229382446,1711.012333721164,43.524878968049066,139,0,None
298.5890475082546,308.4628647234442,1491.814694565201,40.34683533278052,167,0,None
302.97818266285225,311.6014524497436,1428.4364818228573,29.70489158761292,81,0,None
299.1129358941803,309.0878261010808,1439.1001116353577,49.695434410586984,37,0,None
302.3747750727147,312.7997719216182,1274.7122460977832,32.767143027481175,197,0,None
297.2464864703847,309.24454603841104,1447.5599233085377,34.55888746082949,74,0,None
302.0816419182763,313.9929894178297,1576.0195663400534,25.236007083962694,233,0,None
299.1887477260958,309.16089123808354,1593.0628939739172,37.163002927971995,30,0,None
295.976573984224,305.56024179642696,1598.1027457250184,35.562240865044444,144,0,None
302.3405969977275,311.3369112887022,1609.2019426171257,42.44115686909864,80,0,None
305.4313380478683,314.58658904508343,1466.3918245639404,42.416770941652544,142,0,None
298.61581137782247,308.0010282065709,1332.9682616882585,39.19976227049589,221,1,Overstrain Failure
294.87444682700243,303.7022183951062,1506.3279314675824,46.48792710252228,161,0,None
300.40834040345374,310.42963294745385,1265.1999191612385,21.580848611033552,226,0,None
297.29397456047286,308.2684660328312,1638.2059970229345,41.52985862222002,223,0,None
297.6656236681811,306.87019688353854,1469.945410898707,46.640660497886586,152,0,None
300.8485371548105,310.1362671540118,1871.2184686328767,50.96429532026971,197,0,None
299.4912844736034,309.3261327363909,1552.3196594781389,51.71414425427176,94,0,None
299.71384012409965,310.91186804042644,1478.7219037185782,67.19632134277207,178,0,None
300.09689056694725,309.949364087681,1639.5100749796986,39.53064896763054,208,0,None
303.1128122719014,313.5092715512943,1385.419024511391,46.42094719258289,144,0,None
301.3262286717306,313.06923690430636,1782.469864992774,41.65505602775637,100,0,None
304.17817785748247,313.00317234746467,1656.0402088974483,48.36670627153808,181,0,None
301.87641926617425,310.46182948280887,1427.128913151456,39.0763219478522,77,0,None
300.24701383441356,311.03658089261046,1652.5701991302415,51.84240145334796,60,0,None
298.83376405363725,308.18754220270046,1377.432831402787,43.04909880176102,66,0,None
297.1588579893964,306.62874772666083,1387.6196343606819,46.35831060765454,73,0,None
299.17272673609585,308.20337200369903,1648.2650092121464,61.85329201062822,141,0,None
301.6073432133626,312.4501596784066,1526.3858174223883,43.0299104302852,29,0,None
300.4581572159677,309.9759142139546,1399.6624387447334,41.10710021738972,168,0,None
296.7813250948797,308.99280131655274,1362.6505918591722,34.000293131074976,232,0,None
302.6897644104541,312.4858502181313,1602.9236465461063,48.60268102952101,103,0,None
298.8502509564297,307.2960874873021,1418.6677193303149,29.330572065486056,202,0,None
294.9535184923616,304.93699264161904,1489.2352058240933,51.91906413629771,173,0,None
300.3557439989181,309.77154352095454,1591.32242850652,37.47683051237719,68,0,None
302.70567097879336,311.4767323182712,1715.167565185923,37.47754974409037,85,0,None
300.59279597195996,309.06378368493444,1681.2926387548525,42.74886143435586,8,0,None
299.88669924248404,310.0121713160221,1583.566750869432,30.21671748272254,25,0,None
299.2510279009053,308.62175452715684,1391.6538984722224,43.50863447860827,108,0,None
300.4389689280184,311.8173159470693,1665.9304824566984,34.27424777935665,26,0,None
300.1440603835408,309.7131036081029,1504.9241964191576,45.16051732490534,63,0,None
300.8578629410041,310.60480916782336,1313.5605655782745,32.096083501945266,168,0,None
300.9006909739528,311.75685902768294,1305.099127605239,42.284229248466275,71,0,None
303.27676784143193,311.51750431658314,1344.5698665437826,44.734473644256525,0,0,None
300.8769407530695,310.3537537479838,1671.6948896538865,26.319973333596003,191,0,None
300.2183213822411,308.71317924154835,1579.9370180565827,31.986027880334948,144,0,None
300.73087408299915,309.6469405088198,1409.286803029757,48.4123623542719,154,0,None
301.17962249567296,309.766409237145,1707.152474394842,41.224618010446214,166,0,None
302.0362541935703,311.70457076310277,1478.9427826879378,44.56677273611933,36,0,None
300.63906646333146,311.62647705363224,1353.0207080983791,55.97592140291928,61,0,None
300.00459404585,311.2896674378432,1292.6300112637105,43.186944809461025,246,0,None
299.9927933928346,309.5986851375431,1460.0912146669862,57.8799578735708,39,1,Random Failure
295.5504737163392,305.02197867474143,1643.5830982612722,19.402502868853766,17,0,None
299.65940776817945,308.36606613170096,1781.8939955988476,49.52818580620735,237,0,None
301.6683102007381,312.9953431138165,1212.187609101181,50.61014336571465,205,0,None
296.4854605328528,307.7488784003281,1523.1031741230775,46.38160968102861,187,0,None
300.52713615533895,310.6507547911884,1451.09443562561,38.67603769772373,108,0,None
296.3963518231945,307.95921714918217,1754.8030373368376,46.09968702402351,112,0,None
300.0600817440613,310.71128924768203,1421.4433053074376,51.40656357468075,17,0,None
301.0119504879066,311.0434344859784,1840.1669452985598,20.92971170704526,82,0,None
299.31188987488184,310.1300702084014,1153.4053453441477,23.61822187135993,185,0,None
302.11866714096595,313.2413605413745,1406.8045633078714,34.6248206288086,153,0,None
298.1595681300047,309.3091645838281,1790.5153892262153,52.20908448704236,206,0,None
300.1093469353067,310.21986920243245,1091.279189016564,34.72782428991288,34,0,None
300.0720936036578,309.80919393905504,1649.9367311523206,20.601248955529677,73,0,None
300.5139993864476,309.52913611320326,1357.6498019570627,28.896774373257244,199,0,None
302.934440923918,313.14288711434637,1629.8259264492135,46.721015554680264,82,0,None
297.17390525797344,306.4749515806936,1419.3655955260674,42.57135075510574,241,0,None
299.5996505218146,309.65675561058765,1270.1701234514424,30.68272681212072,63,0,None
299.0349287176086,309.48286502808037,1619.1862465698136,37.367474599538795,213,0,None
301.3978682681218,310.4569541733765,1540.9112257523054,38.64354938032364,90,0,None
301.5441387344811,311.82857489352244,1569.2697553300918,34.13129470183867,133,0,None
301.0679237868056,310.01315978265654,1433.858637699318,31.183253553439386,188,0,None
298.9889433432779,308.3735465919535,1444.5396400021534,41.213063896875866,236,0,None
298.5620382789754,308.60987721945884,1420.2134133127279,49.13212666752359,47,0,None
301.23433563060115,311.94694474361876,1381.9771626930992,53.31708290075794,189,0,None
298.47414549145685,308.6059314681461,1702.663542837589,34.94169069344201,248,0,None
301.7569419702604,312.59130386789974,1478.8763643799914,55.609172761798504,168,0,None
300.99761519481314,310.60287938706404,1525.1247489958441,48.69125060150444,158,0,None
303.0014414218989,311.65668738538517,1448.3659068600589,35.657870609035854,238,0,None
302.84532037202115,313.0632468183378,1469.3728142107784,32.76508872855607,211,0,None
297.4298608006228,307.4233387184282,1391.5388662393552,32.786189676727034,241,0,None
302.3766322299211,312.0546755477598,1309.652193710808,45.03510611450852,117,0,None
298.2340351868445,308.97087741830404,1541.6143905784395,46.52323746593983,3,0,None
298.77568771081184,308.8504582670709,1466.8303067226343,53.265295004753526,240,0,None
298.96118561387243,309.38481636322,1511.393261800643,50.73575033398792,223,0,None
298.8430109949108,307.46437838398805,1868.6394865945524,33.602064069822575,192,0,None
298.05682297003295,308.71233034651544,1907.7064792271146,71.51356003178466,107,0,None
301.03769646717404,309.6566408379829,1573.5802538621515,45.00252679685102,54,0,None
301.3810375680854,311.30508850164347,1413.006751336185,33.400154211184564,141,0,None
303.4059348168374,312.9774726875768,1990.1403830780057,42.01165535908569,110,0,None
298.51117983049767,308.45252009687306,1517.1038260563182,40.263660419996896,227,0,None
297.2430365345073,306.8185181905831,1291.9721093789092,37.72798481602751,255,0,None
297.5166204556194,307.5181329831678,1326.3606638985289,30.38264186023806,178,0,None
299.06356975132934,307.18219323425194,1499.7348377834435,35.79591973549054,39,0,None
299.4240940148151,309.3615022506039,1624.8758215475118,38.49138900851557,3,0,None
300.6773886064927,312.4723748443444,1305.1095229614104,55.49503657752959,13,0,None
300.1294296099574,308.83693486679755,1478.4819301100638,33.30081820574575,256,0,None
300.6428576800728,311.2162822924911,1466.571366613957,45.23491263940614,104,1,Power Failure
300.71388973371575,311.0741145806455,1561.2641323257048,39.51987523145314,132,0,None
302.7157513780914,312.97358813157786,1323.202226114351,57.506703144540246,167,0,None
299.8069601390456,307.9086585733552,1711.0951370406856,21.612064435172954,64,0,None
297.4678491709094,309.2209789374892,1308.8131476429949,33.680593083324474,109,0,None
300.9479295758188,311.21953264604423,1542.1135497950456,48.22705939565745,227,0,None
295.2606917870502,305.4114965061264,1202.1066602975225,29.592869942008353,168,0,None
298.15963522865655,309.7517843982339,1525.155215646616,34.43584847452642,22,0,None
300.4923227586881,309.2883283945946,1546.024107298981,33.41739426720643,81,0,None
303.52503134086464,312.8233006658483,1913.373980235836,42.49402067677172,71,0,None
301.13172271981233,311.89374280897414,1419.202254992967,27.934920195289326,27,0,None
295.642917797349,305.91881932930215,1590.4022940553273,32.991390479800714,62,0,None
300.7459401396133,310.52091837125886,1607.1208285336843,37.57235208471761,38,0,None
302.04457530258145,312.34432311174953,1461.6722898622816,46.02695834109971,35,0,None
297.2907669923685,306.5226564109609,1657.85873451126,39.224804842149744,52,0,None
300.5269257934447,310.23842977214116,1460.758126915026,37.14091490051551,220,0,None
299.83756527945195,309.7611179537438,1656.3230366368507,35.47292387883127,252,0,None
300.84210101788534,311.2367601779429,1753.8599953503071,39.50503942162324,175,0,None
301.7351552723556,311.5918091027634,1360.5221088208052,24.604931861674185,174,0,None
298.7559994972894,307.9657209860753,1747.0088061541956,67.53079787723644,225,0,None
301.30197500861584,310.7156134556169,1651.201589122006,42.480745365516455,89,0,None
300.78144186429523,311.65433734694756,1516.0950576166415,48.604506338053724,150,0,None
301.9908598942398,312.6217384016517,1369.8512257681584,34.839912903993906,199,0,None
299.1351349170313,308.3510143638198,1431.4929962218225,50.095721414949665,92,0,None
300.0459644034631,309.14927154168106,1376.0410856187762,15.19552720032193,62,0,None
295.7112121822273,306.2009252301062,1573.4661616983653,57.57620506271341,33,0,None
301.5840109720299,311.64008610283923,1650.2272081170886,58.83694210698806,162,0,None
300.1734584188366,308.14579692303226,1417.298434889668,33.21260153117596,107,1,Heat Dissipation Failure
302.08948430947993,312.6423471031132,1437.9289894836677,29.47799955930821,63,0,None
299.6001122418244,308.9051488819916,1335.7345736166517,43.662565819357106,210,0,None
298.5656722702295,307.8892315196565,1737.589190621863,47.72587775721391,52,0,None
301.53650836691,312.30614785395176,1308.9648790849546,19.10238834769462,31,0,None
296.92434830785663,307.3395643999414,1367.7075032762543,32.55700208193196,180,0,None
300.9813240794647,311.73512677453965,1298.4255970209865,45.582878943380365,41,0,None
299.9492173023059,310.17554563746324,1283.5714122678348,47.11701054467077,224,0,None
301.15789398209876,311.51719185678684,1598.233348067642,24.931797784761724,0,0,None
298.28085167738976,308.0148622639174,1367.6904311343842,41.315871531503525,79,0,None
297.17104028296063,306.3076684514555,1850.6046922026549,30.464968367364648,168,0,None
301.9484864574133,312.348438882831,1595.2763780108342,43.37892903582592,22,0,None
299.6395335280332,309.5248161027394,1503.1705296388395,51.9532709266568,256,0,None
301.16966692198224,311.275649898507,1376.0420655514029,44.82949923534018,255,0,None
299.43247889074274,309.40927647919176,1638.8973204102836,53.38129231470417,88,0,None
302.18390835458905,313.81930702508726,1312.552841627915,44.27646963604239,107,0,None
299.39870521254664,310.34305825016804,1749.78913829516,23.276901545423275,34,0,None
297.41578447574733,307.2921130450131,1605.8293924052496,40.57676995956433,79,0,None
302.04197549962737,313.61858904736954,1690.2251662827325,34.33588274176631,97,0,None
303.2132960204653,311.7669063397398,1500.0722679140454,16.365429261590243,247,0,None
304.1961235044085,312.8366985073485,1616.7505726467612,51.869029801160735,87,0,None
302.0474173750421,311.9513857483312,1608.7033973712462,54.94162583327318,226,0,None
299.0659842680938,308.36654405323213,1403.7916483991662,41.13052505725757,146,0,None
298.4688841975282,307.8559398976301,1172.4488968958708,42.298056903868826,122,0,None
298.4345627639583,309.4733625552817,1543.4642144954257,67.25309244801541,106,0,None
297.0898839442978,307.3623658801072,1698.098160138103,43.79036634050676,71,0,None
300.5422825916397,310.17428089730276,1499.9563101621966,38.02558606713178,169,0,None
302.594144120306,313.6823483274343,1543.3084877217107,37.9679603368663,225,0,None
297.58600942500607,307.74251455288817,1666.6041586836718,38.71853156341723,138,1,Overstrain Failure
298.6748227791317,308.4973192036297,1403.7299884750832,39.31814842487956,175,0,None
299.444724555111,309.7603883107609,1661.773402562754,42.718065717511095,2,0,None
299.88705139749544,310.6425864633085,1378.7454229311722,35.42719251358396,116,0,None
298.45467708370694,308.5034984405459,1549.1929824097392,28.167967895365297,13,0,None
297.42964243026444,306.6691160243882,1394.317479596637,28.965238918438153,29,0,None
300.2912995750148,309.8012148490369,1643.2261492339128,50.081225211542964,115,0,None
300.401372138494,311.37994979893773,1496.3771432173571,37.696207728787805,86,0,None
300.55923502490776,310.04221544503457,1596.165520480967,31.387562720341396,79,0,None
301.57919410590637,311.85478833966044,1821.3852775361456,37.72161841703646,255,0,None
299.52199958885797,311.04492991393056,1508.5612318609656,47.460680793618536,232,0,None
297.49156033123114,307.8933294069925,1590.3780867485737,39.09785844356222,213,0,None
299.0824196652074,308.433060374043,1422.9362619648891,42.573151857079196,175,0,None
298.8182532802957,308.383977107791,1759.518239736141,24.336901964414565,164,0,None
302.5708957683728,310.999953986747,1638.2241901978523,36.69234357317039,169,0,None
297.7131821196571,306.8891535718657,1407.4338281124585,53.05536636842737,67,0,None
297.50328652629526,307.48969351792795,1240.6120485439706,29.04493313790688,123,0,None
303.24220435575876,314.4859912198703,1327.0464081810271,34.99328353806827,121,0,None
302.14228300070096,311.1694549470119,1737.6122238505889,27.391769063327438,2,0,None
299.11344330423117,308.1301826921482,1600.4734686904335,43.984632857529824,219,0,None
298.7458861229647,308.8277428635427,1654.9880202593763,25.882196676798525,73,0,None
302.0626202968565,312.62246019728275,1660.817157509659,31.296779422786827,1,0,None
303.63399247233656,313.612381174731,1418.5302870697062,40.784418486504286,241,0,None
299.69545775729415,308.8348303987686,1895.702199945738,22.914309755541066,149,0,None
299.930397871023,311.45630725092644,1709.0583605440743,50.68594779907056,168,0,None
303.75108448316104,314.01866364615734,1266.7077052121315,31.907251037507006,163,0,None
296.86648872296803,304.519124953266,1523.2246831263938,30.867881766582467,184,0,None
300.80496675871257,310.2524455413226,1423.2597440300963,51.56175517771308,87,0,None
299.0247123721277,309.1043787016498,1582.445843662259,41.10958853167714,89,0,None
299.5117344762201,311.4386383079159,1170.37986590723,33.51746269921466,183,0,None
301.1443761043526,312.4498654610915,1838.200562059656,50.10951502769687,44,0,None
301.34476653198243,312.1206979044271,1252.279842922047,41.06567082569596,166,0,None
298.6291779139967,309.8737991858765,1253.5649724768386,27.145922396698253,89,0,None
297.72393374067326,308.33954073946376,1890.2296262680768,57.212852650942935,78,0,None
298.888585361276,309.0838048665147,1636.9443432960682,35.21357434373854,96,0,None
298.1520371525516,308.5572268319928,1603.743473391,36.562792764163085,47,0,None
300.3608669375245,311.17427292225466,1106.6108041197576,54.888065201727954,235,0,None
303.0169650632,313.2088946957549,1552.212969435618,51.799850603656566,39,0,None
298.1589086189626,309.33145088457485,1722.6776389642196,36.12501418816386,169,0,None
300.79403873317733,312.466562453216,1767.7345098988571,39.50746454356316,257,0,None
298.787089498087,307.959254710168,1343.359895606288,39.540799856170025,189,0,None
299.63858322084377,310.8898347533688,1293.4884072563557,46.42807441581914,255,0,None
299.1187994632358,308.38412425726915,1476.337364461565,32.53143126604105,154,0,None
299.5897850255629,309.3348101523777,1820.9876297681362,53.384400361398136,43,0,None
301.31078191922666,310.7041883426367,1296.02712255636,47.89359969231,61,0,None
297.9235605056827,310.76166429196536,1332.6805847793441,60.72196426102998,181,0,None
296.8032955558822,307.61080597423654,1261.816900913727,43.33675254330034,90,0,None
297.18306707279714,306.5453850620213,1714.0088498192845,56.263345858426916,29,0,None
301.3147949495924,311.4065677548973,1405.6098790046237,17.66640277452245,154,0,None
297.2104016284611,306.02481740340113,1374.9705310366382,33.98495674652438,192,0,None
297.30607379324033,309.67873130925307,1203.7489574900737,50.10444336231606,180,0,None
301.66442094876606,312.1690037660133,1503.0356121858506,21.662061298008506,131,0,None
298.71810872813785,307.88591310207016,1291.8638009479396,25.85894999812684,251,0,None
298.47780884316694,308.9608127274061,1572.1451939846124,40.85248667925681,68,0,None
297.80393978947393,308.7461773144177,1475.0136833396243,57.324056096821735,128,0,None
303.40823562246976,313.318836758238,1300.4324629519888,45.04546314565307,155,0,None
299.15562270259056,309.999242037372,1348.7006618945584,53.74587478895215,129,0,None
298.75760891527335,310.50299595984336,1308.1205608040682,41.608313873137924,183,0,None
297.7228816899692,305.99398830825896,1608.7490362892672,34.094261219307604,189,0,None
302.17017715802194,311.8607293806459,1455.335763155021,38.742242421437695,47,0,None
297.2766382796202,307.4414958687828,1420.4966505631141,56.75991998940512,70,0,None
299.3548279319653,309.318774465338,1254.6072512525989,51.609829594523745,238,0,None
298.4367582668089,310.84096079469674,1463.7294370781503,33.330269745207104,1,0,None
296.82217975897635,306.4878961577671,1591.9683974999873,27.411791619128415,15,0,None
299.45475585040657,309.9108401209458,1403.96296979296,53.925379152886784,150,0,None
300.02016615899333,309.8585743963196,1695.180494119903,33.93854226444253,205,0,None
303.5795283387842,313.986337327803,1676.2080803598956,41.845351049611565,115,0,None
301.1885654878527,310.9310480266891,1590.915466174727,35.484181748783435,18,0,None
301.0040962650748,312.05777998993574,1793.2287598270905,51.22119309231278,10,0,None
297.33594309222656,306.0808974103814,1555.9075109104488,30.94779165343662,157,0,None
299.4022714244474,308.91218799493873,1298.4223950489763,46.42149492178008,68,0,None
300.5119671572721,310.6824684593555,1456.0838237677024,18.639534618238983,144,0,None
296.95988095719457,308.77389898189455,1414.6747746012434,31.112448551403098,79,0,None
304.33793045305197,316.18186974117145,1838.1790066018186,45.76281571556432,252,0,None
298.22240968691995,307.78039046760966,1715.9447606586614,35.76794247531879,183,0,None
297.6604942022392,307.77945647321417,1346.6018635090936,35.5619748387389,5,0,None
298.84022741476764,308.28078447674386,1519.6345313597944,54.61584676501653,57,0,None
301.72596792137864,311.3628602725681,1751.250079051313,39.26004912489218,24,0,None
301.5943237537949,311.89746980711374,1909.059770045304,55.31552167389157,143,0,None
300.39521193680554,310.0728238232283,1348.897686899263,58.393068948880924,74,0,None
301.8393793486352,311.94720398009383,1472.9555682064927,25.448267122195137,155,0,None
302.05208174599716,310.4438207260445,1218.2522386921673,30.009181577117538,119,0,None
299.2659508333805,308.21989387569454,1390.3558911809764,27.52493989855268,124,0,None
300.9371729377378,309.9348374321782,1585.6101182835325,37.78540761049434,202,0,None
299.84920290507995,309.477145462492,1294.701091220428,41.24378769580549,195,0,None
297.61436189583907,308.67177803260154,1160.0229308201583,34.023637118432895,9,0,None
300.82985579099255,310.24928402348195,1699.6000944916243,44.814041446712096,169,0,None
300.5978316759488,309.5763395901371,1595.734253213466,24.607887874603342,58,0,None
303.6075134164074,314.6111332475548,1384.6294095111762,29.372650425906873,113,0,None
297.0000591148602,307.1740093650408,1517.6179661627864,24.995522589508603,156,0,None
296.88478249555834,305.678303872651,1651.9413721176295,44.52961287982498,229,0,None
302.93750830233114,311.18878654617515,1527.2467148574106,58.40532537939661,21,0,None
300.4726063211852,309.03345734953433,1531.8354897232825,38.77015691104473,171,0,None
293.8782320826734,303.98873380944576,1531.9314611170958,32.33137718697512,131,0,None
300.15874989632096,311.54775451200095,1997.829352768,38.8732957378181,83,0,None
299.58061163461235,309.3423396934161,1651.9781838357537,33.838695903547546,179,0,None
301.17569695155595,310.61024952669607,1163.7847162030414,37.41732026826473,93,0,None
298.16747032055,307.66530014869625,1454.9586969471884,45.72949716025353,191,0,None
303.9381530332804,312.79663519938555,1531.5504654235642,61.97631982510558,156,0,None
302.08578985974736,312.42615377740697,1728.3675717612357,51.571027636951754,250,1,Random Failure
299.5012464892889,309.42422720078764,1749.2391025582,47.11271051292143,217,0,None
294.30717884017565,303.88153313604005,1266.5691641425744,32.67763409262363,132,0,None
297.55522088278815,308.3317557627738,1321.8861898269138,47.44485669185798,190,0,None
294.0798642272743,304.1865844385002,1507.760749995369,47.791985873514996,129,0,None
298.25384093913095,308.5843297143315,1205.8932725977722,40.01902202045987,132,0,None
299.79248400872666,310.77430144589846,1878.3529332428047,42.35419226768322,42,0,None
303.04195888073417,311.42667112116425,1671.3377081742547,42.237916709149026,89,0,None
298.7680846687667,307.67780707362977,1657.9413322007815,49.085856980709806,89,1,Power Failure
299.7604040707643,310.0365267865464,1503.279778540516,30.734716250604635,237,0,None
296.62561412652144,305.14595641948847,1949.9653141531287,48.40488405022686,132,1,Heat Dissipation Failure
300.62770536290645,310.9047349891254,1454.3755217200103,37.623305713848154,233,0,None
298.7184012172756,310.72480372146407,1601.2320113240414,35.414029405707716,207,0,None
303.1325197908778,313.5104068801839,1439.5127705758655,42.90264537131433,108,0,None
306.21713797955255,315.9355615226533,1672.110859814654,47.22948295890642,249,0,None
300.6757162502587,308.1620313110715,1625.4178220994502,19.84484489225569,81,1,Random Failure
296.55059355777536,306.3942038206287,1210.0698495990378,26.9386985246749,234,0,None
299.4028253548483,310.4173636959107,1272.4412469079157,61.00261072180329,54,0,None
307.0679190323347,315.1130517742048,1515.1178500283686,37.629991060254554,209,0,None
296.1300343054563,305.6039189519307,1339.8400639816132,38.90451332556006,206,0,None
302.6441021650731,313.4418837102734,1498.5003795710697,40.29714048824969,97,0,None
297.1514794927076,307.66393466558117,1573.5324552746492,42.77499334588276,207,0,None
300.7479204825346,309.68274003116846,1441.3706827889266,64.06218445087714,95,0,None
297.5619174775399,307.8052830972443,1643.112431763261,44.299579765766936,107,0,None
296.4678735095107,305.37187342882333,1535.7478407061449,50.93081743112022,212,0,None
301.5160374318295,310.91677354450303,1424.648491501337,48.383348952719984,89,0,None
295.459057420818,304.5676340470941,1431.2117120117368,24.750550806624453,17,0,None
299.91973984874727,311.3458518415542,1675.2594016560374,43.29364136709676,146,0,None
298.69301337360184,309.07822697982647,1313.7098565836436,38.70237113200189,215,0,None
299.46886580089364,308.70187794507723,1444.493039849507,52.098442703196284,137,0,None
299.5476394099372,310.7229419146142,1291.7428360215454,28.676028393854274,11,0,None
300.2583686538732,310.2327686084906,1236.3014049699818,25.60223627656761,250,0,None
299.35273886951893,308.13550428851323,1500.2956510766328,33.32255824925343,12,0,None
300.2231682362967,310.84200113912135,1477.810204224614,30.73173551574787,4,0,None
302.56419485000623,312.91673758020573,1304.8483244931185,40.59183500009101,124,0,None
301.23411494688673,309.36752039159177,1430.4940432301755,42.69021523220359,111,0,None
300.2319856304146,311.7186947969231,1307.4874310740229,53.285485114926345,92,1,Heat Dissipation Failure
302.8959657821134,313.2401543550958,1595.7542907299946,51.082733713029356,148,0,None
302.49223335353724,311.2790704541053,1240.2274811637985,32.20598364179472,23,0,None
302.36558783765855,312.35556502391756,1610.6409946327499,46.0268893349996,58,0,None
297.21105689661914,305.7868526337692,1677.2403805119798,53.49449752925415,236,1,Power Failure
303.5220834329039,313.2329166688039,1343.6777235972054,29.69301477705789,218,0,None
299.5698299106195,308.7022158546511,1400.2548479598747,42.792577416218684,212,0,None
301.4876321659423,312.2849056485316,1227.2005550961937,34.50840584885684,35,0,None
299.1127806609535,308.4725777841134,1194.3728161243826,37.6925178464196,71,0,None
299.12735770345836,309.3269950274208,1669.8512180209877,41.899615309728105,1,0,None
300.3633370216059,310.5048238987367,1137.834093583864,46.1051262725094,207,0,None
299.04921737549176,309.103485446088,1268.2332924429206,45.42141215254607,100,0,None
302.4978790436295,313.76474251791757,1466.1482032675563,38.53119870602322,143,0,None
298.227374138238,309.114983314476,1396.0604761149648,39.87325066020128,28,0,None
298.3673452427347,306.5917562394199,1351.357770857624,41.55229836784506,113,0,None
298.6333442912099,309.14117862023676,1625.0655352099564,35.01431849511863,94,0,None
297.7453513013196,308.33699822457146,1699.9844956582374,36.725038584142865,144,0,None
295.9394348912863,306.52690746045323,1685.5031302243074,57.57132428259361,176,0,None
301.0952050773844,310.1022771608621,1272.6418688073277,30.93435943604848,109,0,None
299.0722694360439,308.79057428291907,1347.6362479342877,30.90090888173399,10,0,None
297.9840077440097,310.41201160387095,1610.5110098639543,51.16897127576648,144,0,None
299.38945871027147,308.82352635642593,957.0080032351096,37.354634145658636,54,0,None
299.46996370438933,310.3349290209659,1463.0552719424234,30.88442142193727,159,0,None
302.1253170574834,312.0766709690763,1266.9107945204364,41.823578509889515,252,0,None
299.69934725574797,309.2148148720076,1484.6057463122247,32.13158570121244,112,0,None
297.2283488065711,308.87727603564986,1680.3758270767319,35.13305498153654,33,0,None
300.5374023699748,311.60846501971287,1572.764368240006,48.453104553163364,240,0,None
300.99557339877714,312.59959342638945,1385.4785045751867,39.41244764423861,47,0,None
299.96396999719803,309.6053158596308,1717.0979845348945,54.17472834973057,138,0,None
298.73406140462964,308.917066602968,1244.927906168179,49.02704590374226,203,0,None
296.4078413250689,305.5041398259355,1624.7239699700056,38.688290949021386,50,0,None
298.8150785214287,310.0868846643062,1385.5686531405051,59.70903890348753,106,0,None
301.33706904959894,311.96873489011614,1336.8695792263813,54.88941100499302,160,0,None
301.45460077721737,310.7990109295773,1477.7648876898309,23.774892454188116,74,0,None
299.71540108907567,309.1801085724214,1327.01432000037,52.201008877248995,50,0,None
298.95421803852344,308.15690390486657,1454.8058246332778,35.4072187576771,102,0,None
298.9999187365282,308.4385627456256,1250.8494420028464,45.874012586986154,95,0,None
302.9649162011176,313.47683375686853,1587.5632996457962,39.682132211122976,88,0,None
301.155637843029,312.1731685490396,1418.9311076719612,32.8460770376694,183,0,None
301.5633795085863,311.2733957117013,1446.1066866702413,50.7701355363301,25,0,None
296.34324459195915,305.32700697441055,1679.5326307288835,34.846596012921125,173,0,None
298.88845614493073,310.0211545360366,1282.7494585992174,37.91427477393946,20,0,None
298.7427627542999,308.48425289274763,1631.6172163405693,49.72727547172328,222,0,None
298.85556528493305,308.54827890112193,1835.4387675500852,47.77107050233888,197,1,Random Failure
304.26128135719364,314.71515040292246,1259.609551312681,29.18461505648532,178,0,None
298.57686808166625,308.28077271409035,1564.4768010892992,30.25375832396062,227,0,None
300.99298088783496,311.2075679469406,1629.1782209295113,24.107771680675846,39,0,None
303.03336029412526,312.6434705980217,1627.7939331842765,30.857341199729504,73,0,None
298.7553416374112,308.02877345651456,1481.5369922988903,24.458873767888406,89,0,None
299.2510387762097,307.6447219625975,1469.0652642427644,37.663395572487296,196,0,None
302.58250734963605,313.8836396548152,1513.652269875189,35.2172732858917,60,0,None
300.0649191798863,309.88435269490907,1842.0511713070814,30.103711421671203,64,0,None
304.42957488857456,314.959526694614,1852.2333466925697,38.73015253023175,63,0,None
298.3523768939057,309.09445161489555,1345.7579527071364,39.77928081124231,252,0,None
298.0350760114398,307.71215434774075,1808.6538268615407,26.237279594996977,240,0,None
297.9604543012582,307.14174860454955,1382.599850877369,35.886843918676334,241,0,None
299.6091950425852,308.9007889940958,1336.2578646386867,37.49667942690071,248,0,None
303.77517611382,312.9905074264072,1476.2478411036004,50.25159155719818,25,0,None
300.46861818823004,310.9861732575395,1290.6941475124352,31.57429769504536,42,0,None
301.08852459974617,311.6835846391076,1555.365131618049,32.868805036599255,152,0,None
299.6891998584626,311.2271432451605,1396.3172789231503,40.452702331510096,124,0,None
297.9671349612429,308.4826510146108,1415.3012875273002,49.86260286418674,183,0,None
301.4504071644989,310.6994615221498,1788.3779226055876,45.245471086864534,92,0,None
301.3438131517144,311.48548722623593,1556.2510500441733,25.267293313485894,207,0,None
297.3996014734285,306.16797720968424,1344.306834241009,48.08596626178716,98,0,None
301.53830258094405,311.6055242381474,1378.3654166947308,54.86912360746895,50,0,None
301.8406107698652,313.58089912826694,1594.3075824852012,56.643582180169105,255,0,None
298.7132595820623,309.7599080267254,1648.8913298476352,30.530711806846806,0,0,None
304.09941105701074,314.19383263254656,1329.23246097499,28.16236892962661,175,0,None
302.8467297105087,311.01649843440913,1461.6208013970818,47.270686334027666,99,0,None
302.49637353048195,314.11827593931514,1124.3283805798374,43.73430675274172,171,0,None
296.989004667443,307.48394416190484,1464.4535612260224,43.50847939634989,69,0,None
298.1487808297182,307.0841372159966,1641.94454803758,45.89459118124144,16,0,None
299.13787900192216,309.44390361619514,2008.3307154900033,46.58433810769981,164,0,None
298.28527119756654,308.249004718392,1493.8583232381654,63.92962136010106,227,0,None
302.8846713335212,311.1433024140849,1352.801528078304,39.74105482804404,222,0,None
297.1033197056692,307.56602983299285,1685.3996584862919,44.63056915487869,20,0,None
297.8044217149801,309.0891687490625,1207.328974335616,42.826077301132266,44,0,None
298.9669063275041,308.46379476687537,1740.9996535827884,35.13276785008314,228,0,None
300.5006465643304,310.0808785148278,1489.6051438294817,57.58093306920828,44,0,None
299.0268900875037,308.98902905926155,1914.7572589753454,32.3725096990612,247,0,None
296.62665995618187,306.0639079337218,1552.8354359957857,38.76600951552323,53,0,None
296.38209022760924,306.39340075027616,1714.94496570679,61.36264477025226,69,0,None
302.4703833562193,313.09560765237984,1160.598174760847,41.912699442893185,220,0,None
300.15810642252575,310.5556079326223,1706.5719164507475,58.446027318114275,218,0,None
300.1547035779018,308.0589151363622,1682.5007126859268,47.33031754012306,189,0,None
297.2275877274762,308.1487105770528,1307.4048424852615,51.88166501946917,228,0,None
297.07603917919073,307.8971814682716,1788.8650817557814,42.59981970810037,118,0,None
296.8919892941593,307.93060794912526,1305.6194549918039,22.13256510984798,91,0,None
299.4676273943592,309.13603850482883,1480.4678112672486,27.982424044296295,236,0,None
298.0142793598145,307.45382442922534,1407.8819045663004,36.27538053521293,252,0,None
302.49941500018195,312.5793445494133,1686.0643184191883,38.59906216576611,231,0,None
301.98628139175656,310.86310628343836,1485.351663716818,53.062656802215685,246,1,Tool Wear Failure
298.7250635245889,309.5848063065306,1411.703736030491,43.271573775263164,105,0,None
301.2311889507987,311.665263165356,1752.0358873492855,41.97415759604649,13,0,None
298.7370634662508,308.9600192742753,1595.5381226069878,34.786822686856496,140,0,None
304.0810822324145,314.8696258464634,1251.5068752510456,48.931400146068675,213,0,None
302.1066576547472,311.7191036810436,1646.6398342187713,44.338186787812944,9,0,None
301.23961434511847,309.7660958755015,1740.5364274783665,33.907782584416495,11,0,None
303.9590025315834,313.93125922034557,1165.2557741144617,44.600514061909045,186,0,None
299.97399537655537,309.3012708184533,1432.5004158589752,36.35087995880278,126,0,None
297.7616934253366,306.3058136236328,1745.427130626971,43.336581229036845,72,0,None
298.07035716705724,309.70557655598594,1315.2293753123806,49.656494289139225,166,0,None
300.5638552946594,310.8778941372954,1678.0147215758548,35.15845499981326,23,0,None
301.12780337435333,311.068410872368,1432.4881906204544,31.371526854510698,124,1,Tool Wear Failure
298.6578447632964,309.44965681819866,1659.166541242536,32.48849756937184,225,0,None
301.34423070177814,311.3449204406258,1250.8994478835002,40.34199843926137,105,0,None
301.22946024248176,310.1668789949758,1601.8564821550547,44.7772532093079,196,0,None
302.3520677283193,309.96085406200325,1502.218892824459,36.0469809711056,112,0,None
300.5064727647825,311.72373719823577,1563.0943572267417,19.41403178380834,1,0,None
301.83808744559616,310.1161780884362,1424.8010524432402,29.591162190920024,4,0,None
296.41250392012967,307.099830153293,1908.704589982145,33.49066328040942,185,0,None
297.08152454516045,305.2382273026366,1150.5510066357447,30.47494792376152,99,0,None
301.1229759863553,311.448013821955,1626.3197137796853,46.80164207800174,169,0,None
299.80056377469083,308.85729873512196,1171.5718328749788,33.480457658317235,234,0,None
299.1235864349984,308.7470130225491,1446.6270480296869,42.50525680154205,106,0,None
298.4488926178422,308.83091720694006,1483.653278273155,44.2005491024558,188,0,None
295.99366966850937,305.8653345438146,1628.9733638414818,49.330173396714805,236,0,None
303.3737606321653,313.26728383698673,1424.3403015431584,42.58361156588072,259,0,None
302.7198394371205,311.19407508258274,1308.6822131727197,31.678269527098614,164,0,None
302.2047198245329,312.63433989828616,1464.9482949807257,42.81582894427651,140,0,None
301.21899539312733,310.19933092487264,1524.8153114254385,28.599707068989694,180,0,None
298.9765813445832,307.67630345558456,1326.0543628706484,45.77695019785679,239,0,None
300.1873410139042,311.7049067850062,1296.3233399245469,40.81985427415824,71,0,None
299.38355895698794,309.7652192597622,1412.588990884795,41.44908871351914,33,0,None
303.3266576714742,311.8976220138844,1664.1832562463376,48.87248842314999,129,0,None
297.09921432063754,306.3081673084218,1272.3452461667234,32.58293271362322,191,0,None
302.45143327499653,313.3794500900598,1014.9511077937252,30.672623047608635,116,0,None
302.7560253530281,312.9285400971307,1834.913565933618,36.11563467759214,222,0,None
300.52771182643045,309.3664921678125,1461.1354196008037,43.466767449048206,23,0,None
296.0363302558115,305.55044299877824,1371.6285038613871,31.9068926316493,164,1,Power Failure
296.9740100723733,307.5178778031213,1424.757752186389,49.839643252024246,159,0,None
301.4368559817128,313.083537909515,1425.3599870795595,19.256839625384178,50,0,None
298.33833597652693,307.31889496871145,1212.015625882872,35.23713283197399,227,0,None
301.6818066674383,312.0681101138762,1253.806924922926,39.02996268535508,127,0,None
299.1823916264135,309.54830549180286,1639.5385813955334,50.86652991748856,143,0,None
297.7350415918147,308.6631364075255,1455.7748261842262,32.43427223959871,82,0,None
299.3108242103013,308.0089331491947,1654.0108660955889,50.675522638137686,109,0,None
300.4274282145594,308.70835237688397,1564.3477865959012,45.00888629651826,176,0,None
298.791342085767,308.549928327259,1558.53151870309,43.715144417569725,171,0,None
300.54355962467986,309.748568230946,1377.2757717842107,57.00066895454717,107,0,None
297.11100297409644,308.93502392204283,1256.5369377556087,41.74820132751357,163,0,None
296.16583970232386,305.1074708952536,1543.4184263546922,52.429472929210654,39,0,None
298.6767995848328,307.65759431230936,1629.643561251224,28.368007334886165,238,0,None
299.1925062303791,310.2229136246244,1422.387990755352,27.07658117488874,63,0,None
298.6991246426013,307.78692781233326,1718.56899237958,49.072156322298035,220,0,None
299.9160326059351,311.1725962214323,1565.1699782891567,32.314688572900934,34,0,None
301.6530879704231,311.61628523115877,1238.1526602725519,35.80646555469166,17,0,None
300.2066700820479,310.08568839730214,1473.8725746682055,49.35796056075422,6,0,None
301.0821845419271,312.4652320091974,1434.128035412452,31.31746615408001,248,0,None
301.31238452294946,312.12668271895734,1675.2136143521775,34.13497054757833,97,0,None
300.30256146251565,309.50699002723934,1550.2375869090201,18.38685323827413,215,0,None
300.4193563051626,312.2806155136669,1396.9918606980016,22.392315252690164,193,0,None
301.91457244529266,311.0971714622358,1420.9388333850504,42.01540123336771,239,0,None
300.70133446876616,311.32138656905,1507.6634195377499,59.49510193575283,47,0,None
298.58574890447676,309.069582899821,1574.242900508862,32.36224802746837,230,0,None
298.77503100147305,309.46108111766324,1356.9602410985826,29.479041239446442,134,0,None
298.7701808640648,309.2529257843418,1416.9894114170052,28.29218820273325,11,0,None
297.6244694364022,308.26450165906994,1495.0232462370889,41.863151880026045,239,0,None
300.28846915751666,309.4298356736143,1425.6756492773982,29.31363467699431,242,0,None
298.0443762620656,306.9365371329437,1288.0675011239664,45.152095301219624,19,0,None
301.18269542468977,310.5777474688288,1708.551121935839,40.66354983086684,212,0,None
301.45043101867566,311.35562450865706,1631.081777598657,32.78686329338686,133,0,None
299.41663554297384,309.0900900924028,1418.2965500715263,41.82749373457144,100,0,None
301.3183292377445,312.97290766686706,1329.2213778578748,36.88432179692194,246,0,None
299.8651920586636,310.16344314531335,1551.4930263481085,37.151175428211,198,0,None
301.8655029119538,312.2456119261917,1288.1276985364107,38.406002067818314,220,0,None
303.39140174422977,315.80241333745715,1234.8184158304343,40.160441328495956,194,0,None
299.237803891924,310.2626173077541,1390.3409229938866,45.415045393723005,124,0,None
297.0542516959793,307.97191739867736,1514.044977570082,38.78559929584812,223,0,None
299.05431962979173,308.8655290321265,1668.927004017184,42.87325283081529,152,0,None
301.2820425576445,309.40875165670025,1343.9741976299124,32.278908800511104,113,0,None
299.99432683951005,310.4520724122067,1531.404494443381,38.58976799314585,184,0,None
299.2583064500853,309.5907912283713,1714.1675986249786,47.790677305891975,31,1,Heat Dissipation Failure
299.19695627840866,309.462662167349,1826.3966110550455,44.578827184549546,161,0,None
300.82682577449265,313.07819541722296,1335.1016629580822,40.261262901188125,133,0,None
299.94780194867315,309.28673403215083,1130.8210633767294,38.960772998550794,242,0,None
298.81643292993004,306.3519682601778,1714.5631583812758,45.51766770523048,26,0,None
302.41434790507765,313.0845048561627,1834.9352191793964,29.53510956656045,53,0,None
301.07962857494203,311.69236501375224,1402.5306759776117,25.8480595342309,11,0,None
304.7839611347551,313.8306971386067,1266.8244711475081,19.019165880286856,198,0,None
297.2907085493671,308.61185318205537,1374.2263140601206,34.64723612606845,13,0,None
299.93919643218464,309.42758156473315,1578.7294791302756,38.41582555014274,176,0,None
302.28354055661873,312.73153907633883,1353.3463426758913,71.78499222529273,67,0,None
300.0207259134528,309.89879078736163,1394.406713605255,56.96437305737979,37,0,None
301.8160254562494,313.3141874406719,1790.076766032712,38.5256350691574,171,0,None
299.6105815252297,309.2863523544279,1360.0889947952583,37.77673298671242,26,0,None
297.1869978079425,310.03330691013855,1405.1953683020797,31.55349994096014,133,0,None
301.4274376923127,310.9839999892111,1300.5509142220844,42.11871665626545,179,0,None
296.5437127213533,304.21026230311884,1268.0812879597781,49.392967142329624,232,0,None
301.198989407756,310.8511642579666,1356.98280627991,15.241013753195691,145,0,None
302.18240187334504,311.75163480539896,1574.2690063279538,55.44395450611897,8,0,None
298.5561579559565,308.6485521862426,1200.0389577210683,22.617964821970652,10,0,None
298.52105620576026,307.45829951114183,1303.8086771076732,33.80367562817466,142,0,None
299.33906843365054,309.06971978626484,1886.1147468637155,34.25258397702468,196,0,None
299.54286658066565,312.92649245507147,1533.0109157888567,38.312832107904434,258,0,None
302.4960463488426,312.29479194469957,1413.4557089984173,42.38377649429586,218,0,None
297.60579120491786,307.42342405117176,1546.3967987441388,58.97025298624981,93,0,None
300.0909716079026,311.5217100176315,1596.238509153725,52.104607929280064,210,0,None
302.06212612136784,311.622110610322,1343.6969293910815,36.24719225525073,160,0,None
299.9078061477786,310.9993472357674,1662.4672994120472,39.33281340196028,8,0,None
298.0204776470695,310.0649953992209,1286.9254484608139,33.10971175887796,138,0,None
297.4984911689009,307.72462584115107,1072.1872913208804,46.437681884999606,226,0,None
299.970957693154,308.7361942047399,2004.5980494103376,36.906256133306854,225,0,None
304.095050678675,313.4381636103871,1250.2210698440974,21.0536180032735,199,0,None
298.1173767575176,307.1141240557349,1581.8484418420157,46.42141458348561,87,0,None
302.6575941536332,312.64100639135063,1689.7134504588375,58.75143052253082,12,0,None
299.1159524061743,308.8651186038541,1349.6996342831162,47.53255536524217,114,0,None
299.9603271194877,312.15629423629406,1532.7955181382943,48.50242174906207,27,0,None
302.65926473042526,312.2004072026347,1605.9267721568308,47.16950974708665,5,0,None
297.647707797812,305.9522742905221,1637.2551075824067,39.82901701582324,229,1,Random Failure
299.4713027512999,310.72092476632025,1580.8799655217388,50.22707398858461,92,0,None
300.3671736906972,310.4923655528185,1731.7049782338145,35.0296197266706,139,0,None
304.09499315638465,314.0015469826421,1351.8892408296379,40.73395900561965,132,0,None
303.46837306312585,315.4594111708164,1583.8813128842014,31.142003588924023,65,0,None
304.1830290424233,312.95367613305035,1519.9597751184895,36.43991249528908,153,0,None
298.03141062192606,309.3375705900861,1525.31882886077,44.95071612303592,92,0,None
299.19542594179325,308.4510267086667,1411.7531227715879,58.74348729382265,71,0,None
302.03269212368815,312.4020596770696,1375.4642362810464,32.739208903779996,151,0,None
298.3587923716044,307.82175799245005,1607.0228541029633,29.84938374544135,23,0,None
301.32083480936774,311.96559123091566,1691.077394687243,54.731207210614855,257,0,None
299.33955231549976,308.0553319923148,1569.8745293326358,35.66408193363871,235,1,Power Failure
299.98855361552233,309.2663573202132,1649.88958654946,48.101244500997105,185,0,None
299.0190927889353,307.5961274019684,1537.0586807260775,59.54541231821176,224,0,None
302.48201088380245,310.7199039157982,1376.0143249825287,37.898385460261736,54,0,None
300.27962028888953,308.69843526692534,1340.369827628133,47.24135620923459,202,1,Tool Wear Failure
295.8346474943618,305.7606605248289,1291.2930214507762,51.89728425519651,23,0,None
300.67331576406247,309.0790998941293,1337.7116277257742,26.144359289683987,21,0,None
300.62307681746506,312.4623916604467,1559.036569911078,24.200926466127534,91,0,None
300.49097018950937,310.3303480167142,1298.8726510307868,38.183473240252525,133,0,None
299.53279746521815,310.5081147168428,1427.0367662819745,26.611165606179153,52,0,None
300.6929981874721,311.69352695323954,1663.070257904518,43.00532458619661,48,0,None
299.7939299171862,309.6123494600172,1167.3266546477262,40.71571955369912,257,0,None
299.52210351177314,307.8097731091194,1444.3415633685443,46.25203734130457,173,0,None
301.11400913977764,310.94564365603566,1273.839490652039,51.77668074394504,39,0,None
301.16156017164025,311.5663893294079,1472.5901668100244,63.9966658206461,195,0,None
300.1591319539643,309.33168238564,1711.6497594252862,45.075962248328125,73,0,None
297.3834687665898,307.88225789592104,1417.6148450840135,44.457304323071305,250,0,None
299.6558338520216,309.56120702815997,1415.3247216770246,32.92130977134561,195,0,None
298.11844402310265,307.88650679071816,1665.3885682766731,58.200799941526824,99,0,None
300.86577844858215,309.5342474267796,1480.6367676586142,50.34125180219378,40,0,None
301.37408658795744,312.11679400102634,1617.3544749557675,61.281156449810624,85,0,None
296.5880667158957,306.3874321718572,1638.781000896794,51.329590560012576,239,0,None
301.77323967333376,310.87615444436176,1669.167099761636,43.096740661786,8,0,None
304.82233555958805,314.7343280167921,1487.3464327715076,49.22609869383805,29,0,None
299.9220969961571,310.6769162896562,1523.4155140919474,41.42354652951934,134,0,None
300.3564467663051,310.5789139693254,1594.25615372658,57.291238555094615,47,0,None
299.583827678134,309.31200961415766,1469.4429449432334,31.196418069479922,132,0,None
298.57137489015474,308.2920438953585,1353.9355880015833,46.56350320022702,227,0,None
302.6156787318784,313.6656687719789,1611.0027945636177,44.010356699184406,56,0,None
300.04664132878855,310.0682701941447,1739.7190869061928,56.703771469970626,251,0,None
298.67980074918563,310.03385092088337,1350.6345814851113,51.84901902621063,62,0,None
301.73335325088686,311.28090981224466,1289.7156918926275,28.936264301675585,18,0,None
300.87545553711453,309.00008525365666,1314.6782162046673,33.13418134148493,91,0,None
300.6012658447032,310.3594787185273,1107.778355896825,24.042400816623534,36,0,None
298.7499484554858,307.67850966679407,1117.6587808452268,57.479579546478845,206,1,Random Failure
297.47758519296593,309.1546197368607,1425.2638431662858,37.78606645068764,155,0,None
298.3339708192205,307.5350146025494,1393.2608381708535,34.80109477442632,194,0,None
301.4359640810295,311.56144189324226,1744.0590662570198,36.65337310150603,7,0,None
297.4932851918551,306.8216208560283,1377.2369768648982,44.97761001013366,6,0,None
298.727413599762,309.1368033623152,1436.3224659085379,29.242728448904714,240,0,None
297.65996550053364,307.49132553493433,1353.065798370825,47.186831768785666,216,0,None
299.1107457529977,307.721035953815,1589.7321229502527,48.9518638749811,157,0,None
299.09664197020953,310.5333539059611,1456.6700208353898,43.2329659059544,42,0,None
301.5911298250387,312.18514191498195,1603.9793647828833,68.07500752182642,73,0,None
299.60140772116193,309.1591740958573,1277.5427707780443,31.92299483853585,9,0,None
302.05835224779605,309.76904728481696,1550.5060310518163,37.46306560111832,27,0,None
297.135559700376,308.0754768747377,1475.6892616450148,40.98198570097503,86,0,None
299.70841871149634,310.7057528908375,1447.5315836292275,25.299439772856665,67,0,None
296.0985123918773,306.450862610125,1587.746025371099,40.65300418437038,8,0,None
301.40494012199036,310.3346626823538,1297.6190301012257,32.35059865450228,216,0,None
299.57288203971365,309.76718223810053,1047.110501711077,38.59425621521772,97,0,None
298.392242951848,308.70409931508607,1490.1479394069581,40.922582936090045,209,0,None
298.51171717659605,308.69786983685674,1374.3557140158564,35.50890744539242,137,0,None
299.0578555876947,308.87349594307454,1194.8167411950603,56.90490132183646,244,0,None
302.92970832379893,313.19398635663407,1514.5486534003169,38.49551788653953,33,0,None
299.09941877273775,310.1319815455734,1390.3690925402675,50.59634944358597,94,0,None
299.25937116922165,309.92737978211113,1482.5816658715232,30.614874311697104,63,0,None
301.96646161488746,313.0262165366116,1338.8927906024533,45.0926557765646,8,0,None
296.36166767635814,304.91715988981815,1530.4198266362755,40.85544307073867,256,0,None
298.06991936131107,307.85443538949124,1577.8195210195568,49.69646474987589,227,0,None
302.1628322625814,312.2531609997332,1428.495921219574,44.807549036652986,9,0,None
300.4440834546936,309.62430465164897,1357.9250994962886,35.56294265755565,39,0,None
301.30473104712235,310.4787017635392,1368.6024484624993,43.878686408831165,98,1,Overstrain Failure
301.54313071789034,312.1879486318751,1556.570305292968,31.73306921414924,130,0,None
297.8754820760342,306.9807354529448,1484.456450436991,47.62854903366408,235,0,None
299.6496098146345,309.8622906650375,1515.3018455653196,31.01902042130672,254,0,None
302.8359249006109,312.87190500789904,1444.3056671521276,43.80480476906774,102,0,None
300.9746058777239,311.00293565679794,1326.6461328644994,34.339289028354294,39,0,None
297.4914136617565,310.0342101765929,1338.518072668849,37.93322635125989,17,0,None
297.57597616451153,306.96669255794495,1659.8164074205743,44.81305376073792,253,0,None
298.67696185407897,309.54457404040784,1364.4807267160388,34.92286733557771,143,0,None
297.12979044711415,307.5376258161369,1624.1554903542155,45.11212931766474,117,0,None
297.4390248395451,307.77467386808223,1175.76388565064,36.19517905128947,188,0,None
298.65647007265846,308.1463396410956,1439.9353630710466,55.495665398840266,162,0,None
297.56494414633653,306.42379722686485,1609.188694366732,35.272470927161194,1,0,None
302.72240109576677,313.57484411756747,1295.2660724901593,56.132485534254435,20,0,None
299.50622606376965,309.0248577198052,1560.3528770896814,32.28944686693462,112,0,None
296.7154286905218,306.43656845698445,1522.6327687190862,43.67732092377125,151,0,None
299.666402101731,309.89065784973656,1460.9333601419494,39.17395088619022,30,0,None
298.05817634370163,306.40351106541004,1349.0261565881478,41.58312760260213,212,0,None
304.64634029765193,315.1619676303908,1748.0791463973087,31.362215739870315,184,0,None
298.64727550182573,307.03460205434016,1373.509188153119,32.50565060668915,154,0,None
302.53962844044406,312.7364262193589,1815.044836317179,34.46994835426215,7,0,None
297.7034878675716,309.5504986689057,1458.0864221455113,47.484609955907274,27,0,None
297.32610017078025,306.8335289185693,1578.7242384438728,53.50913861310188,193,0,None
298.2401873975805,309.00116396041255,1629.5157290597042,45.20452608134804,190,0,None
298.7546874084755,308.9699320648817,1567.6821269841685,44.668966829451314,34,0,None
302.49098008332993,311.40084483865,1303.4957797137472,39.71903770191583,76,0,None
299.82411189095944,306.4062163942886,1684.294791638014,59.05644690154239,171,0,None
305.6787432945038,315.91710587907903,1436.9985290634165,37.67406836587702,71,0,None
302.4363748038311,311.08970121437335,1407.0261871091784,43.14278041893138,223,0,None
300.2160679378457,310.6309827451177,1726.7148258444236,47.08221546191506,224,0,None
298.7066983851079,309.4509277676386,1436.3948905664436,55.50657947103468,181,0,None
297.9593662636947,310.98554847095767,1495.577729439505,49.11214643641454,138,0,None
301.76842913814556,313.05007148297267,1263.4132078895009,18.41904124147461,110,0,None
298.6780970519091,307.55756887542,1282.0013253428563,31.25068949465891,73,0,None
301.69056056292146,311.53406358197867,1537.323009637246,35.14187315232867,149,0,None
298.97224496802505,310.39700284726706,1120.6959293184489,33.3060593027628,242,0,None
299.594684160623,310.3894793446039,1542.8538368005452,43.47886672191426,43,0,None
303.0702294913571,313.7934985346164,1604.5407913443753,32.38349680205718,218,0,None
301.3640683659513,311.86107533845586,1576.941718383032,41.78283397424119,43,0,None
300.9386398073254,309.88863207715303,1602.083076866507,50.2535396873465,141,0,None
295.142140276519,303.83538854268267,1549.774490691709,59.69059770489542,186,0,None
299.9556655743783,310.9131321988337,1709.719030448835,54.1707705989859,11,0,None
301.33966109877986,312.48147029605985,1400.0692939087303,41.685880780390896,164,0,None
298.05963535129365,309.8375582568426,1273.665441015365,41.963499011583075,16,0,None
301.25127064093317,311.4255718874347,1493.4621178330951,44.784433535125096,113,0,None
302.8946446243941,311.7300156843946,1210.213719692264,21.702934903515267,48,0,None
301.24199567564926,312.2655660253819,1399.3024766443145,47.83145858401503,105,0,None
298.78613892030756,308.74878262812615,1502.318570149458,51.60833772038533,124,0,None
300.93426778481734,311.15626933494934,1528.179629468717,42.96907952204371,153,0,None
298.45253424782413,307.1576703543582,1614.7390426221195,34.12582481476424,8,0,None
299.26399979031,309.8812931403284,1225.7903544042329,44.31837434759307,128,0,None
299.97117595851296,310.47660457339344,1630.1523787919589,42.26330579313184,99,0,None
299.2767375420812,310.6885767112742,1575.5005688175283,34.64313178242824,133,0,None
303.1930435341812,312.8284612759074,1664.4195911021666,30.478573194007485,51,0,None
297.5350993383952,307.723539454013,1441.6845625741603,34.27722941366558,34,0,None
295.7673786578906,306.69997207964116,1661.6314602259467,40.93091655724489,50,0,None
300.7959886121261,311.8079309439457,1250.297725842309,36.98427842127156,24,0,None
298.64770423559924,309.57615310714573,1306.2678904777365,35.42002202961571,237,0,None
303.82532039054917,313.81183268204416,1691.5841045574987,53.173768744832465,212,0,None
298.4314541108497,307.0770543955771,1800.8031191699129,53.407544945566165,182,0,None
299.432592938214,310.3824456649872,1707.5759884502709,36.92753111937385,180,0,None
300.2952884247392,309.55992693129326,1762.5502172967235,43.633921411711285,72,0,None
297.61631599943877,306.8374614734744,1561.2506166986268,53.487946842920636,206,0,None
304.12294690417764,313.5364934980633,1583.1966142061535,37.87546286230884,78,0,None
298.9355955555755,310.23669112030115,1357.3323829340857,41.05978533360766,117,0,None
299.69413138975807,308.7024795521418,1429.8692848280243,63.6816173441766,158,0,None
297.29833388106533,308.3631430767899,1653.1567039618074,26.921984698646636,8,0,None
298.30632840540517,307.6194884265731,1711.6672523064876,21.245167406257295,215,0,None
302.3379765885905,311.9702998710768,1334.607317874017,24.51534330231966,230,0,None
300.3634276103617,309.7452311884692,1462.1120245645664,38.23684430793188,131,0,None
297.94947631452294,308.92125647585004,1919.538251126641,43.81354919728282,189,0,None
301.6309017021936,312.2730169983467,1485.5966095160522,48.15723982681389,196,0,None
297.4764399345929,307.85542831190594,1350.8574591578845,35.57930131631084,143,0,None
299.8142662650889,308.77914621513384,1444.1006773150048,44.16024642452905,189,0,None
300.2441894615718,310.6542873535842,1439.2523703327777,51.24624373482404,60,0,None
297.7593159021396,310.1004173135234,1477.791403547825,41.539093198833285,256,0,None
299.19024055788407,309.7473969030003,1572.4398574967947,44.01119078459587,230,0,None
298.200967254341,308.0423278708825,1432.8764773659952,47.2185444264336,187,0,None
303.1890526697055,313.13949514273565,1850.2388358952774,22.306924361033133,230,0,None
298.719351318477,310.0948814272473,1514.2397352201751,32.946418718831595,221,0,None
302.4061952291146,313.05832849204444,1489.8367074272378,31.269660333519933,223,0,None
303.1053014033555,312.25361435103014,1637.3569232240798,31.91060776046958,160,0,None
300.6218000049212,311.9842014568824,1473.076246155887,37.56972459498741,143,0,None
298.7104472150643,310.81483269990866,1808.1118851215492,54.300354898976906,38,0,None
298.37499562193864,308.85227089351895,1403.4813421861172,52.05402140738562,110,0,None
299.2832281836901,310.7355325210637,1284.6984830769495,39.81830365087703,19,0,None
296.6615452814571,307.28124248005815,1103.0731600040551,31.351645143972334,49,0,None
297.85451423408733,310.9987890685905,1454.5634822357931,23.344608618382374,228,1,Power Failure
298.4401374039321,309.95006282270197,1307.6057755057643,33.631589350848714,209,0,None
298.2627245948017,308.6074677932313,1276.2037194351396,42.137043327707104,241,0,None
302.9187329658046,313.82087275012117,1713.8512807365826,36.0961508304706,37,0,None
299.4174320666341,308.26138415360816,1545.280388394817,46.39061777012329,196,0,None
299.48386334106846,308.92683750203423,1211.316302100124,29.088075297846522,218,0,None
296.94619702550824,307.40242886981844,1542.0115639705975,36.03094045486836,35,0,None
298.6308098867816,310.9083310729946,1622.1698805688234,25.948665173273323,88,0,None
297.2859214925273,308.53730313411734,1246.6544437549067,45.78090998086433,176,0,None
301.90710172754234,310.8481743871006,1753.807045706652,55.462885707147194,50,0,None
304.42520945006316,314.3952716342735,1562.6081303966948,29.582153716506195,87,0,None
303.70797382243853,313.0316420581283,1556.3566035707045,36.13246699288409,120,0,None
299.827706099851,311.7210586963297,1288.0695230010192,21.81133123982706,252,0,None
302.0144199529131,312.3975524537579,1426.8126966547127,29.443670472186145,8,0,None
299.44918780908023,309.7982435096483,1310.4566095410962,24.745730388862057,74,0,None
298.53796912259526,309.0591461921387,1280.7793892533964,28.22076600170741,175,0,None
300.02508155804037,310.633888293218,1129.5846246067667,52.778825358121324,177,1,Overstrain Failure
295.5346805879369,306.21228429855614,1279.1845365171453,60.7220564777722,14,0,None
297.1992575872621,307.810606139898,1405.523718131309,37.08750441617256,252,0,None
300.71857548756583,311.58263310207604,1680.6364535444468,35.62661534187782,98,0,None
300.81344388369547,311.95003674630766,1310.45342900593,45.747368748825984,122,0,None
298.52712483995555,309.19330029918183,1412.854482211871,47.170877670724266,163,0,None
301.186861392948,311.3545611895785,1449.03687738157,34.95822204453003,153,0,None
300.6646899128709,311.6927778946436,1666.0034744250581,40.24978863932721,205,0,None
299.34753994432515,307.69990591896556,1353.195526102109,41.58939473657294,46,0,None
301.16950823670874,308.6193504216467,1611.1332066092682,48.7556742987229,6,0,None
299.06449927482316,308.63887965355104,1675.202638810831,27.7850135891858,65,0,None
296.89205785546113,306.56402778667336,1409.6908737278723,39.0723729465283,107,0,None
296.4099399009769,305.93760854922124,1634.6325557065063,64.61893860389472,244,0,None
301.1576370234499,310.73082023859075,1513.8517864095227,38.155260332417136,30,0,None
297.29980793764275,305.68853511901824,1607.2757388970588,31.056614183018958,153,0,None
300.40931221407055,311.79136500379354,1260.4203589947742,43.44856213631005,123,0,None
299.90421847487886,309.0455414610686,1534.7935330637006,50.7391967670563,48,0,None
296.9036158987619,305.57451638125735,1499.0411416888514,36.02845767740304,139,0,None
299.056577088974,308.91707467454614,1439.2343800400824,20.382236060775128,37,0,None
299.40857605829365,308.3595645115894,1398.7722179900002,44.06525761226491,101,0,None
300.7412946579595,310.6460396260266,1625.3460206201405,56.03635558311966,173,0,None
299.54305034411533,309.92834785102843,1366.1674395760544,33.273023048412476,69,0,None
298.36715145735707,307.75818757637876,1735.1976365387277,41.35348401330457,229,0,None
300.98887092606304,311.3790632357415,1649.5108153179879,51.40636683204587,56,0,None
298.1435751087627,308.3625158588455,1365.7131067346497,31.97522741553533,14,0,None
296.69849357762456,305.9100932475535,1523.031349647208,46.762207473485546,13,0,None
300.49335385790096,309.3124622179799,1406.0979131584536,49.05171952042886,143,0,None
297.8137165755234,306.6960765396025,1571.3563385836433,43.27188770069281,106,0,None
297.68106338727847,307.2583684725964,1966.6215520857618,38.31428641676211,86,0,None
298.95792066298145,307.90788478483717,1142.1482596826609,36.926398819920394,131,0,None
299.02313588332044,309.00806277154385,1522.5512573053147,37.40931973961102,225,0,None
299.7189084539776,309.6676078626389,1268.8957891065281,37.83736232572368,229,0,None
302.0163500788785,313.95389549406605,1147.912420830155,59.94562397832968,251,0,None
300.87977519308583,310.59074107110496,1436.496324177687,32.79377320262586,2,0,None
300.8981308764785,310.7763875294644,1686.9270509161083,38.822058988847196,228,0,None
301.9197580783595,308.6195012477558,1528.1934684216915,43.5354378109092,15,0,None
296.54262296927527,305.5097320529841,1615.344922517969,38.16106808485294,190,0,None
302.83593383911597,311.32712769055297,1877.0805036856184,20.02380661892526,92,0,None
302.45468009192143,312.3873823060632,1813.9192562498965,38.84456740546265,82,0,None
299.14944257465766,309.2193534059723,1276.1088629874394,48.080964081436846,102,0,None
298.65044964871055,308.85464674084767,1681.969981806742,35.229289576415965,81,1,Heat Dissipation Failure
297.6121092058011,307.92275466352885,1829.7235220933185,40.60954852825439,202,0,None
302.3356309734111,312.7263923981895,1431.3804686600042,18.533844981675408,163,0,None
303.7089801726459,315.31381718395704,1357.4750424470326,34.255362037381964,185,0,None
300.6484260936234,311.1389889534741,1602.7583669676374,28.31378744211989,185,0,None
298.80720044663195,310.2766522988237,1347.4766806071807,22.135862496574774,28,0,None
301.49493083216873,313.3836842522431,1144.0331103607891,31.73120563464187,70,0,None
298.85823809608627,308.3491102359461,1596.8862081524308,63.43255145868682,213,0,None
297.7402200015966,308.9500420668225,1560.0856451589016,44.349448324989986,52,0,None
299.20918021355914,308.1649191603256,1468.0262870058007,37.88926560611842,136,0,None
295.546455049832,303.6286281430694,1670.0162550857838,48.40359964214451,173,0,None
296.78321614405377,306.85428406723855,1232.7171979818722,42.232748075855106,84,0,None
300.441790496404,311.9318484483638,1833.6152028582446,56.04586458866206,2,0,None
298.10426030258776,308.58299321956787,1935.6135157831923,27.433176745567167,64,0,None
301.46904175526777,310.33925776187255,1503.0250120735489,68.69172183491138,32,0,None
305.43502674254967,315.7509245582079,1376.4092175009016,20.45005514231452,175,0,None
298.88771516669,308.3346303148346,1604.9661863721662,32.63249329866136,157,0,None
296.2415997388445,305.7223577982125,1290.9892293981409,38.35747828803855,236,0,None
299.2124303084614,308.99264537264264,1751.3326864327296,39.77385374366379,49,0,None
303.32061057168875,313.91516346327154,1448.4138395070916,27.55260076046471,76,0,None
299.21596938387455,308.3696118661541,1615.4793027210335,45.349100184645756,162,0,None
298.4862973094669,308.3445412843378,1196.6962369575997,44.33986299197281,172,0,None
300.8965935549601,312.56975828755725,1656.4344771755236,47.29000092720091,145,0,None
301.22515218347587,311.3464584351755,1451.2965298040551,31.538250525900338,98,0,None
296.1468306239218,306.4757455643219,1376.1652682625872,28.294922894935574,61,0,None
304.05043035570316,315.3141668408972,1452.7274466981012,35.93661462405143,251,0,None
299.6698023419311,309.30368503202925,1203.518523414081,54.49407533804283,33,0,None
301.15506528390074,312.1380314002779,1549.183599499481,39.290209469092,129,0,None
303.49985933490774,314.0171906530438,1511.657450184192,33.262231686363116,62,0,None
301.7228873828096,311.42400513269024,1232.2404338805206,38.304255081218415,234,0,None
298.03754551896975,308.3021418235391,1836.8151592183972,53.96441315714451,111,0,None
304.3470956191138,314.55196676697335,1466.2352407259627,18.170735922836347,157,0,None
301.2696632221663,311.3049499004238,1497.860426883483,36.308845916806035,195,0,None
301.53772103900286,310.1616191812281,1818.1081570322099,48.9559128167097,238,0,None
298.25811903729243,308.0332456408486,1359.1608952395839,34.71033730626587,178,0,None
301.47558990030063,311.42419909318215,1345.6457803015687,29.77907407743707,221,0,None
303.06716419251484,313.54271410180684,1277.6305486670997,41.20432583606468,67,0,None
296.5741716913987,304.89290640935917,1642.2069304615698,24.899804899401047,83,0,None
299.6418926480581,310.13858463639565,1458.3352522610812,37.98255090775303,197,0,None
298.4074935732732,309.34474456453614,1564.6386787715346,26.378138542252568,191,0,None
300.73689275193374,310.9010715810868,1701.1470351429693,29.738848933883425,203,0,None
299.7293531524377,310.4918369164839,1643.1831335916936,36.93607527517814,17,0,None
298.2737099249121,308.0248584157304,1555.8107783925923,28.177741801267842,52,0,None
301.3453190165131,313.19491266879237,1345.2652447822572,44.75480010410651,124,0,None
297.51304027086087,308.16726728354007,1611.1924732584253,35.530091610428805,47,0,None
301.98125325828704,312.91854473845996,1663.6220131823106,39.99489859787805,105,0,None
299.36681107482394,311.36971898891625,1758.528131260359,43.87271076433317,66,0,None
300.3488082208924,310.61258986634647,1546.4663673755622,32.19887090705323,197,0,None
298.8980362226502,308.00183875170103,1228.4003021267283,47.98458751833883,129,0,None
296.498631561576,307.3213523201418,1701.779810151835,33.255439615875076,173,1,Tool Wear Failure
300.6253984926202,311.9350054906518,1561.375177675914,45.01077800348972,82,0,None
302.7177030209768,312.4232992458885,1547.4873916968945,45.07490895803027,71,0,None
297.15282590489977,306.72041887647515,1423.8706820607408,33.88767982595169,124,0,None
300.3684116944598,311.06705443893696,1535.985211394258,38.98599273634155,259,1,Power Failure
298.23352044060493,307.0762400178115,1461.750713628611,37.58910625670968,207,0,None
301.6802992910249,311.16492104613417,1514.1275336452356,47.8298446344219,210,0,None
300.3293155558691,311.063172664793,1582.8838905926802,63.23988077878655,253,1,Heat Dissipation Failure
300.56791608909873,310.54998032294947,1608.022803872561,34.88455329404595,87,0,None
301.50023108942935,311.81301152102134,1634.6190571539737,60.30762836771551,13,1,Heat Dissipation Failure
302.30473065910013,312.0393157050092,1370.2411538204342,41.584310298073966,243,0,None
301.53990985023296,311.6245613904271,1394.634249869467,39.39793092285759,41,0,None
298.17759039170977,308.46878196356437,1433.595039036224,24.744392296724598,66,0,None
299.6327110227241,308.60900005924736,1281.0329729744644,37.37230669283775,50,0,None
300.27444644796435,308.7145628921696,1368.1469428903981,44.53735163488877,40,0,None
298.9590990686622,308.7229148910065,1897.3171857335624,36.67032900459943,141,0,None
302.6548723528789,314.48876750238367,1679.436081251505,33.78593570913564,47,0,None
300.6154203621883,310.79729433021737,1570.412931251356,50.02228437033631,47,0,None
302.18339787134386,312.7718767127277,1337.0689682990967,19.31559836031488,180,0,None
298.9187988146862,307.8186134830747,1619.992069232959,33.58129359765921,26,0,None
300.87882509148966,310.52867184487917,1565.764731150393,43.284005156005364,128,0,None
301.12467297502286,311.4417720224778,1450.089516475772,38.94692878991625,52,0,None
297.91030754449923,308.7601494537031,1345.200008422127,42.8860329628577,225,0,None
302.40946220128706,313.48907548891805,1421.7878602703668,28.243029553549558,158,0,None
301.02751048820073,312.1281572799247,1643.8744924007865,48.11517170594592,192,0,None
300.6049136721399,311.7590343442357,1259.9072781596435,55.507161746792875,208,0,None
297.81929027511535,307.7369893776461,1585.9214202622056,37.17662961215957,3,0,None
301.35684324718454,313.308831732793,1678.7928531230593,42.51191152980498,13,0,None
299.83626534251755,311.2733971022144,1536.240679849988,53.326301142657584,258,0,None
298.77523962775564,308.97729239429464,1536.2217606306542,43.93751062765558,125,0,None
299.00165787744095,309.59427550936647,1749.511089800835,43.83339301855974,99,0,None
297.53212489963414,307.7778679027765,1515.9567660309867,24.801235803574357,125,0,None
300.74989902439916,309.3879013956059,1626.2518427578898,45.474010830556004,137,0,None
298.14467525084825,307.6312026369028,1645.9402416882929,34.0238978316117,31,0,None
305.6211286787605,314.34400356524225,1534.127669424625,41.906830853717075,31,0,None
301.80846051274045,311.5619058078208,1306.417261996593,41.99853706166564,97,0,None
300.10033823468643,309.7489909222561,1585.7293163193044,38.81960241368717,249,0,None
297.0518834131841,307.61698020732035,1282.28852707393,38.59801760143764,75,0,None
300.6742394051724,310.76399873006125,1492.7751055550348,22.98380795393016,78,0,None
301.2165600288795,311.4712893887181,1664.578110917373,39.97196888248694,57,0,None
302.632289360402,312.82536129399676,1576.6500071765852,43.21802154266001,144,0,None
298.96904807739156,308.6995505469518,1235.8943590400045,32.53987327151231,123,0,None
297.3973367999343,307.2872997168842,1323.8416949133066,40.351256668169796,1,0,None
301.4300353551711,312.0238924550563,1624.9527923312735,42.927322210869484,130,0,None
304.4804604637629,315.6908588552358,1438.2940292353107,47.4247448911975,20,0,None
300.77947529116983,311.200947076448,1653.1068185606148,24.26744524684821,63,0,None
296.01592585368473,305.530444633945,1587.1727027643708,30.146484463993986,149,0,None
300.88436405386057,311.17663933300014,1465.5460844218514,51.56113081544376,42,0,None
303.2215585607308,312.32669342159903,1838.6258000937885,47.51771454864873,37,0,None
300.52130695724856,311.0939305360726,1626.6078994732911,32.5183064783425,201,0,None
296.5512534815706,307.63959827969154,1471.308075740017,37.47577675239188,47,0,None
300.12034455193555,311.3599008698162,1577.3093822412077,51.30285126945918,137,0,None
297.8237435124912,305.73606712393047,1535.3800990932382,52.61484743906034,114,0,None
298.5934861097736,309.09200236448083,1139.7502332234988,16.9439128369722,168,0,None
298.66038810138764,307.30614868072064,1481.3010445164552,30.476645949901595,89,1,Heat Dissipation Failure
300.8297754193028,311.2362701220892,1489.123697527237,65.59117694868588,150,0,None
298.4945298232076,308.2533727192066,1578.8322131826096,32.8753917747016,13,0,None
299.2944100265419,308.77665424484826,1516.612746846025,39.98346141898815,140,0,None
298.94597877688864,307.6297621019022,1544.779393319826,49.26611904422098,103,0,None
303.35928641404297,314.35382623898806,1437.1440888865104,24.950317951214586,241,0,None
302.16289550944174,312.50052256904485,1589.1919797347407,41.14252872311264,10,0,None
301.7070089498601,311.90835763488343,1397.417602492649,49.36303854024531,185,0,None
293.3110972085192,301.55203535980877,1541.73816216829,37.08255169807073,159,0,None
297.7463363846289,307.15238621711035,1677.5672042212345,31.718006328328073,104,0,None
301.95714599065155,312.077054828223,1573.142344161135,29.06416927865328,119,0,None
298.110580139924,307.5660885481735,1721.0903587372782,27.174784833219434,256,0,None
298.1939871821725,306.9927842322171,1338.3877737475602,36.06477629781825,177,0,None
302.4533481269195,313.832304341352,1712.888685886615,29.279578532957245,88,0,None
300.17954202299273,310.5913781443403,1823.947847684745,21.73249306830502,116,0,None
302.436415515398,312.2275291149813,1808.3864163748246,37.79943141125281,180,0,None
301.94191337909,312.1763428159415,1616.3580681087014,32.08346917509917,81,0,None
296.7383505553882,306.14704872678055,1910.8628575287967,34.014626819964214,67,0,None
301.61688496680415,311.7893443099972,1407.8958319707428,30.73531829761585,18,0,None
298.7487069569071,307.7538664503628,1050.4262139286684,18.654568145977755,127,0,None
302.8528723849168,314.4326916242076,1507.82350249079,44.25583001036534,21,0,None
301.2580986203175,310.7565242678849,1488.800593391631,36.86861012081635,145,0,None
301.36052563527096,312.46867248893886,1490.272597959198,47.06341047610617,132,0,None
300.12145060020924,312.1083060688033,1454.8027203723386,44.31429231044293,60,0,None
300.364805031708,310.3981710167517,1435.1648732464591,35.372562824366966,7,0,None
301.8877901573155,313.6514993054673,1351.384803796697,44.51251234687514,45,0,None
299.3290076277586,308.7280341833823,1438.351227832293,47.78024080354881,46,0,None
302.85251578001225,312.9120005302187,1450.525915040139,42.30656423089411,90,0,None
299.32968500982935,309.77950336087486,1257.2334693528148,43.72460016002437,29,0,None
299.51085202562905,308.4380397081374,1833.9993077323215,44.59810899163081,251,1,Random Failure
301.62101300545646,311.5934681317478,1589.883233954652,56.059656347324506,71,0,None
297.19418363876065,306.3669957979228,1632.513564742657,43.818917586267155,53,0,None
301.0880752304542,311.68708565060314,1408.1725298403364,58.69405615153277,25,0,None
302.3843698277326,312.8378792094362,1775.7145379445888,44.3249266670654,157,0,None
302.42764125711597,312.89472962976055,1614.5122382976247,48.62405225274549,200,0,None
299.492479533907,309.3348359177433,1441.898185800801,45.021137514641914,37,0,None
301.97780339887146,312.0435539850529,1391.1258973411734,57.69110873611321,112,0,None
296.5648245026938,307.32275304056105,1395.302524720236,45.99107681376345,5,0,None
302.0847394337118,312.638357337188,1326.7906149594387,48.091138889655454,67,0,None
298.17502728306533,309.1533074754103,1546.4288806477223,46.131209269374054,159,0,None
299.2382506114976,310.7450053967638,1789.1526078952459,41.25869431781267,141,0,None
301.43405301142724,313.2044520657896,1226.2478810905795,47.238401838848446,134,0,None
300.45293334878835,311.07921244953644,1348.2114061543678,42.29923999589069,146,0,None
297.9327113379874,309.0138931586063,1478.8898957617414,29.673057392362907,125,0,None
298.1111634953941,306.8884896130723,1373.1437865809266,23.221466570448012,120,0,None
300.9019298685951,310.5679895802873,1422.928634957851,31.51793957101172,161,0,None
299.99155939160767,310.4944550911347,1319.8897056201322,28.960417600887176,72,0,None
299.3839800876492,308.5143733147221,1371.7034061303464,28.62098616641519,72,0,None
301.44687210427736,310.3120812425774,1553.6476466079746,38.00767726621027,58,0,None
297.60374916995255,307.96624244597115,1221.0856650511976,32.74568041981105,113,0,None
298.71558637558275,308.6624429717661,1815.8368912358042,38.727041509826456,175,0,None
299.00433469449786,308.84303464023924,1618.817276497403,39.54528632978434,184,0,None
300.201730021608,307.90167774902187,1593.5913143738073,60.52920393631743,244,1,Tool Wear Failure
299.71692390050583,311.53471315228217,1588.8480480285862,33.336265242760014,122,0,None
297.0874553903313,306.1809172001447,1368.0077657173779,47.50881177597962,130,0,None
300.9545491216934,311.0683259149995,1328.397728953729,49.194091230111454,169,0,None
301.4957729142873,310.3428297169573,1513.1958942747917,21.04533374815051,47,0,None
302.4403416524746,312.9746760726089,1751.1230871710823,48.045034664106254,221,0,None
301.62873264225703,310.2748020158355,1439.2671388383276,35.79235560869651,212,1,Power Failure
300.91690751352854,311.3536552918062,1527.1878016285825,24.183108639017828,229,0,None
299.53818798773136,309.0595009415746,1038.2285130256353,39.70647902389473,1,0,None
301.6426212875647,312.5688533139217,1348.4002061358917,28.664056598679416,92,0,None
301.0279014830142,311.5198771052069,1602.6893250813996,37.50464048102904,169,0,None
298.6607606685936,308.5759644374599,1570.6201514510967,41.85629019772179,152,0,None
304.6747554494777,313.1852655529312,1233.419098421841,38.078457131059146,143,0,None
297.2679184112687,307.24596237206424,1610.809439255573,26.634844149774477,78,0,None
301.8519363419086,311.61777884093647,1519.5075988786361,21.607874700687944,141,0,None
298.6914354426151,307.77761701649547,1475.8773338597634,47.90324644581857,162,0,None
302.2638559005153,312.4677848286952,1709.6414036368058,48.163464344645064,127,0,None
297.29351895303927,307.28504365134165,1469.2702619217548,37.27161525334573,253,0,None
295.91052618153117,306.4470432404656,1503.5030784363644,46.16734049692077,239,0,None
296.31357178368955,305.7581649789738,1562.8234429124052,50.996949881545184,145,0,None
303.13763824564734,312.0086633106797,1600.1961456517927,62.044810671775906,58,0,None
301.9308491390698,312.3396177061596,1580.4766418158433,41.7395158778156,6,0,None
298.1808472552658,310.24262851588026,1662.2318853596228,46.93970309132925,1,0,None
295.4301923673496,305.1678931182758,1640.5257833456028,33.347027500745924,113,0,None
302.3429166028839,312.576590088465,1684.1831166535894,36.236748534006864,178,0,None
300.09904802901775,308.70502934213306,1211.6669656331028,39.151317073675756,171,0,None
301.1861923668914,310.41265617548856,1618.2978942413324,36.661048735765554,190,0,None
303.5819470435117,313.0783439346293,1550.6278525051728,65.705199441231,131,0,None
299.01991641358046,309.281804577174,1572.4209214567477,32.03173731005059,1,0,None
302.4370043920337,313.0451093288681,1419.9690000152523,28.03693080843297,257,0,None
299.15101936723886,310.2362705665948,1309.4562072418357,38.229112524488166,17,0,None
299.27321530744763,309.0027788259635,1487.3947473830483,22.76005008583853,228,0,None
301.598599992138,313.07073841497225,1487.7115733961693,40.98593265185221,100,0,None
300.8698513662764,310.34380834487564,1298.4219957738794,45.72323088494184,45,1,Power Failure
298.8783867839832,310.28160405443356,1328.2905630851515,53.52623971714818,108,0,None
300.16237431352914,311.54261606418163,1649.8462435795795,16.606938964589986,224,0,None
298.9703650821791,310.5287927373713,1506.5243437920758,32.97517507696714,51,0,None
301.11612458180826,310.90318271526684,1611.4899609474578,43.84808954003004,47,0,None
299.99318756317155,309.5314821863784,1366.9175899434701,40.00378903443038,220,0,None
300.0059880394525,308.6616224786991,1696.8869853615238,44.30459922154431,3,0,None
299.77531955586267,308.99248112154834,1593.3222595839616,34.34560406509779,8,0,None
301.1175668198941,309.9540954009065,1575.354741581073,41.59668978250984,222,0,None
302.2618446039952,311.80577010579896,1492.7558292862284,27.58882605139277,9,0,None
300.1100153629127,310.4660452877555,1613.2776525909348,45.214965525568516,135,0,None
299.7068032711198,309.45162139861344,1759.947470811333,50.55658205880566,73,0,None
300.9841908584973,309.19101493573555,1234.276243765478,49.09224801616008,217,0,None
303.1912583971785,313.0528040723422,1380.3952962479184,37.9021261845334,239,0,None
298.11486635380345,305.9624199777055,1301.0996668764762,23.55078618516763,163,0,None
301.0992909912477,311.8208173979059,1372.0752747843712,47.49399515400546,172,0,None
300.9398805136771,310.6735463367479,1484.1592687812918,44.38110770443646,37,0,None
303.03849595005914,314.07719761066795,1698.1180166356298,31.339475371754826,15,0,None
301.39034515726837,313.16664721105894,1586.8476778965573,36.515066837517026,132,0,None
300.17712645487916,309.9328262092345,1464.0269847317459,36.33274488362954,220,0,None
299.65226799259347,310.4431772962232,1300.2836102908423,51.289211793764466,259,0,None
299.3814116388809,308.99981981188745,1293.3986025710594,37.58942091771981,195,0,None
301.8864140997252,311.93182913141464,1477.1537862720736,38.18712648824916,135,0,None
300.2202466142702,309.3237500646198,1290.035241088169,35.35627718587299,65,0,None
299.77929281477424,308.4552399890208,1238.9930146296672,56.45593516586261,207,1,Random Failure
300.7622129945168,311.04105583887065,1075.6479699987312,50.78170035523113,163,0,None
304.28455692177846,314.51044987800975,1901.5178565620154,45.18126280702902,242,0,None
299.76833131948956,309.6222023859573,1370.1729672861527,41.1081470572947,105,0,None
303.65160187714946,315.2539839061536,1506.971531965417,42.88715009952032,172,0,None
298.36778687462345,307.92525287217643,1363.081898868817,49.978037182220035,244,0,None
301.80751908566486,311.3522449758096,1333.7558425864254,42.682866620534234,53,0,None
301.5944101740257,313.3772706094153,1519.1269848234654,52.07762250161727,56,0,None
304.02560888548294,313.3683884512977,1430.6872979001068,52.96278388002098,82,0,None
298.8495528506933,309.5239684540017,1380.849664449585,33.79448595372726,205,0,None
297.3897622689287,308.00972002274324,1224.1396139418669,38.818955657149615,215,0,None
299.5322749058407,309.8742133251324,1646.4884162703452,36.539742339782194,255,0,None
302.8395429486906,313.3808916659736,1668.9601800518312,44.31363950232275,199,0,None
299.84731032256815,309.7161571813353,1426.038204294008,31.3800401700586,213,1,Overstrain Failure
302.9468167163156,312.9152757867095,1328.1292838001466,56.184287179283054,28,0,None
301.3504602670959,312.25331424897655,1652.1143951810623,42.427741180479295,74,0,None
299.66671930262606,309.92058214802205,1201.5411441124497,33.16887244934416,45,0,None
302.4786936622073,311.0878912520527,1676.276095667432,45.750709239632265,226,1,Tool Wear Failure
299.43873930188255,309.57287003422357,1431.7895797162387,50.84325103646907,48,0,None
297.5914057767934,308.87143087759335,1294.5690843886646,53.834843453731125,115,0,None
302.01009463694226,311.7980245892217,1658.4723564752344,37.87278399721531,254,0,None
304.69754330897365,313.8997242022218,1523.1967407452482,44.364483128764576,170,0,None
297.67239333312585,309.7293518197587,1318.8911647169787,44.80862653622705,43,0,None
296.754899865455,307.88489914477907,1379.228041349977,20.64150556372223,225,0,None
299.5868346263009,309.284286131734,1379.2913198018398,42.13134794657602,1,0,None
301.2350680617924,311.1338109694604,1779.0527098390744,23.34592739270953,199,0,None
302.07430669499774,313.3812442124869,1504.8243582263967,49.31981005124064,77,0,None
298.7957995224274,307.890662511814,1652.6892739038624,23.9787329360594,239,0,None
302.14865738300574,312.1525110603377,1761.5575294867808,35.14117477970426,192,1,Power Failure
302.4252569425311,311.7131023324709,1285.0981933096386,46.14862473881817,191,0,None
301.00592134867543,311.85576990873625,1285.1686930027797,47.32164747690718,55,0,None
300.28299505287066,308.208192923997,1518.6758896220763,32.89848757776153,200,0,None
300.4315913774215,310.8752730767598,1712.7223284257136,53.4252842735108,242,0,None
301.96846303614296,311.65778118229144,1515.2070038594693,20.554139728626293,240,0,None
300.3210975084424,310.90848840327425,1571.5470850572435,34.52097342199872,51,0,None
302.31750376660756,313.2071183261527,1657.0471013415818,30.532673022116718,204,0,None
302.5994856046841,311.8860359955945,1179.6625111040878,40.98907100242645,212,0,None
302.0464788838933,312.2629287093539,1480.1077102186678,53.188979356898834,109,0,None
301.98287460851185,310.99893598528234,1537.2350857789193,46.418097887493516,8,0,None
298.1370710322724,310.6528751362688,1213.1160631485182,59.20941413164117,104,0,None
297.39703380122864,308.9215145444652,1488.7266405125547,39.46945342380084,253,0,None
301.4147635516196,312.19517550574056,1386.7806066462977,20.721025431087998,128,0,None
301.28740365730084,311.63799874976553,1264.9936650506702,59.05961994958191,173,0,None
298.86076769959334,308.47271564682154,1745.7869944666525,34.89072691452757,52,0,None
298.9111831706777,308.64936162851967,1553.9810602200207,67.12458707739269,230,0,None
303.2622401229013,312.7273266540021,1462.7409272022423,44.055290226859334,217,0,None
301.07599053958097,311.78634409873627,1498.2822633758713,34.92093428296771,177,0,None
305.5652805519079,316.27919346426705,1583.8904006546707,43.78241954946684,256,0,None
297.8976066760536,308.30822637449586,1170.6326458466287,40.06526504882122,242,0,None
300.1188202859724,311.1981166880973,1842.1891235820226,47.28450346111556,112,0,None
301.0978280228392,311.50699744335395,1566.1592930098245,32.96378390409056,108,0,None
300.06349069931986,310.47497695313484,1234.2177328936045,29.67867060059236,31,0,None
295.2338401693103,304.7531261750999,1500.7147311076378,34.56026985965619,86,0,None
300.5955796918145,310.0676991754605,1592.8181404282882,59.54373811760968,248,0,None
300.9394421802248,310.5163515960833,1398.0818264675866,10.22066081252991,31,0,None
299.3420235806293,310.1885305887657,1238.704543428742,30.586977232383752,193,0,None
301.5049320918189,311.0825144248784,1423.23092145505,49.321452462116355,221,0,None
300.312012135927,308.19396257981583,1405.3292110381956,20.33345871372659,64,0,None
300.0532507049202,308.72734537587934,1400.6140469998497,55.627412748732056,174,0,None
301.0908104740229,310.12783474041737,1855.9356216993665,32.312119424861145,127,0,None
296.1947415003617,307.80821297053325,1481.499564801161,41.362713240503304,209,0,None
299.04657010799525,310.2709987484762,1420.8006486405666,40.64180118720303,146,0,None
300.7805012183681,309.92296866681016,1292.9358681766082,42.679554672974504,110,0,None
299.4013102385849,310.1315495360643,1483.9447737924447,32.31414163624109,129,0,None
298.26540447631,310.48970310483423,1782.9597043794201,34.16877127451625,1,0,None
300.00136649451446,308.5177941461193,1690.703451199236,42.10158309288718,244,0,None
301.27850736138686,308.8853599730458,1294.6702035400588,37.36757967251852,19,0,None
300.6743113326785,311.42364500638615,1641.7004803719599,29.86558295227886,33,0,None
303.21017289428033,312.6009585204294,1493.2972617356959,39.79542896526103,23,0,None
298.924093440797,307.7028308454298,1597.8721042678142,29.349315826444155,248,1,Tool Wear Failure
298.37398076974915,309.3781839521336,1524.4063875232555,44.630720946476416,34,0,None
300.09421675716794,310.1588555924993,1601.79055161555,28.95755250911749,5,0,None
302.8976434330851,311.24257287026705,1323.7764916716249,29.452083383469766,19,0,None
300.48552868434086,312.03462277850315,1373.5457668558677,40.5528691685796,120,1,Overstrain Failure
300.62889030886305,309.7297819701616,1391.9232469910257,36.369380161335215,233,0,None
302.6616500284565,311.9307153345556,1897.7353312500022,40.572568486681774,146,0,None
303.04647213424767,314.9601529088653,1620.690279814369,53.37408258767951,155,0,None
299.52208526782715,309.0117394538669,1604.6367803563637,17.41331208616018,28,0,None
297.6078829844575,307.7969991990059,1812.4435677161987,30.3881618780087,201,0,None
299.35989288268746,309.49523218030106,1519.3711133632346,36.46377152041601,132,0,None
303.02416218624217,312.76321149537677,1514.9504667957729,44.64894369756177,145,0,None
300.0953123890951,309.9900072702038,1595.6657707142608,41.63429970179742,79,0,None
303.6468009667217,311.49769806083174,1407.3035999685549,47.728349415113776,94,0,None
298.7765116669772,310.21141081089667,1568.4724174304204,29.10081488663873,235,0,None
302.4778351688976,311.96692861230804,1597.188435878361,24.506238830700262,114,0,None
299.7394299203691,308.9863178424838,1119.8487165431302,46.100692169462185,49,0,None
301.873037740858,313.66980157503696,1717.2374993453213,38.21655647249781,248,0,None
299.3692333712937,309.6989871135557,1744.925841155731,39.43683229583332,116,0,None
301.1486868054075,310.4390490307335,1692.2683351384887,44.721114708248,126,0,None
295.60593678128976,305.8413254090085,1261.864181740168,46.71283150077809,258,0,None
300.50349215363747,310.83651475010606,1625.4908716714544,49.499241576809254,89,0,None
300.598135707847,310.19623162365826,1370.1883221248004,34.61918251629014,123,0,None
303.39896460533123,314.7003184742091,1622.4249758012363,41.82685047609982,184,0,None
300.55967635353466,311.4297617756255,1415.882243951518,60.323417791648666,123,0,None
302.6340773821533,313.4449870680276,1332.0523341206067,45.03625573313495,7,0,None
298.7874402713681,309.12832564589473,1666.7784996010787,35.831402317244255,230,0,None
300.8767492998385,310.71397404394486,1300.1574657837687,38.156058972496936,87,0,None
300.90964417635263,310.63546716415414,1585.5302245015132,44.86670569663149,43,0,None
298.4686286670109,306.9089615496498,1497.8967765580173,30.02884205958334,235,0,None
299.0694816797646,308.15463590177876,1612.021335979383,38.72549302325105,162,0,None
296.0894339324721,306.55856709430464,1449.0245719511365,31.456696020572426,39,0,None
298.99676655208674,307.8912404644012,1516.2675282332298,44.77806870021943,230,0,None
299.21015144643644,309.1761494207227,1138.8363598065694,49.624958769560024,28,0,None
300.67985562175573,311.99559385136524,1350.0595450451951,35.96544661906435,92,0,None
298.2785440065567,308.8271480487586,1307.9025630222986,26.70960291321832,161,0,None
302.21024628999146,313.49862650537835,1598.1083054848639,43.79171730710012,245,0,None
300.69546224093926,309.6497479011026,1187.4233214288747,51.942605831949656,49,0,None
298.59970551872277,309.3867912960381,1636.3005845852122,37.63122241474875,236,0,None
297.35296585581995,307.8675640545905,1737.821724570567,26.262140172160066,46,0,None
297.17049582683427,306.04565723654497,1612.3559242937808,33.22283035792575,173,0,None
300.3359282976037,311.8376758546667,1622.287405743719,38.58295676021451,106,0,None
301.4684533071382,312.6287661923947,1721.03305452513,31.018743034034213,42,0,None
301.33698785142167,310.33903038138277,1299.403980199981,54.8914032289165,45,0,None
298.94878124373497,310.7879999101419,1596.531697006297,52.317492087994864,60,0,None
298.2590238973983,307.5393624709403,1614.6713886761636,39.462168932070185,8,0,None
300.27953265257514,308.1155410339981,1516.6231442821352,45.18097677629703,112,0,None
300.6847601645181,310.2284132096309,1366.1561854891886,31.574643242657267,44,0,None
300.17119777143915,310.35044790994436,1300.1596996972685,48.738069050564285,139,0,None
300.2654505238705,309.6578957224379,1401.6146060606702,32.533094940950676,11,0,None
301.2496348274745,311.706914223097,1470.45080964543,45.057097972563405,27,0,None
298.8126495685301,308.8356523154709,1532.614069980282,46.40370770691305,227,0,None
302.875915353165,315.30323448646226,1447.3020026046988,43.948958680542766,57,0,None
304.72217645931113,314.2514355980184,1404.8185243853732,40.80241316482711,117,0,None
300.1396800871446,309.6648835404186,1137.454958866653,48.75728310527454,252,0,None
301.5714328852746,311.0554238690477,1741.3063381219324,50.73108673145005,60,0,None
298.7807384560412,309.99564916279866,1633.0414951928767,33.99738243259922,111,0,None
301.74590499954104,310.6482140562305,1470.456207535046,28.742257109217313,116,0,None
298.76145718422237,310.1781152329586,1444.465581349286,37.792057102927394,186,0,None
300.73833448646076,312.08600767747663,1679.9023439338157,32.057042664683934,232,0,None
297.95573043917335,308.7512555422794,1336.2784081549837,37.83516053831987,16,0,None
298.66761282077107,308.2493243652435,1830.3305485673322,46.8192338741965,235,0,None
301.4283808624725,311.6963162435643,1435.461451346457,29.758081424975217,97,0,None
298.63537916487945,307.8383917159077,1536.1927100319667,38.396023880001046,183,0,None
300.46325837296274,310.13619731203386,2057.2331631892275,29.06689033488882,66,0,None
301.16558445734165,312.1672498393817,1528.8024368487645,28.65392247869662,197,0,None
298.9166934864423,308.9870499207797,1538.2440541322853,58.270534516807444,80,0,None
300.7688203382639,310.6965599100284,1662.432907862667,39.82626161700604,211,0,None
296.6126506738072,306.5894847296193,1614.4174750140385,50.53655247854588,130,0,None
299.67942740302306,309.0501777066621,1600.8309513114489,28.450206444044703,158,0,None
302.05555383138596,312.59542291420826,1410.4525283409664,35.52707511480552,4,0,None
301.036082941793,310.88887457255106,1707.3203269951457,45.49998073620994,81,0,None
297.1073874277838,308.7316575030062,1632.7153922594266,36.10552248010611,187,0,None
300.0502628418142,312.1148743724934,1642.9753654637177,33.18705413114957,36,0,None
301.5036314673124,310.69742390798257,1526.6443280105761,41.542090834382755,34,0,None
303.0810876648588,313.42437880736964,1351.181059276189,42.19787824369897,68,0,None
301.45347739261496,312.8438620703613,1450.9962541812422,35.713622002561934,29,0,None
297.9703901214607,310.3285516276384,1822.530141571604,34.95980532894447,250,0,None
299.99006541839987,310.76265266004964,1107.946460595718,45.31024229004679,104,1,Overstrain Failure
304.1030292118989,312.4010787269136,1302.3231200351736,47.0637423493796,108,0,None
301.38169234478164,312.13301147803134,1432.8902804470022,40.7844816894642,177,0,None
300.2113768848787,309.143482792008,1675.249479253746,41.71756334867065,16,0,None
295.96599201485645,305.51473807093504,1553.1189724407757,44.618075867923615,94,0,None
299.3561380571755,310.42555185796067,1592.278163112029,56.612644483747204,88,0,None
301.7163229294748,312.0090500226667,1418.0647683680008,34.32378278938133,211,0,None
301.0084017684153,311.5563287759422,1473.2730007331452,41.472111956478834,9,0,None
304.45727670931666,313.9683708878819,1411.9722360538085,43.77294089623459,18,0,None
300.18447337417325,310.09929610476263,1366.8916992668896,52.22048143784612,188,0,None
295.4021542162507,305.6097312716702,1495.0717026101902,48.14639786393121,48,0,None
297.2366519545856,309.2249175902605,1317.05724859433,34.58773992253969,246,0,None
303.24955361162506,311.4003006715835,1430.8962360455046,37.66110540758434,9,0,None
297.00637646859485,305.71105911423086,1511.1805286387903,47.41114741640343,19,0,None
299.79841994267576,310.21348347534075,1157.5914073987196,33.35764499044845,54,0,None
296.5924418753247,306.85572923645617,1901.2876537827,53.025924439107015,32,0,None
299.1140971147205,309.62757918866174,1674.802954280881,49.54104008922651,40,0,None
303.54792710125076,314.2555889326734,1598.5660262260315,44.1421535297487,150,0,None
301.0723808225383,311.58543355447534,1389.428395197853,49.8437784114894,149,0,None
301.27704057342817,312.59571825719746,1233.308459989475,39.37098893321143,133,0,None
299.7767104888549,310.94735551095226,1370.9659978151017,34.73009136939494,128,0,None
298.2244095692406,307.6041260146147,1469.7216100490964,40.5465188556908,219,0,None
299.48834219983826,309.316836631978,1387.8366583992276,35.090701967415974,257,0,None
299.12817024580585,308.1547007675407,1427.4787244566485,27.798176442931265,229,0,None
303.1235793130001,312.77962262407317,1290.608887329386,29.259647104361154,92,0,None
299.08701887223026,308.97855886448264,1558.167007386493,39.00056022998593,171,0,None
300.77212336892455,311.3084067062832,1588.702826561153,34.30898330579895,128,0,None
298.0393716596757,307.8669628790602,1776.0460783898843,19.015374618210366,114,0,None
302.7184606490923,310.7825529315172,1529.736897493779,37.206539936700125,206,0,None
299.6124706883371,308.7263432919928,1580.6134985193635,30.24266135355662,210,0,None
302.57864100790476,312.7187223847496,1435.4741252482668,40.813376283906535,166,1,Overstrain Failure
299.08010130450594,308.64018738367685,1558.1028208301182,30.813941446212176,191,0,None
299.2684446016293,308.4175277100177,1364.5075761530475,41.22290071582747,104,0,None
299.3394792797078,308.8554753063701,1819.3509348751218,35.95063840644359,14,0,None
298.1737674806906,309.4749762613614,1711.6689014502576,43.70877420713643,221,0,None
299.7292691381753,309.956496347961,1489.0051901118838,45.156161815458496,190,0,None
299.1870603847861,307.466641115164,1226.4715479434128,45.436437873215624,164,0,None
302.82089635168313,313.1204736079818,1345.5168191126393,45.989184093335886,109,0,None
299.44357234674476,310.1143365326568,1312.2812848105416,48.104260948245404,79,0,None
299.33935848476455,310.2149428466321,1581.0089251853829,46.05915820180758,172,0,None
302.37098909970865,310.7329757528801,2003.3306627304355,19.01786126646173,196,0,None
299.3411002758645,307.74451179198996,1239.1601594771132,39.0357308642641,143,0,None
300.91091704764324,310.4777525735537,1792.1006655287788,35.491058579051035,58,0,None
299.85794597662107,308.0121443568694,1118.588542128873,40.76104905659557,14,0,None
299.01361123057075,308.79961929256865,1519.915324710375,11.704410088339184,43,0,None
297.05188268450166,306.9980075259796,1585.368172817542,51.33992563634056,222,0,None
302.1513574939581,312.58737665969613,1573.4167087752817,35.00907451005199,118,0,None
300.43136605859956,310.5153277273989,1595.2656199994929,42.040425822359765,217,0,None
298.68088454892353,307.78066075156187,1315.5686460392724,30.001106077238774,235,0,None
301.60807520683113,310.39268046550484,1641.6932483915089,38.1846373091914,128,0,None
298.7504439998171,310.3503326608079,1629.567774447226,41.41462223950099,44,0,None
298.8711147615536,309.01329037394055,1684.0768097365558,32.71408905872757,164,0,None
301.2516185325707,310.2603500051653,1673.466620407723,67.04005903254598,5,0,None
301.1474589753256,313.1254056072678,1552.3269932127562,44.195723727640264,45,0,None
297.5158223756371,309.8909080528898,1558.464633524548,42.261821306314886,141,0,None
299.3136526239085,310.0716334315306,1429.3863201793151,62.120440584824074,26,0,None
301.963054380474,311.2000319427499,1622.0627327787697,62.93017145417015,2,1,Heat Dissipation Failure
299.3887295480609,308.77365353444975,1309.194170511058,47.68161906232232,57,0,None
300.9821274751643,310.79310575863025,1354.0398886063479,51.16832969122831,193,0,None
300.7278401314834,310.5483139410555,1679.5766900521367,33.08112765582286,171,0,None
301.8365269045988,313.2960193302318,1532.2167837196582,54.23939112524732,190,0,None
298.14521993429963,307.6986114848044,1318.2727283568827,40.454165407172226,0,0,None
300.31750686162826,311.0367460053059,1351.8598472398942,38.572991697257294,2,0,None
299.72486060442805,307.7910527249869,1413.938481602973,37.805365084518066,76,0,None
297.94800084588843,307.71646343147535,1202.8024954843988,30.106582792215974,229,0,None
300.6237621041027,310.1756764842381,1633.584815710883,49.68578427382511,118,0,None
302.7662516168307,313.52013636140794,1271.853165101445,34.23062275111277,146,0,None
299.97133553498725,311.05221504598245,1359.9555177650836,26.639669222313746,88,0,None
299.2145373382473,311.2334498623516,1680.060957263478,48.613909835943794,97,0,None
300.4284462528794,311.7579542619756,1563.3144251522592,42.357285895512504,16,0,None
304.40529866032904,313.43581153200944,1457.0918309675963,33.313677427001466,259,0,None
300.1559649916855,308.75184262604336,1483.8246383374965,35.94482057117217,166,0,None
298.0485276904987,306.84054905635685,1316.6800620660338,38.86310417678854,154,0,None
300.8385872312937,308.7740264428803,1417.4403427615964,38.131759994434454,123,0,None
303.01477008399587,311.3577432374362,1366.4441435047386,31.795510660472047,84,0,None
300.90579703736114,311.59601360199605,1667.999725510684,41.11342356185353,163,0,None
301.21516107491993,310.9486999598249,1422.1807052615277,31.727167681550863,239,1,Overstrain Failure
301.83265842525356,313.4395334112997,1775.5085057970987,61.47339195367383,142,0,None
298.2118640906821,310.3069922390322,1512.9224166483536,38.65605090260512,198,0,None
302.015694821691,312.1617672960243,1514.8191484927186,42.91770240762891,247,0,None
301.22424781021516,311.37224996089714,1515.2486324453569,21.804584558447573,175,1,Power Failure
301.82379018736924,313.1421648903151,1505.9248044228939,22.21556060119585,97,0,None
298.87160547330967,308.94177850338923,1832.5552398183186,41.126463062645264,240,0,None
300.647416214154,311.20878835062416,1484.3397404742223,57.26324331462797,113,0,None
297.9882393449889,307.60568725738455,1647.2647712338717,33.662383960774996,204,0,None
298.24500544902344,307.80536781691967,1528.5034551160775,50.493234520868754,197,0,None
299.76146671597206,308.39514862806993,1320.483079611998,40.218613633789566,204,0,None
300.7593524686457,308.9432120846157,1890.1047633168143,31.564602092465456,27,0,None
299.7068079023468,311.34820686282865,1433.6582709486408,36.889519052152544,87,0,None
302.24278700591987,311.0076481754199,1517.3487100803454,42.69869274943436,223,0,None
296.6198241378669,306.5109033217862,1695.8947456508947,24.496038386484138,53,0,None
301.2679517515357,311.15206324583346,1392.8013784827351,58.18123646409752,214,0,None
300.22439792396233,309.09273319945333,1564.8860592074755,41.452517160878855,223,0,None
299.23504961675036,309.75855091033037,1500.1968208680578,35.96045278490226,123,0,None
300.959609053848,310.88058321750924,1581.5380933925328,43.00932272630182,225,0,None
300.75864994472414,310.831424486131,1309.6126190583345,33.26175597462233,3,0,None
299.6574640394605,309.177590296268,1461.0335866337346,55.25064727841397,127,0,None
301.44823165298055,312.18951478208373,1380.305506120912,22.622328346111797,162,0,None
301.1459107801992,310.56522728806533,1923.4626708918827,36.351829232918455,165,0,None
296.5510891571925,307.1181534733906,1562.171792012343,49.63714804216201,171,0,None
297.63458664788834,308.39989191122504,1659.9054187424472,23.27670049305527,63,0,None
300.04659348767916,311.694665611112,1246.4708187634697,29.664834782747683,38,0,None
301.00869244491923,309.929084032224,1407.9943085588434,46.33926016505406,193,0,None
303.50366902801073,312.7019438102009,1575.4848165757196,57.8092508649628,161,0,None
298.79675836983,307.6435010719711,1279.61050205238,58.466732856958,106,0,None
305.3297516801651,315.4764892076799,1814.118147505647,54.281622678218156,135,0,None
302.1577081582488,310.63085371991076,1453.452557088692,29.743518191137184,117,0,None
302.0656732957604,312.08988985772066,1693.6603245051886,32.40878750343436,258,0,None
305.87026760124013,316.2014704426626,1713.9739242023552,25.304586422043005,200,0,None
299.0874928246657,309.1377819564637,1192.9710945415804,43.93264796491527,3,0,None
302.01790351811263,311.9929507947877,1280.06413793704,31.214273834713318,231,0,None
299.2380795273983,308.7106125001655,1693.9466806115556,35.13791348604617,161,0,None
302.27273559628463,312.6706864137659,1384.8579244129155,39.53576528010944,231,0,None
299.3177424133146,308.8302532474295,1920.1539313960916,45.66118766909782,29,0,None
298.85802283034303,310.2819771752097,1659.2913016960163,33.478536256602396,163,0,None
302.39773011500944,312.17991573963917,1229.743450892047,25.68883242562169,38,0,None
301.8763051221742,310.399152370641,1187.1038081119746,30.159645229971588,156,0,None
301.36742152000033,312.083187394973,1611.0309355669597,42.122721570322646,154,0,None
299.8091158413684,311.0728923505547,1179.584411001612,37.180807296673166,166,0,None
300.56875744853625,310.3313345508889,1208.6232203389764,45.039180175850206,163,0,None
295.8082803956592,307.39673479339996,1615.0188028804523,36.10411002798035,253,0,None
302.87719032333814,314.14437061656554,1431.188098411163,38.40182859365967,223,0,None
297.3622192733694,306.1869523007684,1512.9757168391636,47.39091283102649,98,0,None
300.8413009228998,310.43875317585406,1362.613672450728,49.169799469696734,206,0,None
299.671358380749,309.0977680700285,1307.1175630850107,35.50895903698368,122,0,None
301.1501352628904,311.75768978562303,1386.7959169701448,33.02813058073994,18,0,None
300.29705367992403,310.7098921832805,1787.0415737827059,47.00826722865705,202,0,None
300.816271309336,311.7403146751141,1424.6544337880587,43.300751540697334,206,0,None
300.30383685837126,311.6515167623079,1394.5143572492864,23.942941389044968,256,0,None
297.61377772731163,307.92626200343824,1532.1494327743803,27.640006424076763,118,0,None
297.70462999270376,308.1813104152729,1451.6028347570966,28.33255959005964,71,0,None
301.95154374086627,312.0926051150005,1488.4265169172124,22.326134441070835,256,0,None
299.3770613700029,309.2093558665654,1190.565143576498,37.70316751751387,31,0,None
302.2187530781509,311.79536058013304,1784.5145206398333,34.01570571215511,177,0,None
298.97454190743906,309.2134217621765,1483.5126593912223,30.7477136118283,202,0,None
296.58019127546055,306.9939131173011,1459.5987971417528,59.273745301955074,74,0,None
298.52962962517176,308.20680966424766,1535.179249619768,33.85371705491069,58,0,None
296.7253603578733,306.4143241048791,1512.5253821122076,40.51937746743661,191,0,None
299.2873179048997,309.4600759808655,1445.594711816469,60.50964493332729,140,0,None
298.2391939866123,308.9440653552148,1197.6423096738863,28.64555958625416,207,0,None
299.52679319405854,310.85402918365963,1740.2763211052638,32.242698096599426,219,0,None
299.6016945196944,309.6541127190264,1526.4463985472157,46.307869001221896,248,0,None
301.73382027319025,313.0676192301308,1819.9323738836567,44.753755937629556,48,0,None
298.8764430007844,309.78226221458954,1356.258575436262,37.17291555235557,84,0,None
299.9967612453353,310.6696852594387,1368.469949922345,40.95477469894407,82,0,None
301.9627843451775,311.0099193195198,1554.3390525495006,33.831912993932335,79,0,None
302.6483081508132,311.3357148591276,1598.1985801483536,47.72297430861359,103,0,None
301.8475656124823,311.3819365870903,1802.3072869134796,34.25561566927204,149,0,None
303.81544018248456,313.1717770356035,1519.367689274721,26.774854185443502,212,0,None
299.8511974074615,309.53286498916805,1587.228303815712,43.311928627047905,256,0,None
301.6489110078081,311.0437097357077,1523.7938907856674,37.149307642539924,150,0,None
302.13160406735045,312.2390766757656,1219.9623810261614,43.991528449182105,176,0,None
301.549188826518,313.45312717210953,1865.3455565854956,33.00206075375057,238,0,None
298.35149998979114,310.22831486917437,1315.6220620503234,26.197334646932312,185,0,None
300.6924363846755,311.10250554920947,2081.60035551786,36.16507431001693,223,0,None
299.264197852888,308.87798317257256,1725.3959031331688,25.853288001191746,110,0,None
299.450864343234,307.8378207612883,1359.8782701232885,38.17795585049943,194,0,None
298.01956725977044,307.17367223072046,1538.9827952486958,25.212087621376554,138,0,None
302.3237508298655,310.3091054228868,1282.8582658984794,36.18611804813462,19,0,None
295.87566572397367,304.19942133052774,1482.7362795671077,39.94037889666438,224,0,None
302.6761747214498,311.2164665154326,1530.7299583476633,44.1277316617119,98,1,Overstrain Failure
300.8612419917166,311.4041147774109,1328.5056344124719,50.86867832780257,128,0,None
298.10991385876866,307.06623457568946,1381.6229679907096,31.40834816931089,84,0,None
298.05081373327357,306.8174937163552,1300.5166285412386,32.956272746863725,47,0,None
302.81776323427033,311.61785077017964,1430.3731240315076,46.435244155603485,176,0,None
297.98569670795365,308.0680496611046,1827.161149211273,36.650225624981445,199,0,None
298.5563481995638,308.3145383959021,1391.3262502028122,28.571954201288936,243,0,None
301.413821035911,313.2723964211053,1658.3551368405856,63.793066438982486,220,0,None
300.06115001528275,310.1220487646229,1290.6585173115561,41.535749831659395,170,0,None
300.38754675874327,311.65846512796753,1524.844379879916,26.542120523983645,57,0,None
